script,line,option,aliases,default,paper_facing,diagnostic,legacy,duplicated,silent_override_risk,future_config_group
experiments/diagnostics/analyze_fig9_actual_branch_provenance.py,479,run_dir,run_dir,,False,True,False,True,LOW,DiagnosticConfig
experiments/diagnostics/analyze_fig9_actual_branch_provenance.py,480,--output-dir,--output-dir,,False,True,False,True,LOW,DiagnosticConfig
experiments/diagnostics/analyze_fig9_actual_branch_provenance.py,481,--compare-run-dir,--compare-run-dir,,False,True,False,False,LOW,DiagnosticConfig
experiments/diagnostics/analyze_fig9_autonomous_context_provenance.py,415,--input,--input,,False,True,False,False,LOW,DiagnosticConfig
experiments/diagnostics/analyze_fig9_autonomous_context_provenance.py,416,--label,--label,[],False,True,False,False,LOW,DiagnosticConfig
experiments/diagnostics/analyze_fig9_autonomous_context_provenance.py,417,--output,--output,,False,True,False,True,LOW,DiagnosticConfig
experiments/diagnostics/analyze_fig9_branch_identity.py,385,run_dirs,run_dirs,,False,True,False,False,LOW,DiagnosticConfig
experiments/diagnostics/analyze_fig9_branch_identity.py,386,--output-dir,--output-dir,,False,True,False,True,LOW,DiagnosticConfig
experiments/diagnostics/analyze_fig9_branch_provenance.py,575,--run-dir,--run-dir,,False,True,False,True,LOW,DiagnosticConfig
experiments/diagnostics/analyze_fig9_branch_provenance.py,576,--output-dir,--output-dir,,False,True,False,True,LOW,DiagnosticConfig
experiments/diagnostics/analyze_fig9_branch_provenance.py,577,--policy-label,--policy-label,,False,True,False,True,LOW,DiagnosticConfig
experiments/diagnostics/analyze_fig9_branch_provenance.py,578,--bootstrap-samples,--bootstrap-samples,1000,False,True,False,True,LOW,DiagnosticConfig
experiments/diagnostics/analyze_fig9_branch_provenance.py,579,--bootstrap-seed,--bootstrap-seed,0,False,True,False,True,LOW,DiagnosticConfig
experiments/diagnostics/analyze_fig9_candidate_score_separability.py,1584,--sequential-dir,--sequential-dir,'',False,True,False,False,LOW,DiagnosticConfig
experiments/diagnostics/analyze_fig9_candidate_score_separability.py,1585,--batched-dir,--batched-dir,'',False,True,False,False,LOW,DiagnosticConfig
experiments/diagnostics/analyze_fig9_candidate_score_separability.py,1586,--competition-trace,--competition-trace,'',False,True,False,False,LOW,DiagnosticConfig
experiments/diagnostics/analyze_fig9_candidate_score_separability.py,1587,--oracle-trace,--oracle-trace,'',False,True,False,False,LOW,DiagnosticConfig
experiments/diagnostics/analyze_fig9_candidate_score_separability.py,1588,--predictions,--predictions,'',False,True,False,False,LOW,DiagnosticConfig
experiments/diagnostics/analyze_fig9_candidate_score_separability.py,1589,--protocol,--protocol,'',False,True,False,False,LOW,DiagnosticConfig
experiments/diagnostics/analyze_fig9_candidate_score_separability.py,1590,--candidate-trace,--candidate-trace,'',False,True,False,False,LOW,DiagnosticConfig
experiments/diagnostics/analyze_fig9_candidate_score_separability.py,1591,--policy-label,--policy-label,'',False,True,False,True,LOW,DiagnosticConfig
experiments/diagnostics/analyze_fig9_candidate_score_separability.py,1592,--output-dir,--output-dir,,False,True,False,True,LOW,DiagnosticConfig
experiments/diagnostics/analyze_fig9_candidate_score_separability.py,1593,--bootstrap-samples,--bootstrap-samples,1000,False,True,False,True,LOW,DiagnosticConfig
experiments/diagnostics/analyze_fig9_candidate_score_separability.py,1594,--bootstrap-seed,--bootstrap-seed,0,False,True,False,True,LOW,DiagnosticConfig
experiments/diagnostics/analyze_fig9_context_oracle.py,623,--l2-dir,--l2-dir,,False,True,False,True,LOW,DiagnosticConfig
experiments/diagnostics/analyze_fig9_context_oracle.py,624,--l4-dir,--l4-dir,,False,True,False,True,LOW,DiagnosticConfig
experiments/diagnostics/analyze_fig9_context_oracle.py,625,--output-dir,--output-dir,,False,True,False,True,LOW,DiagnosticConfig
experiments/diagnostics/analyze_fig9_context_oracle.py,626,--mechanism-dir,--mechanism-dir,None,False,True,False,False,LOW,DiagnosticConfig
experiments/diagnostics/analyze_fig9_context_trajectory_decomposition.py,479,--run-dir,--run-dir,,False,True,False,True,LOW,DiagnosticConfig
experiments/diagnostics/analyze_fig9_context_trajectory_decomposition.py,480,--output-dir,--output-dir,,False,True,False,True,LOW,DiagnosticConfig
experiments/diagnostics/analyze_fig9_context_trajectory_decomposition.py,481,--bootstrap-samples,--bootstrap-samples,1000,False,True,False,True,LOW,DiagnosticConfig
experiments/diagnostics/analyze_fig9_context_trajectory_decomposition.py,482,--bootstrap-seed,--bootstrap-seed,0,False,True,False,True,LOW,DiagnosticConfig
experiments/diagnostics/analyze_fig9_independent_reference_provenance.py,81,run_dir,run_dir,,False,True,False,True,LOW,DiagnosticConfig
experiments/diagnostics/analyze_fig9_independent_reference_provenance.py,82,--output-dir,--output-dir,None,False,True,False,True,LOW,DiagnosticConfig
experiments/diagnostics/analyze_fig9_intracolumn_selector.py,447,--run-dir,--run-dir,,False,True,False,True,LOW,DiagnosticConfig
experiments/diagnostics/analyze_fig9_intracolumn_selector.py,448,--baseline-dir,--baseline-dir,,False,True,False,False,LOW,DiagnosticConfig
experiments/diagnostics/analyze_fig9_intracolumn_selector.py,449,--output-dir,--output-dir,,False,True,False,True,LOW,DiagnosticConfig
experiments/diagnostics/analyze_fig9_intracolumn_selector.py,450,--policy-label,--policy-label,,False,True,False,True,LOW,DiagnosticConfig
experiments/diagnostics/analyze_fig9_intracolumn_selector.py,451,--bootstrap-samples,--bootstrap-samples,1000,False,True,False,True,LOW,DiagnosticConfig
experiments/diagnostics/analyze_fig9_intracolumn_selector.py,452,--bootstrap-seed,--bootstrap-seed,0,False,True,False,True,LOW,DiagnosticConfig
experiments/diagnostics/analyze_fig9_l2_ambiguity_accumulation.py,806,--l2-dir,--l2-dir,,False,True,False,True,LOW,DiagnosticConfig
experiments/diagnostics/analyze_fig9_l2_ambiguity_accumulation.py,807,--l4-dir,--l4-dir,,False,True,False,True,LOW,DiagnosticConfig
experiments/diagnostics/analyze_fig9_l2_ambiguity_accumulation.py,808,--output-dir,--output-dir,,False,True,False,True,LOW,DiagnosticConfig
experiments/diagnostics/analyze_fig9_l2_ambiguity_accumulation.py,809,--bootstrap-samples,--bootstrap-samples,2000,False,True,False,True,LOW,DiagnosticConfig
experiments/diagnostics/analyze_fig9_l2_ambiguity_accumulation.py,810,--bootstrap-seed,--bootstrap-seed,11,False,True,False,True,LOW,DiagnosticConfig
experiments/diagnostics/analyze_fig9_l2_l4_long_sequence.py,617,--run-dir-l2,--run-dir-l2,,False,True,False,True,LOW,DiagnosticConfig
experiments/diagnostics/analyze_fig9_l2_l4_long_sequence.py,618,--run-dir-l4,--run-dir-l4,,False,True,False,True,LOW,DiagnosticConfig
experiments/diagnostics/analyze_fig9_l2_l4_long_sequence.py,619,--output-dir,--output-dir,,False,True,False,True,LOW,DiagnosticConfig
experiments/diagnostics/analyze_fig9_l2_l4_long_sequence.py,620,--bootstrap-samples,--bootstrap-samples,1000,False,True,False,True,LOW,DiagnosticConfig
experiments/diagnostics/analyze_fig9_l2_l4_long_sequence.py,621,--bootstrap-seed,--bootstrap-seed,0,False,True,False,True,LOW,DiagnosticConfig
experiments/diagnostics/analyze_fig9_l2_stack_component_2x2.py,328,--output-dir,--output-dir,,False,True,False,True,LOW,DiagnosticConfig
experiments/diagnostics/analyze_fig9_l2_stack_component_2x2.py,329,--protocol-dir,--protocol-dir,Path('docs'),False,True,False,False,LOW,DiagnosticConfig
experiments/diagnostics/analyze_fig9_l2_stack_component_2x2.py,330,--run,--run,[],False,True,False,True,LOW,DiagnosticConfig
experiments/diagnostics/analyze_fig9_l2_stack_component_2x2.py,331,--compare-run,--compare-run,[],False,True,False,False,LOW,DiagnosticConfig
experiments/diagnostics/analyze_fig9_lmatch_ablation.py,678,--run-dir-l4,--run-dir-l4,,False,True,False,True,LOW,DiagnosticConfig
experiments/diagnostics/analyze_fig9_lmatch_ablation.py,679,--run-dir-l3,--run-dir-l3,,False,True,False,False,LOW,DiagnosticConfig
experiments/diagnostics/analyze_fig9_lmatch_ablation.py,680,--run-dir-l2,--run-dir-l2,,False,True,False,True,LOW,DiagnosticConfig
experiments/diagnostics/analyze_fig9_lmatch_ablation.py,681,--output-dir,--output-dir,,False,True,False,True,LOW,DiagnosticConfig
experiments/diagnostics/analyze_fig9_lmatch_ablation.py,682,--bootstrap-samples,--bootstrap-samples,1000,False,True,False,True,LOW,DiagnosticConfig
experiments/diagnostics/analyze_fig9_lmatch_ablation.py,683,--bootstrap-seed,--bootstrap-seed,0,False,True,False,True,LOW,DiagnosticConfig
experiments/diagnostics/analyze_fig9_lmatch_stack_2x2.py,817,--output-dir,--output-dir,,False,True,False,True,LOW,DiagnosticConfig
experiments/diagnostics/analyze_fig9_lmatch_stack_2x2.py,818,--inventory-root,--inventory-root,Path('results/fig9_diagnostics'),False,True,False,False,LOW,DiagnosticConfig
experiments/diagnostics/analyze_fig9_lmatch_stack_2x2.py,819,--docs-dir,--docs-dir,Path('docs'),False,True,False,False,LOW,DiagnosticConfig
experiments/diagnostics/analyze_fig9_lmatch_stack_2x2.py,820,--run,--run,[],False,True,False,True,LOW,DiagnosticConfig
experiments/diagnostics/analyze_fig9_lmatch_stack_2x2.py,821,--native-history,--native-history,[],False,True,False,False,LOW,DiagnosticConfig
experiments/diagnostics/analyze_fig9_match_overlap_decomposition.py,1792,--run-dir,--run-dir,,False,True,False,True,LOW,DiagnosticConfig
experiments/diagnostics/analyze_fig9_match_overlap_decomposition.py,1793,--output-dir,--output-dir,,False,True,False,True,LOW,DiagnosticConfig
experiments/diagnostics/analyze_fig9_match_overlap_decomposition.py,1794,--bootstrap-samples,--bootstrap-samples,1000,False,True,False,True,LOW,DiagnosticConfig
experiments/diagnostics/analyze_fig9_match_overlap_decomposition.py,1795,--bootstrap-seed,--bootstrap-seed,0,False,True,False,True,LOW,DiagnosticConfig
experiments/diagnostics/analyze_fig9_match_overlap_decomposition.py,1796,--fixed-only,--fixed-only,,False,True,False,False,LOW,DiagnosticConfig
experiments/diagnostics/analyze_fig9_observe_scenario_assignment.py,455,--observation-trace,--observation-trace,,False,True,False,False,LOW,DiagnosticConfig
experiments/diagnostics/analyze_fig9_observe_scenario_assignment.py,456,--output-dir,--output-dir,,False,True,False,True,LOW,DiagnosticConfig
experiments/diagnostics/analyze_fig9_observe_scenario_assignment.py,457,--bootstrap-samples,--bootstrap-samples,1000,False,True,False,True,LOW,DiagnosticConfig
experiments/diagnostics/analyze_fig9_observe_scenario_assignment.py,458,--bootstrap-seed,--bootstrap-seed,0,False,True,False,True,LOW,DiagnosticConfig
experiments/diagnostics/analyze_fig9_observe_scenario_reasons.py,15,--run-dir,--run-dir,,False,True,False,True,LOW,DiagnosticConfig
experiments/diagnostics/analyze_fig9_observe_scenario_reasons.py,16,--output-dir,--output-dir,,False,True,False,True,LOW,DiagnosticConfig
experiments/diagnostics/analyze_fig9_observe_scenario_reasons.py,17,--bootstrap-samples,--bootstrap-samples,1000,False,True,False,True,LOW,DiagnosticConfig
experiments/diagnostics/analyze_fig9_observe_scenario_reasons.py,18,--bootstrap-seed,--bootstrap-seed,0,False,True,False,True,LOW,DiagnosticConfig
experiments/diagnostics/analyze_fig9_pairwise_context.py,1212,--l2-dir,--l2-dir,,False,True,False,True,LOW,DiagnosticConfig
experiments/diagnostics/analyze_fig9_pairwise_context.py,1213,--l4-dir,--l4-dir,,False,True,False,True,LOW,DiagnosticConfig
experiments/diagnostics/analyze_fig9_pairwise_context.py,1214,--output-dir,--output-dir,,False,True,False,True,LOW,DiagnosticConfig
experiments/diagnostics/analyze_fig9_preselection_segments.py,659,--run-dir,--run-dir,,False,True,False,True,LOW,DiagnosticConfig
experiments/diagnostics/analyze_fig9_preselection_segments.py,660,--output-dir,--output-dir,,False,True,False,True,LOW,DiagnosticConfig
experiments/diagnostics/analyze_fig9_preselection_segments.py,661,--policy-label,--policy-label,,False,True,False,True,LOW,DiagnosticConfig
experiments/diagnostics/analyze_fig9_preselection_segments.py,662,--bootstrap-samples,--bootstrap-samples,1000,False,True,False,True,LOW,DiagnosticConfig
experiments/diagnostics/analyze_fig9_preselection_segments.py,663,--bootstrap-seed,--bootstrap-seed,0,False,True,False,True,LOW,DiagnosticConfig
experiments/diagnostics/analyze_fig9_readout_dynamics.py,999,--output-root,--output-root,,False,True,False,False,LOW,DiagnosticConfig
experiments/diagnostics/analyze_fig9_readout_dynamics.py,1004,--validation-note,--validation-note,'',False,True,False,False,LOW,DiagnosticConfig
experiments/diagnostics/analyze_fig9_readout_dynamics.py,1005,--recommended-next-step,--recommended-next-step,'',False,True,False,False,LOW,DiagnosticConfig
experiments/diagnostics/analyze_fig9_reference_neuron_selection.py,1202,--run-dir,--run-dir,,False,True,False,True,LOW,DiagnosticConfig
experiments/diagnostics/analyze_fig9_reference_neuron_selection.py,1203,--identity-dir,--identity-dir,,False,True,False,False,LOW,DiagnosticConfig
experiments/diagnostics/analyze_fig9_reference_neuron_selection.py,1204,--output-dir,--output-dir,,False,True,False,True,LOW,DiagnosticConfig
experiments/diagnostics/analyze_fig9_reference_neuron_selection.py,1205,--bootstrap-samples,--bootstrap-samples,1000,False,True,False,True,LOW,DiagnosticConfig
experiments/diagnostics/analyze_fig9_reference_neuron_selection.py,1206,--bootstrap-seed,--bootstrap-seed,0,False,True,False,True,LOW,DiagnosticConfig
experiments/diagnostics/analyze_fig9_scenario_aware_identity.py,248,--run-dir,--run-dir,,False,True,False,True,LOW,DiagnosticConfig
experiments/diagnostics/analyze_fig9_scenario_aware_identity.py,249,--output-dir,--output-dir,,False,True,False,True,LOW,DiagnosticConfig
experiments/diagnostics/analyze_fig9_scenario_aware_identity.py,250,--policy-label,--policy-label,'batched',False,True,False,True,LOW,DiagnosticConfig
experiments/diagnostics/analyze_fig9_scenario_aware_identity.py,251,--bootstrap-samples,--bootstrap-samples,1000,False,True,False,True,LOW,DiagnosticConfig
experiments/diagnostics/analyze_fig9_scenario_aware_identity.py,252,--bootstrap-seed,--bootstrap-seed,0,False,True,False,True,LOW,DiagnosticConfig
experiments/diagnostics/analyze_fig9_segment_context_composition.py,386,--run-dir,--run-dir,,False,True,False,True,LOW,DiagnosticConfig
experiments/diagnostics/analyze_fig9_segment_context_composition.py,387,--output-dir,--output-dir,None,False,True,False,True,LOW,DiagnosticConfig
experiments/diagnostics/analyze_fig9_teacher_forced_identity.py,1100,--run-dir,--run-dir,,False,True,False,True,LOW,DiagnosticConfig
experiments/diagnostics/analyze_fig9_teacher_forced_identity.py,1101,--output-dir,--output-dir,,False,True,False,True,LOW,DiagnosticConfig
experiments/diagnostics/analyze_fig9_teacher_forced_identity.py,1102,--policy-label,--policy-label,,False,True,False,True,LOW,DiagnosticConfig
experiments/diagnostics/analyze_fig9_teacher_forced_identity.py,1103,--bootstrap-samples,--bootstrap-samples,1000,False,True,False,True,LOW,DiagnosticConfig
experiments/diagnostics/analyze_fig9_teacher_forced_identity.py,1104,--bootstrap-seed,--bootstrap-seed,0,False,True,False,True,LOW,DiagnosticConfig
experiments/diagnostics/analyze_fig9_temporal_context.py,606,--l2-dir,--l2-dir,,False,True,False,True,LOW,DiagnosticConfig
experiments/diagnostics/analyze_fig9_temporal_context.py,607,--l4-dir,--l4-dir,,False,True,False,True,LOW,DiagnosticConfig
experiments/diagnostics/analyze_fig9_temporal_context.py,608,--output-dir,--output-dir,,False,True,False,True,LOW,DiagnosticConfig
experiments/diagnostics/analyze_fig9_temporal_context.py,609,--on-dir,--on-dir,,False,True,False,False,LOW,DiagnosticConfig
experiments/diagnostics/analyze_fig9_temporal_context.py,610,--off-dir,--off-dir,,False,True,False,False,LOW,DiagnosticConfig
experiments/diagnostics/analyze_fig9_temporal_context.py,611,--analyze-only,--analyze-only,,False,True,False,False,LOW,DiagnosticConfig
experiments/diagnostics/analyze_fig9_timing_eligibility_decomposition.py,617,--run-dir,--run-dir,,False,True,False,True,LOW,DiagnosticConfig
experiments/diagnostics/analyze_fig9_timing_eligibility_decomposition.py,618,--output-dir,--output-dir,,False,True,False,True,LOW,DiagnosticConfig
experiments/diagnostics/analyze_fig9_timing_eligibility_decomposition.py,619,--bootstrap-samples,--bootstrap-samples,1000,False,True,False,True,LOW,DiagnosticConfig
experiments/diagnostics/analyze_fig9_timing_eligibility_decomposition.py,620,--bootstrap-seed,--bootstrap-seed,0,False,True,False,True,LOW,DiagnosticConfig
experiments/diagnostics/analyze_fig9_wrong_segment_reinforcement.py,478,--l2-run,--l2-run,,False,True,False,False,LOW,DiagnosticConfig
experiments/diagnostics/analyze_fig9_wrong_segment_reinforcement.py,479,--l4-run,--l4-run,,False,True,False,False,LOW,DiagnosticConfig
experiments/diagnostics/analyze_fig9_wrong_segment_reinforcement.py,480,--output-dir,--output-dir,,False,True,False,True,LOW,DiagnosticConfig
experiments/diagnostics/analyze_fig9_wrong_segment_reinforcement.py,481,--bootstrap-samples,--bootstrap-samples,1000,False,True,False,True,LOW,DiagnosticConfig
experiments/diagnostics/analyze_fig9_wrong_segment_reinforcement.py,482,--bootstrap-seed,--bootstrap-seed,0,False,True,False,True,LOW,DiagnosticConfig
experiments/diagnostics/assemble_fig9_resumed_diagnostics.py,206,--before-run,--before-run,,False,True,False,False,LOW,DiagnosticConfig
experiments/diagnostics/assemble_fig9_resumed_diagnostics.py,207,--resumed-run,--resumed-run,,False,True,False,False,LOW,DiagnosticConfig
experiments/diagnostics/assemble_fig9_resumed_diagnostics.py,208,--resume-index,--resume-index,,False,True,False,False,LOW,DiagnosticConfig
experiments/diagnostics/assemble_fig9_resumed_diagnostics.py,209,--formal-start-index,--formal-start-index,200,False,True,False,False,LOW,DiagnosticConfig
experiments/diagnostics/assemble_fig9_resumed_diagnostics.py,210,--formal-end-index,--formal-end-index,245,False,True,False,False,LOW,DiagnosticConfig
experiments/diagnostics/assemble_fig9_resumed_diagnostics.py,211,--output-dir,--output-dir,,False,True,False,True,LOW,DiagnosticConfig
experiments/diagnostics/audit_fig9_paper_code_parity.py,624,--output-dir,--output-dir,'',False,True,False,True,LOW,DiagnosticConfig
experiments/diagnostics/benchmark_real_timeseries.py,300,--dataset,--dataset,,False,True,False,True,LOW,DiagnosticConfig
experiments/diagnostics/benchmark_real_timeseries.py,301,--data,--data,,False,True,False,True,LOW,DiagnosticConfig
experiments/diagnostics/benchmark_real_timeseries.py,302,--horizon,--horizon,1,False,True,False,True,LOW,DiagnosticConfig
experiments/diagnostics/benchmark_real_timeseries.py,303,--lookback,--lookback,24,False,True,False,False,LOW,DiagnosticConfig
experiments/diagnostics/benchmark_real_timeseries.py,304,--train-ratio,--train-ratio,0.7,False,True,False,False,LOW,DiagnosticConfig
experiments/diagnostics/benchmark_real_timeseries.py,305,--test-size,--test-size,3000,False,True,False,True,LOW,DiagnosticConfig
experiments/diagnostics/benchmark_real_timeseries.py,306,--train-stride,--train-stride,1,False,True,False,False,LOW,DiagnosticConfig
experiments/diagnostics/benchmark_real_timeseries.py,307,--bins,--bins,16,False,True,False,False,LOW,DiagnosticConfig
experiments/diagnostics/benchmark_real_timeseries.py,308,--max-features,--max-features,8,False,True,False,True,LOW,DiagnosticConfig
experiments/diagnostics/benchmark_real_timeseries.py,309,--target-weight,--target-weight,4,False,True,False,False,LOW,DiagnosticConfig
experiments/diagnostics/benchmark_real_timeseries.py,310,--num-columns,--num-columns,1024,False,True,False,True,LOW,DiagnosticConfig
experiments/diagnostics/benchmark_real_timeseries.py,311,--k,--k,3,False,True,False,True,LOW,DiagnosticConfig
experiments/diagnostics/benchmark_real_timeseries.py,312,--neighbors,--neighbors,10,False,True,False,False,LOW,DiagnosticConfig
experiments/diagnostics/benchmark_real_timeseries.py,313,--min-overlap,--min-overlap,8,False,True,False,False,LOW,DiagnosticConfig
experiments/diagnostics/benchmark_real_timeseries.py,314,--seed,--seed,42,False,True,False,True,LOW,DiagnosticConfig
experiments/diagnostics/build_fig9_lmatch_stack_500_report.py,308,--analysis-dir,--analysis-dir,,False,True,False,False,LOW,DiagnosticConfig
experiments/diagnostics/build_fig9_lmatch_stack_500_report.py,309,--component-analysis-dir,--component-analysis-dir,,False,True,False,False,LOW,DiagnosticConfig
experiments/diagnostics/build_fig9_lmatch_stack_500_report.py,310,--output-dir,--output-dir,,False,True,False,True,LOW,DiagnosticConfig
experiments/diagnostics/compare_fig9_competition_policies.py,348,--sequential-trace,--sequential-trace,,False,True,False,False,LOW,DiagnosticConfig
experiments/diagnostics/compare_fig9_competition_policies.py,349,--batched-trace,--batched-trace,,False,True,False,False,LOW,DiagnosticConfig
experiments/diagnostics/compare_fig9_competition_policies.py,350,--sequential-summary,--sequential-summary,'',False,True,False,False,LOW,DiagnosticConfig
experiments/diagnostics/compare_fig9_competition_policies.py,351,--batched-summary,--batched-summary,'',False,True,False,False,LOW,DiagnosticConfig
experiments/diagnostics/compare_fig9_competition_policies.py,352,--output-dir,--output-dir,,False,True,False,True,LOW,DiagnosticConfig
experiments/diagnostics/etth1_paper_snn.py,225,--data,--data,'data/ETTh1.csv',False,True,False,True,LOW,DiagnosticConfig
experiments/diagnostics/etth1_paper_snn.py,226,--horizon,--horizon,1,False,True,False,True,LOW,DiagnosticConfig
experiments/diagnostics/etth1_paper_snn.py,227,--warmup-ratio,--warmup-ratio,0.7,False,True,False,True,LOW,DiagnosticConfig
experiments/diagnostics/etth1_paper_snn.py,228,--warmup,--warmup,0,False,True,False,True,LOW,DiagnosticConfig
experiments/diagnostics/etth1_paper_snn.py,229,--test-size,--test-size,2000,False,True,False,True,LOW,DiagnosticConfig
experiments/diagnostics/etth1_paper_snn.py,230,--value-min,--value-min,,False,True,False,True,LOW,DiagnosticConfig
experiments/diagnostics/etth1_paper_snn.py,231,--value-max,--value-max,,False,True,False,True,LOW,DiagnosticConfig
experiments/diagnostics/etth1_paper_snn.py,232,--report-every,--report-every,1000,False,True,False,True,LOW,DiagnosticConfig
experiments/diagnostics/etth1_paper_snn.py,233,--output-csv,--output-csv,'',False,True,False,True,LOW,DiagnosticConfig
experiments/diagnostics/etth1_paper_snn.py,234,--output-plot,--output-plot,'',False,True,False,True,LOW,DiagnosticConfig
experiments/diagnostics/fig7_context_audit.py,25,--task,--task,'multiple-4',False,True,False,True,LOW,DiagnosticConfig
experiments/diagnostics/fig7_context_audit.py,26,--elements,--elements,6000,False,True,False,True,LOW,DiagnosticConfig
experiments/diagnostics/fig7_context_audit.py,27,--seed,--seed,7,False,True,False,True,LOW,DiagnosticConfig
experiments/diagnostics/fig7_nonpaper_baselines.py,459,--task,--task,'single',False,True,False,True,LOW,DiagnosticConfig
experiments/diagnostics/fig7_nonpaper_baselines.py,460,--models,--models,"['snn', 'htm', 'tdnn', 'lstm', 'elm']",False,True,False,False,LOW,DiagnosticConfig
experiments/diagnostics/fig7_nonpaper_baselines.py,461,--trials,--trials,10,False,True,False,True,LOW,DiagnosticConfig
experiments/diagnostics/fig7_nonpaper_baselines.py,462,--seed,--seed,200,False,True,False,True,LOW,DiagnosticConfig
experiments/diagnostics/fig7_nonpaper_baselines.py,463,--max-elements,--max-elements,20000,False,True,False,True,LOW,DiagnosticConfig
experiments/diagnostics/fig7_nonpaper_baselines.py,464,--context-length,--context-length,7,False,True,False,False,LOW,DiagnosticConfig
experiments/diagnostics/fig7_nonpaper_baselines.py,465,--modify-after-elements,--modify-after-elements,10000,False,True,False,True,LOW,DiagnosticConfig
experiments/diagnostics/fig7_nonpaper_baselines.py,466,--report-every,--report-every,250,False,True,False,True,LOW,DiagnosticConfig
experiments/diagnostics/fig7_nonpaper_baselines.py,467,--output-dir,--output-dir,'results/diagnostics/fig7_nonpaper_baselines',False,True,False,True,LOW,DiagnosticConfig
experiments/diagnostics/fig7_prediction_trace.py,20,--elements,--elements,3000,False,True,False,True,LOW,DiagnosticConfig
experiments/diagnostics/fig7_prediction_trace.py,21,--seed,--seed,7,False,True,False,True,LOW,DiagnosticConfig
experiments/diagnostics/fig8_branch_coherence.py,447,--data,--data,'data/CBTest/data/cbt_train.txt',False,True,False,True,LOW,DiagnosticConfig
experiments/diagnostics/fig8_branch_coherence.py,448,--num-sentences,--num-sentences,,False,True,False,True,LOW,DiagnosticConfig
experiments/diagnostics/fig8_branch_coherence.py,449,--seed,--seed,11,False,True,False,True,LOW,DiagnosticConfig
experiments/diagnostics/fig8_branch_coherence.py,450,--output-dir,--output-dir,,False,True,False,True,LOW,DiagnosticConfig
experiments/diagnostics/fig8_branch_coherence.py,451,--neural-selection,--neural-selection,"('raw',)",False,True,False,False,LOW,DiagnosticConfig
experiments/diagnostics/fig8_branch_coherence.py,457,--beam-widths,--beam-widths,"(4,)",False,True,False,False,LOW,DiagnosticConfig
experiments/diagnostics/fig8_branch_coherence.py,458,--lambda-coherence,--lambda-coherence,"(0.5,)",False,True,False,False,LOW,DiagnosticConfig
experiments/diagnostics/fig8_branch_coherence.py,461,--lambda-support,--lambda-support,0.0,False,True,False,False,LOW,DiagnosticConfig
experiments/diagnostics/fig8_branch_coherence.py,462,--summary-only,--summary-only,,False,True,False,False,LOW,DiagnosticConfig
experiments/diagnostics/fig8_branch_coherence.py,467,--burst-analysis,--burst-analysis,'all',False,True,False,False,LOW,DiagnosticConfig
experiments/diagnostics/fig8_false_positive_ablation.py,34,--data,--data,'data/CBTest/data/cbt_train.txt',False,True,False,True,LOW,DiagnosticConfig
experiments/diagnostics/fig8_false_positive_ablation.py,35,--num-sentences,--num-sentences,,False,True,False,True,LOW,DiagnosticConfig
experiments/diagnostics/fig8_false_positive_ablation.py,36,--response-scale,--response-scale,'normalized',False,True,False,True,LOW,DiagnosticConfig
experiments/diagnostics/fig8_false_positive_ablation.py,37,--neural-propagations,--neural-propagations,"('raw', 'eventwise-inhibited')",False,True,False,False,LOW,DiagnosticConfig
experiments/diagnostics/fig8_false_positive_ablation.py,43,--seed,--seed,11,False,True,False,True,LOW,DiagnosticConfig
experiments/diagnostics/fig8_false_positive_ablation.py,44,--output-dir,--output-dir,,False,True,False,True,LOW,DiagnosticConfig
experiments/diagnostics/fig8_false_positive_ablation.py,45,--details-sample-sentences,--details-sample-sentences,20,False,True,False,True,LOW,DiagnosticConfig
experiments/diagnostics/fig8_false_positive_ablation.py,46,--trace-segments,--trace-segments,,False,True,False,True,LOW,DiagnosticConfig
experiments/diagnostics/fig8_intralayer_plasticity_parity.py,570,--num-sentences,--num-sentences,20,False,True,False,True,LOW,DiagnosticConfig
experiments/diagnostics/fig8_intralayer_plasticity_parity.py,571,--seed,--seed,11,False,True,False,True,LOW,DiagnosticConfig
experiments/diagnostics/fig8_intralayer_plasticity_parity.py,572,--output-dir,--output-dir,,False,True,False,True,LOW,DiagnosticConfig
experiments/diagnostics/fig8_prediction_competition.py,703,--data,--data,'data/CBTest/data/cbt_train.txt',False,True,False,True,LOW,DiagnosticConfig
experiments/diagnostics/fig8_prediction_competition.py,704,--num-sentences,--num-sentences,,False,True,False,True,LOW,DiagnosticConfig
experiments/diagnostics/fig8_prediction_competition.py,705,--seed,--seed,11,False,True,False,True,LOW,DiagnosticConfig
experiments/diagnostics/fig8_prediction_competition.py,706,--output-dir,--output-dir,,False,True,False,True,LOW,DiagnosticConfig
experiments/diagnostics/fig8_prediction_competition.py,707,--ranking-modes,--ranking-modes,RANKING_MODES,False,True,False,False,LOW,DiagnosticConfig
experiments/diagnostics/fig8_prediction_competition.py,713,--delay-modes,--delay-modes,"('current-delay',)",False,True,False,False,LOW,DiagnosticConfig
experiments/diagnostics/fig8_response_scale_sweep.py,78,--data,--data,'data/CBTest/data/cbt_train.txt',False,True,False,True,LOW,DiagnosticConfig
experiments/diagnostics/fig8_response_scale_sweep.py,79,--num-sentences,--num-sentences,,False,True,False,True,LOW,DiagnosticConfig
experiments/diagnostics/fig8_response_scale_sweep.py,80,--response-scales,--response-scales,,False,True,False,True,LOW,DiagnosticConfig
experiments/diagnostics/fig8_response_scale_sweep.py,81,--checkpoints,--checkpoints,[],False,True,False,True,LOW,DiagnosticConfig
experiments/diagnostics/fig8_response_scale_sweep.py,82,--seed,--seed,11,False,True,False,True,LOW,DiagnosticConfig
experiments/diagnostics/fig8_response_scale_sweep.py,83,--output-dir,--output-dir,,False,True,False,True,LOW,DiagnosticConfig
experiments/diagnostics/fig8_response_scale_sweep.py,84,--details-sample-sentences,--details-sample-sentences,20,False,True,False,True,LOW,DiagnosticConfig
experiments/diagnostics/fig8_response_scale_sweep.py,85,--trace-segments,--trace-segments,,False,True,False,True,LOW,DiagnosticConfig
experiments/diagnostics/fig8_scenario1_contribution.py,41,--data,--data,'data/CBTest/data/cbt_train.txt',False,True,False,True,LOW,DiagnosticConfig
experiments/diagnostics/fig8_scenario1_contribution.py,42,--num-sentences,--num-sentences,,False,True,False,True,LOW,DiagnosticConfig
experiments/diagnostics/fig8_scenario1_contribution.py,43,--modes,--modes,MODES,False,True,False,False,LOW,DiagnosticConfig
experiments/diagnostics/fig8_scenario1_contribution.py,44,--seed,--seed,11,False,True,False,True,LOW,DiagnosticConfig
experiments/diagnostics/fig8_scenario1_contribution.py,45,--output-dir,--output-dir,,False,True,False,True,LOW,DiagnosticConfig
experiments/diagnostics/fig8_scenario1_contribution.py,46,--details-sample-sentences,--details-sample-sentences,20,False,True,False,True,LOW,DiagnosticConfig
experiments/diagnostics/fig8_scenario1_diagnostic.py,24,--data,--data,'data/CBTest/data/cbt_train.txt',False,True,False,True,LOW,DiagnosticConfig
experiments/diagnostics/fig8_scenario1_diagnostic.py,25,--num-sentences,--num-sentences,,False,True,False,True,LOW,DiagnosticConfig
experiments/diagnostics/fig8_scenario1_diagnostic.py,26,--response-scales,--response-scales,,False,True,False,True,LOW,DiagnosticConfig
experiments/diagnostics/fig8_scenario1_diagnostic.py,27,--seed,--seed,11,False,True,False,True,LOW,DiagnosticConfig
experiments/diagnostics/fig8_scenario1_diagnostic.py,28,--output-csv,--output-csv,,False,True,False,True,LOW,DiagnosticConfig
experiments/diagnostics/fig8_scenario_temporal_credit_parity.py,639,--num-sentences,--num-sentences,20,False,True,False,True,LOW,DiagnosticConfig
experiments/diagnostics/fig8_scenario_temporal_credit_parity.py,640,--seed,--seed,11,False,True,False,True,LOW,DiagnosticConfig
experiments/diagnostics/fig8_scenario_temporal_credit_parity.py,641,--output-dir,--output-dir,,False,True,False,True,LOW,DiagnosticConfig
experiments/diagnostics/fig8_temporal_confirmation_semantics.py,866,--num-sentences,--num-sentences,20,False,True,False,True,LOW,DiagnosticConfig
experiments/diagnostics/fig8_temporal_confirmation_semantics.py,867,--seed,--seed,11,False,True,False,True,LOW,DiagnosticConfig
experiments/diagnostics/fig8_temporal_confirmation_semantics.py,868,--output-dir,--output-dir,'',False,True,False,True,LOW,DiagnosticConfig
experiments/diagnostics/fig9_anchor_parity_abcd.py,677,--data,--data,'data/paper_nyc_taxi.csv',False,True,False,True,LOW,DiagnosticConfig
experiments/diagnostics/fig9_anchor_parity_abcd.py,678,--limit,--limit,250,False,True,False,True,LOW,DiagnosticConfig
experiments/diagnostics/fig9_anchor_parity_abcd.py,679,--warmup,--warmup,200,False,True,False,True,LOW,DiagnosticConfig
experiments/diagnostics/fig9_anchor_parity_abcd.py,680,--output-dir,--output-dir,'',False,True,False,True,LOW,DiagnosticConfig
experiments/diagnostics/fig9_anchor_parity_abcd.py,681,--skip-historical-validation,--skip-historical-validation,,False,True,False,False,LOW,DiagnosticConfig
experiments/diagnostics/fig9_taxi_prediction.py,565,--data,--data,'data/nyc_taxi.csv',False,True,False,True,LOW,DiagnosticConfig
experiments/diagnostics/fig9_taxi_prediction.py,566,--seed,--seed,19,False,True,False,True,LOW,DiagnosticConfig
experiments/diagnostics/fig9_taxi_prediction.py,567,--limit,--limit,0,False,True,False,True,LOW,DiagnosticConfig
experiments/diagnostics/fig9_taxi_prediction.py,568,--eval-end,--eval-end,0,False,True,False,False,LOW,DiagnosticConfig
experiments/diagnostics/fig9_taxi_prediction.py,569,--warmup,--warmup,500,False,True,False,True,LOW,DiagnosticConfig
experiments/diagnostics/fig9_taxi_prediction.py,570,--horizon,--horizon,5,False,True,False,True,LOW,DiagnosticConfig
experiments/diagnostics/fig9_taxi_prediction.py,571,--value-bins,--value-bins,80,False,True,False,False,LOW,DiagnosticConfig
experiments/diagnostics/fig9_taxi_prediction.py,572,--symbol-mode,--symbol-mode,'record',False,True,False,False,LOW,DiagnosticConfig
experiments/diagnostics/fig9_taxi_prediction.py,573,--baseline,--baseline,'memory',False,True,False,False,LOW,DiagnosticConfig
experiments/diagnostics/fig9_taxi_prediction.py,586,--context-order,--context-order,2,False,True,False,False,LOW,DiagnosticConfig
experiments/diagnostics/fig9_taxi_prediction.py,587,--context-decay,--context-decay,1.0,False,True,False,False,LOW,DiagnosticConfig
experiments/diagnostics/fig9_taxi_prediction.py,588,--context-fallback-margin,--context-fallback-margin,0.0,False,True,False,False,LOW,DiagnosticConfig
experiments/diagnostics/fig9_taxi_prediction.py,589,--context-blend,--context-blend,0.0,False,True,False,False,LOW,DiagnosticConfig
experiments/diagnostics/fig9_taxi_prediction.py,590,--context-backoff,--context-backoff,,False,True,False,False,LOW,DiagnosticConfig
experiments/diagnostics/fig9_taxi_prediction.py,591,--min-confidence,--min-confidence,0.0,False,True,False,False,LOW,DiagnosticConfig
experiments/diagnostics/fig9_taxi_prediction.py,592,--knn-neighbors,--knn-neighbors,25,False,True,False,False,LOW,DiagnosticConfig
experiments/diagnostics/fig9_taxi_prediction.py,593,--knn-min-overlap,--knn-min-overlap,10,False,True,False,False,LOW,DiagnosticConfig
experiments/diagnostics/fig9_taxi_prediction.py,594,--knn-max-candidates,--knn-max-candidates,2000,False,True,False,False,LOW,DiagnosticConfig
experiments/diagnostics/fig9_taxi_prediction.py,595,--knn-fallback,--knn-fallback,,False,True,False,False,LOW,DiagnosticConfig
experiments/diagnostics/fig9_taxi_prediction.py,596,--mape-floor,--mape-floor,0.0,False,True,False,False,LOW,DiagnosticConfig
experiments/diagnostics/fig9_taxi_prediction.py,597,--num-columns,--num-columns,570,False,True,False,True,LOW,DiagnosticConfig
experiments/diagnostics/fig9_taxi_prediction.py,598,--neurons-per-column,--neurons-per-column,32,False,True,False,True,LOW,DiagnosticConfig
experiments/diagnostics/fig9_taxi_prediction.py,599,--k,--k,10,False,True,False,True,LOW,DiagnosticConfig
experiments/diagnostics/fig9_taxi_prediction.py,600,--l-match,--l-match,4,False,True,False,True,LOW,DiagnosticConfig
experiments/diagnostics/fig9_taxi_prediction.py,601,--forgetting-threshold,--forgetting-threshold,65.0,False,True,False,True,LOW,DiagnosticConfig
experiments/diagnostics/fig9_taxi_prediction.py,602,--report-every,--report-every,2000,False,True,False,True,LOW,DiagnosticConfig
experiments/diagnostics/inspect_fig9_checkpoint.py,48,checkpoint,checkpoint,,False,True,False,False,LOW,DiagnosticConfig
experiments/diagnostics/multihorizon_fig9_transfer.py,213,--dataset,--dataset,,False,True,False,True,LOW,DiagnosticConfig
experiments/diagnostics/multihorizon_fig9_transfer.py,214,--data,--data,'',False,True,False,True,LOW,DiagnosticConfig
experiments/diagnostics/multihorizon_fig9_transfer.py,215,--horizons,--horizons,"(12, 24, 48, 96)",False,True,False,False,LOW,DiagnosticConfig
experiments/diagnostics/multihorizon_fig9_transfer.py,216,--warmup,--warmup,1000,False,True,False,True,LOW,DiagnosticConfig
experiments/diagnostics/multihorizon_fig9_transfer.py,217,--test-size,--test-size,20,False,True,False,True,LOW,DiagnosticConfig
experiments/diagnostics/multihorizon_fig9_transfer.py,218,--max-features,--max-features,8,False,True,False,True,LOW,DiagnosticConfig
experiments/diagnostics/multihorizon_fig9_transfer.py,219,--feature-columns,--feature-columns,58,False,True,False,True,LOW,DiagnosticConfig
experiments/diagnostics/multihorizon_fig9_transfer.py,220,--target-columns,--target-columns,482,False,True,False,True,LOW,DiagnosticConfig
experiments/diagnostics/multihorizon_fig9_transfer.py,221,--active-columns,--active-columns,10,False,True,False,True,LOW,DiagnosticConfig
experiments/diagnostics/multihorizon_fig9_transfer.py,222,--neurons-per-column,--neurons-per-column,32,False,True,False,True,LOW,DiagnosticConfig
experiments/diagnostics/multihorizon_fig9_transfer.py,223,--report-every,--report-every,250,False,True,False,True,LOW,DiagnosticConfig
experiments/diagnostics/multihorizon_fig9_transfer.py,224,--output-csv,--output-csv,'',False,True,False,True,LOW,DiagnosticConfig
experiments/diagnostics/multihorizon_fig9_transfer.py,225,--output-summary,--output-summary,'',False,True,False,False,LOW,DiagnosticConfig
experiments/diagnostics/multivariate_fig9_transfer.py,325,--dataset,--dataset,,False,True,False,True,LOW,DiagnosticConfig
experiments/diagnostics/multivariate_fig9_transfer.py,326,--data,--data,'',False,True,False,True,LOW,DiagnosticConfig
experiments/diagnostics/multivariate_fig9_transfer.py,327,--horizon,--horizon,1,False,True,False,True,LOW,DiagnosticConfig
experiments/diagnostics/multivariate_fig9_transfer.py,328,--warmup,--warmup,11520,False,True,False,True,LOW,DiagnosticConfig
experiments/diagnostics/multivariate_fig9_transfer.py,329,--warmup-ratio,--warmup-ratio,0.7,False,True,False,True,LOW,DiagnosticConfig
experiments/diagnostics/multivariate_fig9_transfer.py,330,--test-size,--test-size,2880,False,True,False,True,LOW,DiagnosticConfig
experiments/diagnostics/multivariate_fig9_transfer.py,331,--max-features,--max-features,8,False,True,False,True,LOW,DiagnosticConfig
experiments/diagnostics/multivariate_fig9_transfer.py,332,--feature-columns,--feature-columns,58,False,True,False,True,LOW,DiagnosticConfig
experiments/diagnostics/multivariate_fig9_transfer.py,333,--target-columns,--target-columns,482,False,True,False,True,LOW,DiagnosticConfig
experiments/diagnostics/multivariate_fig9_transfer.py,334,--active-columns,--active-columns,10,False,True,False,True,LOW,DiagnosticConfig
experiments/diagnostics/multivariate_fig9_transfer.py,335,--neurons-per-column,--neurons-per-column,32,False,True,False,True,LOW,DiagnosticConfig
experiments/diagnostics/multivariate_fig9_transfer.py,336,--report-every,--report-every,1000,False,True,False,True,LOW,DiagnosticConfig
experiments/diagnostics/multivariate_fig9_transfer.py,337,--output-csv,--output-csv,'',False,True,False,True,LOW,DiagnosticConfig
experiments/diagnostics/multivariate_fig9_transfer.py,338,--output-plot,--output-plot,'',False,True,False,True,LOW,DiagnosticConfig
experiments/diagnostics/weather_paper_snn.py,200,--data,--data,'data/weather/weather.csv',False,True,False,True,LOW,DiagnosticConfig
experiments/diagnostics/weather_paper_snn.py,201,--horizon,--horizon,1,False,True,False,True,LOW,DiagnosticConfig
experiments/diagnostics/weather_paper_snn.py,202,--warmup-ratio,--warmup-ratio,0.7,False,True,False,True,LOW,DiagnosticConfig
experiments/diagnostics/weather_paper_snn.py,203,--warmup,--warmup,0,False,True,False,True,LOW,DiagnosticConfig
experiments/diagnostics/weather_paper_snn.py,204,--test-size,--test-size,2000,False,True,False,True,LOW,DiagnosticConfig
experiments/diagnostics/weather_paper_snn.py,205,--value-min,--value-min,,False,True,False,True,LOW,DiagnosticConfig
experiments/diagnostics/weather_paper_snn.py,206,--value-max,--value-max,,False,True,False,True,LOW,DiagnosticConfig
experiments/diagnostics/weather_paper_snn.py,207,--report-every,--report-every,1000,False,True,False,True,LOW,DiagnosticConfig
experiments/diagnostics/weather_paper_snn.py,208,--output-csv,--output-csv,'',False,True,False,True,LOW,DiagnosticConfig
experiments/diagnostics/weather_paper_snn.py,209,--output-plot,--output-plot,'',False,True,False,True,LOW,DiagnosticConfig
experiments/fig7_reference_comparison.py,134,--reference,--reference,'.deps/ContinuousLearnExperiment.pkl',False,False,False,False,LOW,Fig7ProtocolConfig
experiments/fig7_reference_comparison.py,139,--snn-curves,--snn-curves,'results/fig7_strict_corrected/curves.csv',False,False,False,False,LOW,Fig7ProtocolConfig
experiments/fig7_reference_comparison.py,143,--output-dir,--output-dir,'results/fig7_reference_comparison',False,False,False,True,LOW,Fig7ProtocolConfig
experiments/fig7_repeated_trials.py,145,--trials,--trials,10,True,False,False,True,LOW,Fig7ProtocolConfig
experiments/fig7_repeated_trials.py,146,--seed,--seed,100,True,False,False,True,LOW,Fig7ProtocolConfig
experiments/fig7_repeated_trials.py,147,--tasks,--tasks,"['single', 'multiple-2', 'multiple-4']",True,False,False,False,LOW,Fig7ProtocolConfig
experiments/fig7_repeated_trials.py,148,--max-elements,--max-elements,0,True,False,False,True,LOW,Fig7ProtocolConfig
experiments/fig7_repeated_trials.py,149,--modify-after-elements,--modify-after-elements,10000,True,False,False,True,LOW,Fig7ProtocolConfig
experiments/fig7_repeated_trials.py,150,--recovery-accuracy,--recovery-accuracy,1.0,True,False,False,True,LOW,Fig7ProtocolConfig
experiments/fig7_repeated_trials.py,151,--report-every,--report-every,250,True,False,False,True,LOW,Fig7ProtocolConfig
experiments/fig7_repeated_trials.py,152,--workers,--workers,4,True,False,False,True,LOW,Fig7ProtocolConfig
experiments/fig7_repeated_trials.py,153,--output-dir,--output-dir,'results/fig7_strict',True,False,False,True,LOW,Fig7ProtocolConfig
experiments/fig7_sequence_prediction.py,273,--seed,--seed,7,True,False,False,True,LOW,Fig7ProtocolConfig
experiments/fig7_sequence_prediction.py,274,--task,--task,'single',True,False,False,True,LOW,Fig7ProtocolConfig
experiments/fig7_sequence_prediction.py,275,--max-elements,--max-elements,0,True,False,False,True,LOW,Fig7ProtocolConfig
experiments/fig7_sequence_prediction.py,281,--noise-symbols,--noise-symbols,50000,True,False,False,False,LOW,Fig7ProtocolConfig
experiments/fig7_sequence_prediction.py,282,--modify-after-elements,--modify-after-elements,10000,True,False,False,True,LOW,Fig7ProtocolConfig
experiments/fig7_sequence_prediction.py,288,--forgetting-threshold,--forgetting-threshold,None,True,False,False,True,LOW,Fig7ProtocolConfig
experiments/fig7_sequence_prediction.py,294,--recovery-accuracy,--recovery-accuracy,1.0,True,False,False,True,LOW,Fig7ProtocolConfig
experiments/fig7_sequence_prediction.py,295,--report-every,--report-every,500,True,False,False,True,LOW,Fig7ProtocolConfig
experiments/fig7_sequence_prediction.py,296,--output-csv,--output-csv,'',True,False,False,True,LOW,Fig7ProtocolConfig
experiments/fig8_resource_sweep.py,80,--data,--data,'data/CBTest/data/cbt_train.txt',False,False,False,True,LOW,Fig8ProtocolConfig
experiments/fig8_resource_sweep.py,81,--num-sentences,--num-sentences,1000,False,False,False,True,LOW,Fig8ProtocolConfig
experiments/fig8_resource_sweep.py,82,--columns,--columns,"[500, 400, 300, 200, 100, 50]",False,False,False,True,LOW,Fig8ProtocolConfig
experiments/fig8_resource_sweep.py,83,--neurons,--neurons,"[4, 8, 12]",False,False,False,True,LOW,Fig8ProtocolConfig
experiments/fig8_resource_sweep.py,84,--trials,--trials,10,False,False,False,True,LOW,Fig8ProtocolConfig
experiments/fig8_resource_sweep.py,85,--data-seed,--data-seed,11,False,False,False,False,LOW,Fig8ProtocolConfig
experiments/fig8_resource_sweep.py,91,--seed,--seed,800,False,False,False,True,LOW,Fig8ProtocolConfig
experiments/fig8_resource_sweep.py,92,--workers,--workers,6,False,False,False,True,LOW,Fig8ProtocolConfig
experiments/fig8_resource_sweep.py,93,--output-dir,--output-dir,'results/fig8_resource_sweep',False,False,False,True,LOW,Fig8ProtocolConfig
experiments/fig8_resource_sweep.py,94,--resume,--resume,,False,False,False,False,LOW,Fig8ProtocolConfig
experiments/fig8_retrieval_ablation.py,82,--data,--data,'data/CBTest/data/cbt_train.txt',False,False,False,True,LOW,Fig8ProtocolConfig
experiments/fig8_retrieval_ablation.py,83,--num-sentences,--num-sentences,,False,False,False,True,LOW,Fig8ProtocolConfig
experiments/fig8_retrieval_ablation.py,84,--seed,--seed,11,False,False,False,True,LOW,Fig8ProtocolConfig
experiments/fig8_retrieval_ablation.py,85,--prefix-length,--prefix-length,6,False,False,False,True,LOW,Fig8ProtocolConfig
experiments/fig8_retrieval_ablation.py,86,--num-columns,--num-columns,100,False,False,False,True,LOW,Fig8ProtocolConfig
experiments/fig8_retrieval_ablation.py,87,--neurons-per-column,--neurons-per-column,10,False,False,False,True,LOW,Fig8ProtocolConfig
experiments/fig8_retrieval_ablation.py,88,--k,--k,10,False,False,False,True,LOW,Fig8ProtocolConfig
experiments/fig8_retrieval_ablation.py,89,--l-match,--l-match,3,False,False,False,True,LOW,Fig8ProtocolConfig
experiments/fig8_retrieval_ablation.py,90,--forgetting-threshold,--forgetting-threshold,500.0,False,False,False,True,LOW,Fig8ProtocolConfig
experiments/fig8_retrieval_ablation.py,91,--output-prefix,--output-prefix,,False,False,False,False,LOW,Fig8ProtocolConfig
experiments/fig8_retrieval_ablation.py,92,--neural-plot,--neural-plot,'',False,False,False,False,LOW,Fig8ProtocolConfig
experiments/fig8_retrieval_ablation.py,93,--model-checkpoint,--model-checkpoint,'',False,False,False,False,LOW,Fig8ProtocolConfig
experiments/fig8_retrieval_ablation.py,94,--resume-model,--resume-model,,False,False,False,False,LOW,Fig8ProtocolConfig
experiments/fig8_retrieval_ablation.py,95,--train-only,--train-only,,False,False,False,False,LOW,Fig8ProtocolConfig
experiments/fig8_retrieval_ablation.py,96,--evaluation-progress-every,--evaluation-progress-every,50,False,False,False,False,LOW,Fig8ProtocolConfig
experiments/fig8_retrieval_ablation.py,97,--retrieval-modes,--retrieval-modes,"('proximal-replay', 'neural')",False,False,False,False,LOW,Fig8ProtocolConfig
experiments/fig8_sentence_memory.py,434,--seed,--seed,11,True,False,False,True,LOW,Fig8ProtocolConfig
experiments/fig8_sentence_memory.py,435,--data,--data,'data/CBTest/data/cbt_train.txt',True,False,False,True,LOW,Fig8ProtocolConfig
experiments/fig8_sentence_memory.py,436,--num-sentences,--num-sentences,1000,True,False,False,True,LOW,Fig8ProtocolConfig
experiments/fig8_sentence_memory.py,437,--prefix-length,--prefix-length,6,True,False,False,True,LOW,Fig8ProtocolConfig
experiments/fig8_sentence_memory.py,438,--num-columns,--num-columns,100,True,False,False,True,LOW,Fig8ProtocolConfig
experiments/fig8_sentence_memory.py,439,--neurons-per-column,--neurons-per-column,10,True,False,False,True,LOW,Fig8ProtocolConfig
experiments/fig8_sentence_memory.py,440,--k,--k,10,True,False,False,True,LOW,Fig8ProtocolConfig
experiments/fig8_sentence_memory.py,441,--l-match,--l-match,3,True,False,False,True,LOW,Fig8ProtocolConfig
experiments/fig8_sentence_memory.py,442,--forgetting-threshold,--forgetting-threshold,500.0,True,False,False,True,LOW,Fig8ProtocolConfig
experiments/fig8_sentence_memory.py,443,--report-every,--report-every,50,True,False,False,True,LOW,Fig8ProtocolConfig
experiments/fig8_sentence_memory.py,444,--retrieval-mode,--retrieval-mode,'neural',True,False,False,True,LOW,Fig8ProtocolConfig
experiments/fig8_sentence_memory.py,449,--neural-propagation,--neural-propagation,'raw',True,False,False,False,LOW,Fig8ProtocolConfig
experiments/fig8_sentence_memory.py,455,--temporal-confirmation-mode,--temporal-confirmation-mode,'current',True,False,False,False,LOW,Fig8ProtocolConfig
experiments/fig8_sentence_memory.py,461,--eval-samples,--eval-samples,0,True,False,False,False,LOW,Fig8ProtocolConfig
experiments/fig8_sentence_memory.py,467,--output-csv,--output-csv,'',True,False,False,True,LOW,Fig8ProtocolConfig
experiments/fig8_sentence_memory.py,468,--output-plot,--output-plot,'',True,False,False,True,LOW,Fig8ProtocolConfig
experiments/fig8_sentence_memory.py,469,--details-csv,--details-csv,'',True,False,False,False,LOW,Fig8ProtocolConfig
experiments/fig8c_poem_memory.py,426,--data,--data,'data/fig8c_poems.json',False,False,False,True,LOW,Fig8ProtocolConfig
experiments/fig8c_poem_memory.py,427,--checkpoints,--checkpoints,"[40, 80, 120, 160, 200]",False,False,False,True,LOW,Fig8ProtocolConfig
experiments/fig8c_poem_memory.py,428,--columns,--columns,100,False,False,False,True,LOW,Fig8ProtocolConfig
experiments/fig8c_poem_memory.py,429,--neurons,--neurons,10,False,False,False,True,LOW,Fig8ProtocolConfig
experiments/fig8c_poem_memory.py,430,--k,--k,10,False,False,False,True,LOW,Fig8ProtocolConfig
experiments/fig8c_poem_memory.py,431,--interlayer-source-neurons,--interlayer-source-neurons,10,False,False,False,False,LOW,Fig8ProtocolConfig
experiments/fig8c_poem_memory.py,432,--seed,--seed,73,False,False,False,True,LOW,Fig8ProtocolConfig
experiments/fig8c_poem_memory.py,433,--output-csv,--output-csv,'results/fig8c_poem_memory.csv',False,False,False,True,LOW,Fig8ProtocolConfig
experiments/fig8c_poem_memory.py,434,--output-details,--output-details,'results/fig8c_poem_details.csv',False,False,False,False,LOW,Fig8ProtocolConfig
experiments/fig8c_poem_memory.py,435,--output-plot,--output-plot,'results/fig8c_poem_memory.png',False,False,False,True,LOW,Fig8ProtocolConfig
experiments/fig8c_poem_memory.py,436,--output-diagnostic-plot,--output-diagnostic-plot,'results/fig8c_poem_diagnostics.png',False,True,False,False,LOW,DiagnosticConfig
experiments/fig8c_poem_memory.py,440,--reuse-single-summary,--reuse-single-summary,,False,False,False,False,LOW,Fig8ProtocolConfig
experiments/fig8c_poem_memory.py,441,--reuse-single-details,--reuse-single-details,,False,False,False,False,LOW,Fig8ProtocolConfig
experiments/fig9/evaluation_metric_audit.py,605,--root,--root,Path(__file__).resolve().parents[2],False,False,False,False,LOW,Fig9ProtocolConfig
experiments/fig9/evaluation_metric_audit.py,606,--output-dir,--output-dir,,False,False,False,True,LOW,Fig9ProtocolConfig
experiments/fig9_compare_runs.py,102,--original,--original,'results/fig9_corrected_original.csv',False,False,False,False,LOW,Fig9ProtocolConfig
experiments/fig9_compare_runs.py,103,--perturbed,--perturbed,'results/fig9_corrected_perturbed.csv',False,False,False,False,LOW,Fig9ProtocolConfig
experiments/fig9_compare_runs.py,106,--output-dir,--output-dir,'results/fig9_corrected_comparison',False,False,False,True,LOW,Fig9ProtocolConfig
experiments/fig9_recompute_rolling.py,48,paths,paths,"['results/fig9_corrected_original.csv', 'results/fig9_corrected_perturbed.csv']",False,False,False,False,LOW,Fig9ProtocolConfig
experiments/fig9_recompute_rolling.py,56,--window,--window,400,False,False,False,False,LOW,Fig9ProtocolConfig
experiments/fig9_recompute_rolling.py,57,--plot-start,--plot-start,'2015-03-25',False,False,False,True,LOW,Fig9ProtocolConfig
experiments/fig9_strict_reproduction.py,5349,--data,--data,'data/paper_nyc_taxi.csv',True,False,False,True,LOW,Fig9ProtocolConfig
experiments/fig9_strict_reproduction.py,5350,--perturbed-data,--perturbed-data,'data/paper_nyc_taxi_perturb.csv',True,False,False,False,LOW,Fig9ProtocolConfig
experiments/fig9_strict_reproduction.py,5351,--limit,--limit,0,True,False,False,True,LOW,Fig9ProtocolConfig
experiments/fig9_strict_reproduction.py,5352,--warmup,--warmup,5904,True,False,False,True,LOW,Fig9ProtocolConfig
experiments/fig9_strict_reproduction.py,5353,--prediction-horizon,--prediction-horizon,5,True,False,False,False,LOW,Fig9ProtocolConfig
experiments/fig9_strict_reproduction.py,5354,--tie-break-seed,--tie-break-seed,0,True,False,False,False,LOW,Fig9ProtocolConfig
experiments/fig9_strict_reproduction.py,5355,--l-match,--l-match,4,True,False,False,True,LOW,Fig9ProtocolConfig
experiments/fig9_strict_reproduction.py,5362,--lmatch-real-ablation,--lmatch-real-ablation,,True,False,False,False,LOW,Fig9ProtocolConfig
experiments/fig9_strict_reproduction.py,5367,--output-dir,--output-dir,'results/fig9_strict',True,False,False,True,LOW,Fig9ProtocolConfig
experiments/fig9_strict_reproduction.py,5368,--density-trace,--density-trace,,False,True,False,False,LOW,DiagnosticConfig
experiments/fig9_strict_reproduction.py,5369,--density-trace-csv,--density-trace-csv,'',False,True,False,False,LOW,DiagnosticConfig
experiments/fig9_strict_reproduction.py,5370,--density-summary-json,--density-summary-json,'',True,False,False,False,LOW,Fig9ProtocolConfig
experiments/fig9_strict_reproduction.py,5371,--competition-mode,--competition-mode,'off',True,False,False,False,LOW,Fig9ProtocolConfig
experiments/fig9_strict_reproduction.py,5377,--inhibition-strength,--inhibition-strength,0.1,True,False,False,False,LOW,Fig9ProtocolConfig
experiments/fig9_strict_reproduction.py,5378,--inhibition-tau,--inhibition-tau,0.02,True,False,False,False,LOW,Fig9ProtocolConfig
experiments/fig9_strict_reproduction.py,5379,--simultaneous-tolerance,--simultaneous-tolerance,0.0,True,False,False,False,LOW,Fig9ProtocolConfig
experiments/fig9_strict_reproduction.py,5380,--simultaneous-policy,--simultaneous-policy,'sequential',True,False,False,False,LOW,Fig9ProtocolConfig
experiments/fig9_strict_reproduction.py,5385,--simultaneous-bin-width,--simultaneous-bin-width,0.005,True,False,False,False,LOW,Fig9ProtocolConfig
experiments/fig9_strict_reproduction.py,5390,--oracle-candidate-diagnostic,--oracle-candidate-diagnostic,,False,True,False,False,LOW,DiagnosticConfig
experiments/fig9_strict_reproduction.py,5395,--candidate-separability-trace,--candidate-separability-trace,,False,True,False,False,LOW,DiagnosticConfig
experiments/fig9_strict_reproduction.py,5400,--branch-provenance-diagnostic,--branch-provenance-diagnostic,,False,True,False,False,LOW,DiagnosticConfig
experiments/fig9_strict_reproduction.py,5405,--branch-provenance-level,--branch-provenance-level,'candidate',True,False,False,False,LOW,Fig9ProtocolConfig
experiments/fig9_strict_reproduction.py,5410,--branch-source-top-n,--branch-source-top-n,0,True,False,False,False,LOW,Fig9ProtocolConfig
experiments/fig9_strict_reproduction.py,5416,--preselection-segment-diagnostic,--preselection-segment-diagnostic,,False,True,False,False,LOW,DiagnosticConfig
experiments/fig9_strict_reproduction.py,5421,--preselection-segment-level,--preselection-segment-level,'crossing',True,False,False,False,LOW,Fig9ProtocolConfig
experiments/fig9_strict_reproduction.py,5426,--preselection-segment-compress,--preselection-segment-compress,,True,False,False,False,LOW,Fig9ProtocolConfig
experiments/fig9_strict_reproduction.py,5431,--preselection-max-rows,--preselection-max-rows,0,True,False,False,False,LOW,Fig9ProtocolConfig
experiments/fig9_strict_reproduction.py,5437,--teacher-forced-winner-diagnostic,--teacher-forced-winner-diagnostic,,False,True,False,False,LOW,DiagnosticConfig
experiments/fig9_strict_reproduction.py,5442,--teacher-forced-winner-level,--teacher-forced-winner-level,'summary',False,True,False,False,LOW,DiagnosticConfig
experiments/fig9_strict_reproduction.py,5447,--observe-scenario-diagnostic,--observe-scenario-diagnostic,,False,True,False,False,LOW,DiagnosticConfig
experiments/fig9_strict_reproduction.py,5452,--observe-scenario-level,--observe-scenario-level,'summary',True,False,False,False,LOW,Fig9ProtocolConfig
experiments/fig9_strict_reproduction.py,5457,--reference-neuron-selection-diagnostic,--reference-neuron-selection-diagnostic,,False,True,False,False,LOW,DiagnosticConfig
experiments/fig9_strict_reproduction.py,5462,--reference-neuron-selection-level,--reference-neuron-selection-level,'summary',True,False,False,False,LOW,Fig9ProtocolConfig
experiments/fig9_strict_reproduction.py,5467,--intracolumn-selection-policy,--intracolumn-selection-policy,'existing',True,False,False,False,LOW,Fig9ProtocolConfig
experiments/fig9_strict_reproduction.py,5473,--intracolumn-selection-diagnostic,--intracolumn-selection-diagnostic,,False,True,False,False,LOW,DiagnosticConfig
experiments/fig9_strict_reproduction.py,5478,--readout-dynamics-trace,--readout-dynamics-trace,,False,True,False,False,LOW,DiagnosticConfig
experiments/fig9_strict_reproduction.py,5486,--ambiguity-diagnostic,--ambiguity-diagnostic,,False,True,False,False,LOW,DiagnosticConfig
experiments/fig9_strict_reproduction.py,5494,--match-overlap-diagnostic,--match-overlap-diagnostic,,False,True,False,False,LOW,DiagnosticConfig
experiments/fig9_strict_reproduction.py,5499,--match-overlap-level,--match-overlap-level,'summary',True,False,False,False,LOW,Fig9ProtocolConfig
experiments/fig9_strict_reproduction.py,5504,--match-overlap-compress,--match-overlap-compress,,True,False,False,False,LOW,Fig9ProtocolConfig
experiments/fig9_strict_reproduction.py,5509,--segment-context-composition-diagnostic,--segment-context-composition-diagnostic,,False,True,False,False,LOW,DiagnosticConfig
experiments/fig9_strict_reproduction.py,5514,--segment-context-composition-level,--segment-context-composition-level,'match',True,False,False,False,LOW,Fig9ProtocolConfig
experiments/fig9_strict_reproduction.py,5519,--segment-context-composition-compress,--segment-context-composition-compress,,True,False,False,False,LOW,Fig9ProtocolConfig
experiments/fig9_strict_reproduction.py,5524,--context-oracle-unified-trace,--context-oracle-unified-trace,,False,True,False,False,LOW,DiagnosticConfig
experiments/fig9_strict_reproduction.py,5532,--pairwise-context-diagnostic,--pairwise-context-diagnostic,,False,True,False,False,LOW,DiagnosticConfig
experiments/fig9_strict_reproduction.py,5540,--temporal-context-diagnostic,--temporal-context-diagnostic,,False,True,False,False,LOW,DiagnosticConfig
experiments/fig9_strict_reproduction.py,5545,--temporal-context-level,--temporal-context-level,'summary',True,False,False,False,LOW,Fig9ProtocolConfig
experiments/fig9_strict_reproduction.py,5551,--autonomous-context-provenance-diagnostic,--autonomous-context-provenance-diagnostic,,False,True,False,False,LOW,DiagnosticConfig
experiments/fig9_strict_reproduction.py,5556,--autonomous-context-provenance-level,--autonomous-context-provenance-level,'candidate',True,False,False,False,LOW,Fig9ProtocolConfig
experiments/fig9_strict_reproduction.py,5562,--timing-eligibility-decomposition,--timing-eligibility-decomposition,,True,False,False,False,LOW,Fig9ProtocolConfig
experiments/fig9_strict_reproduction.py,5567,--source-trace-filter-field,--source-trace-filter-field,'',False,True,False,False,LOW,DiagnosticConfig
experiments/fig9_strict_reproduction.py,5568,--source-trace-filter-scenario,--source-trace-filter-scenario,'',False,True,False,False,LOW,DiagnosticConfig
experiments/fig9_strict_reproduction.py,5569,--source-trace-filter-record-start,--source-trace-filter-record-start,None,False,True,False,False,LOW,DiagnosticConfig
experiments/fig9_strict_reproduction.py,5572,--source-trace-filter-record-end,--source-trace-filter-record-end,None,False,True,False,False,LOW,DiagnosticConfig
experiments/fig9_strict_reproduction.py,5575,--source-trace-filter-loss-only,--source-trace-filter-loss-only,,False,True,False,False,LOW,DiagnosticConfig
experiments/fig9_strict_reproduction.py,5578,--source-trace-filter-segments-existing-only,--source-trace-filter-segments-existing-only,,False,True,False,False,LOW,DiagnosticConfig
experiments/fig9_strict_reproduction.py,5582,--context-trajectory-diagnostic,--context-trajectory-diagnostic,,False,True,False,False,LOW,DiagnosticConfig
experiments/fig9_strict_reproduction.py,5587,--context-trajectory-level,--context-trajectory-level,'summary',True,False,False,False,LOW,Fig9ProtocolConfig
experiments/fig9_strict_reproduction.py,5592,--segment-reinforcement-diagnostic,--segment-reinforcement-diagnostic,,False,True,False,False,LOW,DiagnosticConfig
experiments/fig9_strict_reproduction.py,5597,--segment-reinforcement-level,--segment-reinforcement-level,'summary',True,False,False,False,LOW,Fig9ProtocolConfig
experiments/fig9_strict_reproduction.py,5602,--independent-reference-diagnostic,--independent-reference-diagnostic,,False,True,False,False,LOW,DiagnosticConfig
experiments/fig9_strict_reproduction.py,5607,--independent-reference-level,--independent-reference-level,'summary',True,False,False,False,LOW,Fig9ProtocolConfig
experiments/fig9_strict_reproduction.py,5612,--independent-reference-compress,--independent-reference-compress,,True,False,False,False,LOW,Fig9ProtocolConfig
experiments/fig9_strict_reproduction.py,5617,--actual-branch-provenance-diagnostic,--actual-branch-provenance-diagnostic,,False,True,False,False,LOW,DiagnosticConfig
experiments/fig9_strict_reproduction.py,5622,--actual-branch-provenance-level,--actual-branch-provenance-level,'summary',True,False,False,False,LOW,Fig9ProtocolConfig
experiments/fig9_strict_reproduction.py,5627,--actual-branch-provenance-compress,--actual-branch-provenance-compress,,True,False,False,False,LOW,Fig9ProtocolConfig
experiments/fig9_strict_reproduction.py,5632,--interval-every,--interval-every,0,True,False,False,False,LOW,Fig9ProtocolConfig
experiments/fig9_strict_reproduction.py,5633,--long-sequence-ledger,--long-sequence-ledger,,True,False,False,False,LOW,Fig9ProtocolConfig
experiments/fig9_strict_reproduction.py,5638,--progress-every,--progress-every,0,True,False,False,False,LOW,Fig9ProtocolConfig
experiments/fig9_strict_reproduction.py,5644,--stream-diagnostic-traces,--stream-diagnostic-traces,,False,True,False,False,LOW,DiagnosticConfig
experiments/fig9_strict_reproduction.py,5649,--context-trajectory-uncompressed,--context-trajectory-uncompressed,,True,False,False,False,LOW,Fig9ProtocolConfig
experiments/fig9_strict_reproduction.py,5654,--profile,--profile,,False,True,False,False,LOW,DiagnosticConfig
experiments/fig9_strict_reproduction.py,5655,--profile-output,--profile-output,'',False,True,False,False,LOW,DiagnosticConfig
experiments/fig9_strict_reproduction.py,5656,--profile-dir,--profile-dir,'results/fig9_strict/profiling',False,True,False,False,LOW,DiagnosticConfig
experiments/fig9_strict_reproduction.py,5657,--checkpoint-path,--checkpoint-path,'',True,False,False,False,LOW,Fig9ProtocolConfig
experiments/fig9_strict_reproduction.py,5658,--checkpoint-every,--checkpoint-every,0,True,False,False,False,LOW,Fig9ProtocolConfig
experiments/fig9_strict_reproduction.py,5659,--checkpoint-at-index,--checkpoint-at-index,0,True,False,False,False,LOW,Fig9ProtocolConfig
experiments/fig9_strict_reproduction.py,5660,--resume-from,--resume-from,'',True,False,False,False,LOW,Fig9ProtocolConfig
experiments/fig9_strict_reproduction.py,5661,--resume-checkpoint,--resume-checkpoint,'',True,False,False,False,LOW,Fig9ProtocolConfig
experiments/fig9_strict_reproduction.py,5662,--stop-after-record,--stop-after-record,0,True,False,False,False,LOW,Fig9ProtocolConfig
experiments/fig9_strict_reproduction.py,5663,--stop-after-index,--stop-after-index,0,True,False,False,False,LOW,Fig9ProtocolConfig
experiments/fig9_strict_reproduction.py,5664,--debug-record-index,--debug-record-index,-1,False,True,False,False,LOW,DiagnosticConfig
experiments/fig9_strict_reproduction.py,5665,--debug-output-json,--debug-output-json,'',False,True,False,False,LOW,DiagnosticConfig
experiments/fig9_strict_reproduction.py,5666,--debug-end-index,--debug-end-index,0,False,True,False,False,LOW,DiagnosticConfig
experiments/fig9_strict_reproduction.py,5672,--native-runtime-debug,--native-runtime-debug,,False,True,False,False,LOW,DiagnosticConfig
experiments/fig9_strict_reproduction.py,5677,--native-runtime-debug-dir,--native-runtime-debug-dir,'',False,True,False,False,LOW,DiagnosticConfig
experiments/fig9_strict_reproduction.py,5682,--native-runtime-segment-trace,--native-runtime-segment-trace,,False,True,False,False,LOW,DiagnosticConfig
experiments/fig9_strict_reproduction.py,5690,--continuous-impl,--continuous-impl,'reference',True,False,False,False,LOW,Fig9ProtocolConfig
experiments/fig9_strict_reproduction.py,5696,--april-branch,--april-branch,,True,False,False,False,LOW,Fig9ProtocolConfig
experiments/fig9_strict_reproduction.py,5697,--branch-records,--branch-records,2016,True,False,False,False,LOW,Fig9ProtocolConfig
experiments/fig9_strict_reproduction.py,5698,--streams,--streams,"('original', 'perturbed')",True,False,False,False,LOW,Fig9ProtocolConfig
experiments/generate_fig8c_stress_dataset.py,98,--count,--count,1000,False,False,False,True,LOW,Fig8ProtocolConfig
experiments/generate_fig8c_stress_dataset.py,99,--shared-first-lines,--shared-first-lines,80,False,False,False,False,LOW,Fig8ProtocolConfig
experiments/generate_fig8c_stress_dataset.py,100,--seed,--seed,2026,False,False,False,True,LOW,Fig8ProtocolConfig
experiments/generate_fig8c_stress_dataset.py,101,--output,--output,'data/fig8c_stress_poems.json',False,False,False,True,LOW,Fig8ProtocolConfig
experiments/historical/fig9_paper_snn.py,440,--data,--data,'data/paper_nyc_taxi.csv',False,False,True,True,LOW,Fig9ProtocolConfig
experiments/historical/fig9_paper_snn.py,441,--limit,--limit,0,False,False,True,True,LOW,Fig9ProtocolConfig
experiments/historical/fig9_paper_snn.py,442,--warmup,--warmup,5904,False,False,True,True,LOW,Fig9ProtocolConfig
experiments/historical/fig9_paper_snn.py,448,--horizon,--horizon,5,False,False,True,True,LOW,Fig9ProtocolConfig
experiments/historical/fig9_paper_snn.py,449,--forecast-mode,--forecast-mode,'recursive',False,False,True,False,LOW,Fig9ProtocolConfig
experiments/historical/fig9_paper_snn.py,455,--learning-mode,--learning-mode,'paper',False,False,True,False,LOW,Fig9ProtocolConfig
experiments/historical/fig9_paper_snn.py,461,--rollout-beam-width,--rollout-beam-width,1,False,False,True,False,LOW,Fig9ProtocolConfig
experiments/historical/fig9_paper_snn.py,462,--projection-mode,--projection-mode,'raw',False,False,True,False,LOW,Fig9ProtocolConfig
experiments/historical/fig9_paper_snn.py,468,--retrieval-mode,--retrieval-mode,'neural',False,False,True,True,LOW,Fig9ProtocolConfig
experiments/historical/fig9_paper_snn.py,473,--known-future-time,--known-future-time,False,False,False,True,False,LOW,Fig9ProtocolConfig
experiments/historical/fig9_paper_snn.py,479,--passenger-min,--passenger-min,0.0,False,False,True,False,LOW,Fig9ProtocolConfig
experiments/historical/fig9_paper_snn.py,480,--passenger-max,--passenger-max,40000.0,False,False,True,False,LOW,Fig9ProtocolConfig
experiments/historical/fig9_paper_snn.py,481,--response-scale,--response-scale,None,False,False,True,True,LOW,Fig9ProtocolConfig
experiments/historical/fig9_paper_snn.py,487,--burst-context,--burst-context,True,False,False,True,False,LOW,Fig9ProtocolConfig
experiments/historical/fig9_paper_snn.py,493,--intracolumn-inhibition,--intracolumn-inhibition,True,False,False,True,False,LOW,Fig9ProtocolConfig
experiments/historical/fig9_paper_snn.py,499,--continuous-dynamics,--continuous-dynamics,True,False,False,True,False,LOW,Fig9ProtocolConfig
experiments/historical/fig9_paper_snn.py,505,--integration-step,--integration-step,0.005,False,False,True,False,LOW,Fig9ProtocolConfig
experiments/historical/fig9_paper_snn.py,506,--report-every,--report-every,100,False,False,True,True,LOW,Fig9ProtocolConfig
experiments/historical/fig9_paper_snn.py,507,--rolling-window,--rolling-window,400,False,False,True,False,LOW,Fig9ProtocolConfig
experiments/historical/fig9_paper_snn.py,508,--output-csv,--output-csv,'',False,False,True,True,LOW,Fig9ProtocolConfig
experiments/historical/fig9_paper_snn.py,509,--output-plot,--output-plot,'',False,False,True,True,LOW,Fig9ProtocolConfig
experiments/historical/fig9_paper_snn.py,510,--plot-start,--plot-start,'2015-03-25',False,False,True,True,LOW,Fig9ProtocolConfig
experiments/plot_fig8c_stress_comparison.py,85,--control,--control,'results/fig8c_stress_control.csv',False,False,False,False,LOW,Fig8ProtocolConfig
experiments/plot_fig8c_stress_comparison.py,86,--fixed,--fixed,'results/fig8c_stress_fixed.csv',False,False,False,False,LOW,Fig8ProtocolConfig
experiments/plot_fig8c_stress_comparison.py,87,--output-csv,--output-csv,'results/fig8c_stress_comparison.csv',False,False,False,True,LOW,Fig8ProtocolConfig
experiments/plot_fig8c_stress_comparison.py,88,--output-plot,--output-plot,'results/fig8c_stress_comparison.png',False,False,False,True,LOW,Fig8ProtocolConfig
experiments/prepare_fig8c_poems.py,95,--source-dir,--source-dir,'data/chinese_poetry_source',False,False,False,False,LOW,Fig8ProtocolConfig
experiments/prepare_fig8c_poems.py,96,--output,--output,'data/fig8c_poems.json',False,False,False,True,LOW,Fig8ProtocolConfig
experiments/prepare_fig8c_poems.py,97,--count,--count,200,False,False,False,True,LOW,Fig8ProtocolConfig
