diagnostic_label,sentence_index,phase,step,selection,selected_event_count,distinct_creation_transitions,maximum_same_origin_events,provenance_coherent_fraction,branch_entropy,source_coherence,minimum_source_jaccard,matches_historical_winner_set,raw_predicted_columns,burst_columns,burst_cells,active_cells_after_observe,winners_after_observe,beam_width,lambda_coherence,lambda_support,decoded_correct,expected_word_present,propagated_columns
nonpaper diagnostic,1,cue,1,coherent-beam,7,1,7,0.7,0.0,0.5437323691634036,0.22916666666666666,False,60,3,27,37,10,,,,,,
nonpaper diagnostic,1,cue,2,coherent-beam,7,1,7,0.7,0.0,0.8571428571428571,0.5,False,39,3,28,37,10,,,,,,
nonpaper diagnostic,1,cue,3,coherent-beam,9,1,9,0.9,0.0,1.0,1.0,False,18,1,9,19,10,,,,,,
nonpaper diagnostic,1,cue,4,coherent-beam,9,1,9,0.9,0.0,1.0,1.0,False,9,1,10,19,10,,,,,,
nonpaper diagnostic,1,cue,5,coherent-beam,6,1,6,0.6,0.0,1.0,1.0,False,6,4,40,46,10,,,,,,
nonpaper diagnostic,1,suffix,1,coherent-beam,10,7,2,0.2,0.969570350190125,0.11918724819771209,0.0,False,64,,,,,8,1.0,0.0,False,True,10
nonpaper diagnostic,2,cue,1,coherent-beam,6,1,6,0.6,0.0,1.0,1.0,False,66,4,38,46,10,,,,,,
nonpaper diagnostic,2,cue,2,coherent-beam,8,1,8,0.8,0.0,1.0,1.0,False,47,2,18,28,10,,,,,,
nonpaper diagnostic,2,cue,3,coherent-beam,10,1,10,1.0,0.0,1.0,1.0,True,13,0,0,10,10,,,,,,
nonpaper diagnostic,2,cue,4,coherent-beam,9,1,9,0.9,0.0,1.0,1.0,False,9,1,10,19,10,,,,,,
nonpaper diagnostic,2,cue,5,coherent-beam,10,1,10,1.0,0.0,1.0,1.0,True,13,0,0,10,10,,,,,,
nonpaper diagnostic,2,suffix,1,coherent-beam,9,1,9,0.9,0.0,1.0,1.0,False,9,,,,,8,1.0,0.0,True,True,9
nonpaper diagnostic,2,suffix,2,coherent-beam,10,1,10,1.0,0.0,1.0,1.0,True,10,,,,,8,1.0,0.0,True,True,10
nonpaper diagnostic,2,suffix,3,coherent-beam,9,1,9,0.9,0.0,1.0,1.0,False,9,,,,,8,1.0,0.0,True,True,9
nonpaper diagnostic,2,suffix,4,coherent-beam,7,1,7,0.7,0.0,1.0,1.0,False,7,,,,,8,1.0,0.0,True,True,7
nonpaper diagnostic,3,cue,1,coherent-beam,9,1,9,0.9,0.0,1.0,1.0,False,30,1,9,19,10,,,,,,
nonpaper diagnostic,3,cue,2,coherent-beam,10,1,10,1.0,0.0,1.0,1.0,True,10,0,0,10,10,,,,,,
nonpaper diagnostic,3,cue,3,coherent-beam,9,1,9,0.9,0.0,1.0,1.0,False,9,1,10,19,10,,,,,,
nonpaper diagnostic,3,cue,4,coherent-beam,7,1,7,0.7,0.0,1.0,1.0,False,27,3,27,37,10,,,,,,
nonpaper diagnostic,3,cue,5,coherent-beam,9,1,9,0.9,0.0,0.9012345679012346,0.5555555555555556,False,31,1,10,19,10,,,,,,
nonpaper diagnostic,3,suffix,1,coherent-beam,10,2,9,0.9,0.46899559358928117,0.8,0.0,False,10,,,,,8,1.0,0.0,True,True,10
nonpaper diagnostic,3,suffix,2,coherent-beam,8,1,8,0.8,0.0,1.0,1.0,False,8,,,,,8,1.0,0.0,True,True,8
nonpaper diagnostic,3,suffix,3,coherent-beam,5,1,5,0.5,0.0,1.0,1.0,False,5,,,,,8,1.0,0.0,False,False,5
nonpaper diagnostic,3,suffix,4,coherent-beam,7,3,4,0.4,0.8699155297736259,0.45097195842293314,0.10526315789473684,False,8,,,,,8,1.0,0.0,False,False,7
nonpaper diagnostic,4,cue,1,coherent-beam,9,1,9,0.9,0.0,1.0,1.0,False,24,1,9,19,10,,,,,,
nonpaper diagnostic,4,cue,2,coherent-beam,9,1,9,0.9,0.0,1.0,1.0,False,13,1,10,19,10,,,,,,
nonpaper diagnostic,4,cue,3,coherent-beam,9,1,9,0.9,0.0,1.0,1.0,False,9,1,10,19,10,,,,,,
nonpaper diagnostic,4,cue,4,coherent-beam,10,1,10,1.0,0.0,1.0,1.0,True,27,0,0,10,10,,,,,,
nonpaper diagnostic,4,cue,5,coherent-beam,10,1,10,1.0,0.0,1.0,1.0,True,10,0,0,10,10,,,,,,
nonpaper diagnostic,4,suffix,1,coherent-beam,7,1,7,0.7,0.0,1.0,1.0,False,8,,,,,8,1.0,0.0,True,True,7
nonpaper diagnostic,4,suffix,2,coherent-beam,10,3,5,0.5,0.8586727110732549,0.35722394518166584,0.13580246913580246,False,21,,,,,8,1.0,0.0,True,True,10
nonpaper diagnostic,4,suffix,3,coherent-beam,9,3,4,0.4,0.965633607142825,1.0,1.0,False,31,,,,,8,1.0,0.0,False,False,9
nonpaper diagnostic,5,cue,1,coherent-beam,10,1,10,1.0,0.0,0.9,0.5,True,12,0,0,10,10,,,,,,
nonpaper diagnostic,5,cue,2,coherent-beam,10,1,10,1.0,0.0,1.0,1.0,True,10,0,0,10,10,,,,,,
nonpaper diagnostic,5,cue,3,coherent-beam,10,1,10,1.0,0.0,0.40432196465795,0.09900990099009901,True,19,0,0,10,10,,,,,,
nonpaper diagnostic,5,cue,4,coherent-beam,3,1,3,0.3,0.0,0.5056980056980057,0.46153846153846156,False,51,7,65,73,10,,,,,,
nonpaper diagnostic,5,cue,5,coherent-beam,9,1,9,0.9,0.0,1.0,1.0,False,48,1,9,19,10,,,,,,
nonpaper diagnostic,5,suffix,1,coherent-beam,10,1,10,1.0,0.0,1.0,1.0,True,10,,,,,8,1.0,0.0,True,True,10
nonpaper diagnostic,5,suffix,2,coherent-beam,10,1,10,1.0,0.0,1.0,1.0,True,10,,,,,8,1.0,0.0,True,True,10
nonpaper diagnostic,5,suffix,3,coherent-beam,10,1,10,1.0,0.0,1.0,1.0,True,10,,,,,8,1.0,0.0,True,True,10
nonpaper diagnostic,5,suffix,4,coherent-beam,9,1,9,0.9,0.0,1.0,1.0,False,10,,,,,8,1.0,0.0,True,True,9
nonpaper diagnostic,6,cue,1,coherent-beam,6,1,6,0.6,0.0,1.0,1.0,False,66,4,37,46,10,,,,,,
nonpaper diagnostic,6,cue,2,coherent-beam,9,1,9,0.9,0.0,1.0,1.0,False,20,1,9,19,10,,,,,,
nonpaper diagnostic,6,cue,3,coherent-beam,10,1,10,1.0,0.0,1.0,1.0,True,10,0,0,10,10,,,,,,
nonpaper diagnostic,6,cue,4,coherent-beam,10,1,10,1.0,0.0,1.0,1.0,True,10,0,0,10,10,,,,,,
nonpaper diagnostic,6,cue,5,coherent-beam,10,1,10,1.0,0.0,1.0,1.0,True,10,0,0,10,10,,,,,,
nonpaper diagnostic,6,suffix,1,coherent-beam,10,1,10,1.0,0.0,0.9,0.5,True,10,,,,,8,1.0,0.0,True,True,10
nonpaper diagnostic,6,suffix,2,coherent-beam,9,1,9,0.9,0.0,1.0,1.0,False,9,,,,,8,1.0,0.0,True,True,9
nonpaper diagnostic,6,suffix,3,coherent-beam,8,1,8,0.8,0.0,1.0,1.0,False,8,,,,,8,1.0,0.0,True,True,8
nonpaper diagnostic,6,suffix,4,coherent-beam,8,2,7,0.7,0.5435644431995964,0.39439272358851996,0.0673076923076923,False,18,,,,,8,1.0,0.0,False,False,8
nonpaper diagnostic,7,cue,1,coherent-beam,7,1,7,0.7,0.0,1.0,1.0,False,79,3,27,37,10,,,,,,
nonpaper diagnostic,7,cue,2,coherent-beam,9,1,9,0.9,0.0,1.0,1.0,False,20,1,10,19,10,,,,,,
nonpaper diagnostic,7,cue,3,coherent-beam,7,1,7,0.7,0.0,0.8646616541353384,0.5263157894736842,False,7,3,30,37,10,,,,,,
nonpaper diagnostic,7,cue,4,coherent-beam,8,2,7,0.7,0.5435644431995964,0.7543859649122807,0.017543859649122806,False,33,2,19,28,10,,,,,,
nonpaper diagnostic,7,cue,5,coherent-beam,10,1,10,1.0,0.0,1.0,1.0,True,20,0,0,10,10,,,,,,
nonpaper diagnostic,7,suffix,1,coherent-beam,10,1,10,1.0,0.0,1.0,1.0,True,10,,,,,8,1.0,0.0,True,True,10
nonpaper diagnostic,7,suffix,2,coherent-beam,10,2,9,0.9,0.46899559358928117,1.0,1.0,False,17,,,,,8,1.0,0.0,False,True,10
nonpaper diagnostic,8,cue,1,coherent-beam,7,1,7,0.7,0.0,0.5437323691634036,0.22916666666666666,False,60,3,27,37,10,,,,,,
nonpaper diagnostic,8,cue,2,coherent-beam,7,1,7,0.7,0.0,1.0,1.0,False,39,3,27,37,10,,,,,,
nonpaper diagnostic,8,cue,3,coherent-beam,8,1,8,0.8,0.0,1.0,1.0,False,27,2,20,28,10,,,,,,
nonpaper diagnostic,8,cue,4,coherent-beam,10,1,10,1.0,0.0,1.0,1.0,True,24,0,0,10,10,,,,,,
nonpaper diagnostic,8,cue,5,coherent-beam,9,1,9,0.9,0.0,1.0,1.0,False,9,1,10,19,10,,,,,,
nonpaper diagnostic,8,suffix,1,coherent-beam,10,6,3,0.3,0.9464119282150146,0.25914518680036536,0.08333333333333333,False,59,,,,,8,1.0,0.0,False,False,10
nonpaper diagnostic,8,suffix,2,coherent-beam,9,2,5,0.5,0.9910760598382222,1.0,1.0,False,17,,,,,8,1.0,0.0,False,False,9
nonpaper diagnostic,8,suffix,3,coherent-beam,9,1,9,0.9,0.0,1.0,1.0,False,17,,,,,8,1.0,0.0,False,False,9
nonpaper diagnostic,8,suffix,4,coherent-beam,8,1,8,0.8,0.0,1.0,1.0,False,8,,,,,8,1.0,0.0,False,False,8
nonpaper diagnostic,9,cue,1,coherent-beam,4,1,4,0.4,0.0,0.7777777777777778,0.5555555555555556,False,60,6,54,64,10,,,,,,
nonpaper diagnostic,9,cue,2,coherent-beam,10,1,10,1.0,0.0,1.0,1.0,True,10,0,0,10,10,,,,,,
nonpaper diagnostic,9,cue,3,coherent-beam,3,2,2,0.2,0.9182958340544894,0.23488543557168784,0.06896551724137931,False,30,7,69,73,10,,,,,,
nonpaper diagnostic,9,cue,4,coherent-beam,9,1,9,0.9,0.0,1.0,1.0,False,20,1,10,19,10,,,,,,
nonpaper diagnostic,9,cue,5,coherent-beam,7,1,7,0.7,0.0,0.7875457875457876,0.2564102564102564,False,48,3,28,37,10,,,,,,
nonpaper diagnostic,9,suffix,1,coherent-beam,10,2,8,0.8,0.7219280948873623,0.6839506172839507,0.1111111111111111,False,16,,,,,8,1.0,0.0,True,True,10
nonpaper diagnostic,9,suffix,2,coherent-beam,9,1,9,0.9,0.0,0.8888888888888888,0.5,False,9,,,,,8,1.0,0.0,True,True,9
nonpaper diagnostic,9,suffix,3,coherent-beam,10,1,10,1.0,0.0,1.0,1.0,True,10,,,,,8,1.0,0.0,True,True,10
nonpaper diagnostic,9,suffix,4,coherent-beam,9,1,9,0.9,0.0,1.0,1.0,False,9,,,,,8,1.0,0.0,False,False,9
nonpaper diagnostic,10,cue,1,coherent-beam,8,1,8,0.8,0.0,1.0,1.0,False,59,2,18,28,10,,,,,,
nonpaper diagnostic,10,cue,2,coherent-beam,9,1,9,0.9,0.0,1.0,1.0,False,10,1,10,19,10,,,,,,
nonpaper diagnostic,10,cue,3,coherent-beam,10,1,10,1.0,0.0,1.0,1.0,True,18,0,0,10,10,,,,,,
nonpaper diagnostic,10,cue,4,coherent-beam,8,1,8,0.8,0.0,1.0,1.0,False,8,2,20,28,10,,,,,,
nonpaper diagnostic,10,cue,5,coherent-beam,10,1,10,1.0,0.0,0.8255183413078149,0.5263157894736842,True,42,0,0,10,10,,,,,,
nonpaper diagnostic,10,suffix,1,coherent-beam,9,1,9,0.9,0.0,1.0,1.0,False,10,,,,,8,1.0,0.0,True,True,9
nonpaper diagnostic,10,suffix,2,coherent-beam,9,1,9,0.9,0.0,1.0,1.0,False,9,,,,,8,1.0,0.0,True,True,9
nonpaper diagnostic,10,suffix,3,coherent-beam,10,1,10,1.0,0.0,1.0,1.0,True,10,,,,,8,1.0,0.0,True,True,10
nonpaper diagnostic,10,suffix,4,coherent-beam,8,1,8,0.8,0.0,0.888888888888889,0.5555555555555556,False,8,,,,,8,1.0,0.0,True,True,8
nonpaper diagnostic,11,cue,1,coherent-beam,9,1,9,0.9,0.0,1.0,1.0,False,23,1,10,19,10,,,,,,
nonpaper diagnostic,11,cue,2,coherent-beam,9,1,9,0.9,0.0,0.6933551198257081,0.29411764705882354,False,16,1,10,19,10,,,,,,
nonpaper diagnostic,11,cue,3,coherent-beam,8,1,8,0.8,0.0,1.0,1.0,False,24,2,19,28,10,,,,,,
nonpaper diagnostic,11,cue,4,coherent-beam,9,1,9,0.9,0.0,1.0,1.0,False,23,1,9,19,10,,,,,,
nonpaper diagnostic,11,cue,5,coherent-beam,10,1,10,1.0,0.0,1.0,1.0,True,12,0,0,10,10,,,,,,
nonpaper diagnostic,11,suffix,1,coherent-beam,9,1,9,0.9,0.0,1.0,1.0,False,9,,,,,8,1.0,0.0,True,True,9
nonpaper diagnostic,11,suffix,2,coherent-beam,8,1,8,0.8,0.0,1.0,1.0,False,8,,,,,8,1.0,0.0,True,True,8
nonpaper diagnostic,11,suffix,3,coherent-beam,8,1,8,0.8,0.0,1.0,1.0,False,10,,,,,8,1.0,0.0,True,True,8
nonpaper diagnostic,11,suffix,4,coherent-beam,4,1,4,0.4,0.0,1.0,1.0,False,4,,,,,8,1.0,0.0,False,False,4
nonpaper diagnostic,12,cue,1,coherent-beam,10,1,10,1.0,0.0,1.0,1.0,True,23,0,0,10,10,,,,,,
nonpaper diagnostic,12,cue,2,coherent-beam,7,1,7,0.7,0.0,1.0,1.0,False,7,3,30,37,10,,,,,,
nonpaper diagnostic,12,cue,3,coherent-beam,4,1,4,0.4,0.0,0.763157894736842,0.5263157894736842,False,77,6,56,64,10,,,,,,
nonpaper diagnostic,12,cue,4,coherent-beam,9,1,9,0.9,0.0,1.0,1.0,False,28,1,9,19,10,,,,,,
nonpaper diagnostic,12,cue,5,coherent-beam,9,1,9,0.9,0.0,1.0,1.0,False,13,1,10,19,10,,,,,,
nonpaper diagnostic,12,suffix,1,coherent-beam,10,1,10,1.0,0.0,1.0,1.0,True,10,,,,,8,1.0,0.0,True,True,10
nonpaper diagnostic,12,suffix,2,coherent-beam,10,1,10,1.0,0.0,0.9111111111111111,0.5555555555555556,True,10,,,,,8,1.0,0.0,True,True,10
nonpaper diagnostic,12,suffix,3,coherent-beam,8,1,8,0.8,0.0,1.0,1.0,False,8,,,,,8,1.0,0.0,True,True,8
nonpaper diagnostic,12,suffix,4,coherent-beam,7,1,7,0.7,0.0,1.0,1.0,False,7,,,,,8,1.0,0.0,True,True,7
nonpaper diagnostic,13,cue,1,coherent-beam,6,2,5,0.5,0.6500224216483541,0.672782874617737,0.01834862385321101,False,79,4,36,46,10,,,,,,
nonpaper diagnostic,13,cue,2,coherent-beam,10,1,10,1.0,0.0,1.0,1.0,True,10,0,0,10,10,,,,,,
nonpaper diagnostic,13,cue,3,coherent-beam,9,1,9,0.9,0.0,1.0,1.0,False,9,1,10,19,10,,,,,,
nonpaper diagnostic,13,cue,4,coherent-beam,9,1,9,0.9,0.0,1.0,1.0,False,10,1,10,19,10,,,,,,
nonpaper diagnostic,13,cue,5,coherent-beam,8,1,8,0.8,0.0,1.0,1.0,False,8,2,20,28,10,,,,,,
nonpaper diagnostic,13,suffix,1,coherent-beam,10,1,10,1.0,0.0,1.0,1.0,True,11,,,,,8,1.0,0.0,True,True,10
nonpaper diagnostic,13,suffix,2,coherent-beam,8,1,8,0.8,0.0,1.0,1.0,False,9,,,,,8,1.0,0.0,True,True,8
nonpaper diagnostic,13,suffix,3,coherent-beam,9,3,6,0.6,0.7725068857142601,0.3454030656168792,0.0594059405940594,False,22,,,,,8,1.0,0.0,False,True,9
nonpaper diagnostic,13,suffix,4,coherent-beam,9,4,6,0.6,0.7233083338141042,0.8888888888888888,0.5,False,51,,,,,8,1.0,0.0,False,False,9
nonpaper diagnostic,14,cue,1,coherent-beam,8,1,8,0.8,0.0,1.0,1.0,False,31,2,18,28,10,,,,,,
nonpaper diagnostic,14,cue,2,coherent-beam,8,1,8,0.8,0.0,1.0,1.0,False,16,2,19,28,10,,,,,,
nonpaper diagnostic,14,cue,3,coherent-beam,7,1,7,0.7,0.0,1.0,1.0,False,40,3,27,37,10,,,,,,
nonpaper diagnostic,14,cue,4,coherent-beam,10,1,10,1.0,0.0,1.0,1.0,True,24,0,0,10,10,,,,,,
nonpaper diagnostic,14,cue,5,coherent-beam,9,1,9,0.9,0.0,1.0,1.0,False,9,1,10,19,10,,,,,,
nonpaper diagnostic,14,suffix,1,coherent-beam,9,2,8,0.8,0.5032583347756457,0.779874213836478,0.009433962264150943,False,12,,,,,8,1.0,0.0,True,True,9
nonpaper diagnostic,14,suffix,2,coherent-beam,8,1,8,0.8,0.0,1.0,1.0,False,8,,,,,8,1.0,0.0,True,True,8
nonpaper diagnostic,14,suffix,3,coherent-beam,6,1,6,0.6,0.0,1.0,1.0,False,9,,,,,8,1.0,0.0,True,True,6
nonpaper diagnostic,14,suffix,4,coherent-beam,9,1,9,0.9,0.0,1.0,1.0,False,9,,,,,8,1.0,0.0,False,False,9
nonpaper diagnostic,15,cue,1,coherent-beam,10,1,10,1.0,0.0,1.0,1.0,True,25,0,0,10,10,,,,,,
nonpaper diagnostic,15,cue,2,coherent-beam,8,1,8,0.8,0.0,1.0,1.0,False,8,2,20,28,10,,,,,,
nonpaper diagnostic,15,cue,3,coherent-beam,10,1,10,1.0,0.0,1.0,1.0,True,23,0,0,10,10,,,,,,
nonpaper diagnostic,15,cue,4,coherent-beam,7,1,7,0.7,0.0,0.8646616541353384,0.5263157894736842,False,7,3,30,37,10,,,,,,
nonpaper diagnostic,15,cue,5,coherent-beam,7,1,7,0.7,0.0,0.8571428571428571,0.5,False,28,3,28,37,10,,,,,,
nonpaper diagnostic,15,suffix,1,coherent-beam,9,1,9,0.9,0.0,1.0,1.0,False,10,,,,,8,1.0,0.0,True,True,9
nonpaper diagnostic,15,suffix,2,coherent-beam,6,1,6,0.6,0.0,1.0,1.0,False,6,,,,,8,1.0,0.0,True,True,6
nonpaper diagnostic,15,suffix,3,coherent-beam,9,1,9,0.9,0.0,1.0,1.0,False,9,,,,,8,1.0,0.0,False,True,9
nonpaper diagnostic,15,suffix,4,coherent-beam,7,2,6,0.6,0.5916727785823274,0.6827677431125707,0.25,False,9,,,,,8,1.0,0.0,False,False,7
nonpaper diagnostic,16,cue,1,coherent-beam,2,1,2,0.2,0.0,1.0,1.0,False,60,8,73,82,10,,,,,,
nonpaper diagnostic,16,cue,2,coherent-beam,3,1,3,0.3,0.0,1.0,1.0,False,38,7,63,73,10,,,,,,
nonpaper diagnostic,16,cue,3,coherent-beam,4,1,4,0.4,0.0,1.0,1.0,False,80,6,54,64,10,,,,,,
nonpaper diagnostic,16,cue,4,coherent-beam,7,1,7,0.7,0.0,0.8646616541353384,0.5263157894736842,False,80,3,27,37,10,,,,,,
nonpaper diagnostic,16,cue,5,coherent-beam,10,1,10,1.0,0.0,1.0,1.0,True,24,0,0,10,10,,,,,,
nonpaper diagnostic,16,suffix,1,coherent-beam,10,1,10,1.0,0.0,1.0,1.0,True,10,,,,,8,1.0,0.0,True,True,10
nonpaper diagnostic,16,suffix,2,coherent-beam,3,1,3,0.3,0.0,1.0,1.0,False,5,,,,,8,1.0,0.0,True,True,3
nonpaper diagnostic,17,cue,1,coherent-beam,10,1,10,1.0,0.0,1.0,1.0,True,12,0,0,10,10,,,,,,
nonpaper diagnostic,17,cue,2,coherent-beam,9,1,9,0.9,0.0,1.0,1.0,False,9,1,10,19,10,,,,,,
nonpaper diagnostic,17,cue,3,coherent-beam,10,1,10,1.0,0.0,1.0,1.0,True,10,0,0,10,10,,,,,,
nonpaper diagnostic,17,cue,4,coherent-beam,9,1,9,0.9,0.0,1.0,1.0,False,9,1,10,19,10,,,,,,
nonpaper diagnostic,17,cue,5,coherent-beam,9,1,9,0.9,0.0,1.0,1.0,False,9,1,10,19,10,,,,,,
nonpaper diagnostic,17,suffix,1,coherent-beam,10,2,8,0.8,0.7219280948873623,0.6386596119929453,0.0,False,35,,,,,8,1.0,0.0,True,True,10
nonpaper diagnostic,17,suffix,2,coherent-beam,10,1,10,1.0,0.0,1.0,1.0,True,10,,,,,8,1.0,0.0,True,True,10
nonpaper diagnostic,17,suffix,3,coherent-beam,8,1,8,0.8,0.0,1.0,1.0,False,8,,,,,8,1.0,0.0,True,True,8
nonpaper diagnostic,17,suffix,4,coherent-beam,7,2,6,0.6,0.5916727785823274,0.6384495722063781,0.10344827586206896,False,7,,,,,8,1.0,0.0,False,False,7
nonpaper diagnostic,18,cue,1,coherent-beam,5,1,5,0.5,0.0,1.0,1.0,False,79,5,45,55,10,,,,,,
nonpaper diagnostic,18,cue,2,coherent-beam,9,1,9,0.9,0.0,1.0,1.0,False,9,1,10,19,10,,,,,,
nonpaper diagnostic,18,cue,3,coherent-beam,8,1,8,0.8,0.0,1.0,1.0,False,19,2,19,28,10,,,,,,
nonpaper diagnostic,18,cue,4,coherent-beam,9,1,9,0.9,0.0,1.0,1.0,False,25,1,9,19,10,,,,,,
nonpaper diagnostic,18,cue,5,coherent-beam,7,1,7,0.7,0.0,0.8646616541353384,0.5263157894736842,False,11,3,30,37,10,,,,,,
nonpaper diagnostic,18,suffix,1,coherent-beam,10,4,5,0.5,0.8427376486136672,0.2936821496632142,0.0,False,21,,,,,8,1.0,0.0,True,True,10
nonpaper diagnostic,18,suffix,2,coherent-beam,7,1,7,0.7,0.0,1.0,1.0,False,9,,,,,8,1.0,0.0,True,True,7
nonpaper diagnostic,18,suffix,3,coherent-beam,8,1,8,0.8,0.0,1.0,1.0,False,8,,,,,8,1.0,0.0,False,False,8
nonpaper diagnostic,18,suffix,4,coherent-beam,9,1,9,0.9,0.0,1.0,1.0,False,9,,,,,8,1.0,0.0,False,False,9
nonpaper diagnostic,19,cue,1,coherent-beam,4,1,4,0.4,0.0,0.6842105263157894,0.5263157894736842,False,60,6,55,64,10,,,,,,
nonpaper diagnostic,19,cue,2,coherent-beam,8,1,8,0.8,0.0,1.0,1.0,False,34,2,18,28,10,,,,,,
nonpaper diagnostic,19,cue,3,coherent-beam,10,1,10,1.0,0.0,1.0,1.0,True,11,0,0,10,10,,,,,,
nonpaper diagnostic,19,cue,4,coherent-beam,10,1,10,1.0,0.0,1.0,1.0,True,10,0,0,10,10,,,,,,
nonpaper diagnostic,19,cue,5,coherent-beam,9,1,9,0.9,0.0,1.0,1.0,False,9,1,10,19,10,,,,,,
nonpaper diagnostic,19,suffix,1,coherent-beam,8,2,7,0.7,0.5435644431995964,0.7573529411764707,0.029411764705882353,False,9,,,,,8,1.0,0.0,True,True,8
nonpaper diagnostic,19,suffix,2,coherent-beam,8,1,8,0.8,0.0,1.0,1.0,False,8,,,,,8,1.0,0.0,True,True,8
nonpaper diagnostic,19,suffix,3,coherent-beam,10,4,5,0.5,0.8427376486136672,0.4485392739445316,0.171875,False,22,,,,,8,1.0,0.0,False,True,10
nonpaper diagnostic,19,suffix,4,coherent-beam,9,1,9,0.9,0.0,1.0,1.0,False,16,,,,,8,1.0,0.0,False,False,9
nonpaper diagnostic,20,cue,1,coherent-beam,6,2,5,0.5,0.6500224216483541,0.6666666666666666,0.0,False,34,4,37,46,10,,,,,,
nonpaper diagnostic,20,cue,2,coherent-beam,8,2,6,0.6,0.8112781244591328,0.6470588235294118,0.17647058823529413,False,15,2,19,28,10,,,,,,
nonpaper diagnostic,20,cue,3,coherent-beam,7,1,7,0.7,0.0,1.0,1.0,False,32,3,29,37,10,,,,,,
nonpaper diagnostic,20,cue,4,coherent-beam,9,1,9,0.9,0.0,1.0,1.0,False,10,1,10,19,10,,,,,,
nonpaper diagnostic,20,cue,5,coherent-beam,7,1,7,0.7,0.0,1.0,1.0,False,28,3,27,37,10,,,,,,
nonpaper diagnostic,20,suffix,1,coherent-beam,8,3,6,0.6,0.6695919455357792,0.5464032326896404,0.0,False,35,,,,,8,1.0,0.0,True,True,8
nonpaper diagnostic,20,suffix,2,coherent-beam,6,1,6,0.6,0.0,1.0,1.0,False,6,,,,,8,1.0,0.0,True,True,6
nonpaper diagnostic,20,suffix,3,coherent-beam,6,1,6,0.6,0.0,0.492694551325916,0.3181818181818182,False,7,,,,,8,1.0,0.0,True,True,6
nonpaper diagnostic,20,suffix,4,coherent-beam,9,3,5,0.5,0.8527924884900404,1.0,1.0,False,50,,,,,8,1.0,0.0,False,False,9
nonpaper diagnostic,21,cue,1,coherent-beam,7,1,7,0.7,0.0,1.0,1.0,False,59,3,27,37,10,,,,,,
nonpaper diagnostic,21,cue,2,coherent-beam,7,1,7,0.7,0.0,1.0,1.0,False,16,3,29,37,10,,,,,,
nonpaper diagnostic,21,cue,3,coherent-beam,10,1,10,1.0,0.0,1.0,1.0,True,12,0,0,10,10,,,,,,
nonpaper diagnostic,21,cue,4,coherent-beam,10,1,10,1.0,0.0,1.0,1.0,True,10,0,0,10,10,,,,,,
nonpaper diagnostic,21,cue,5,coherent-beam,9,1,9,0.9,0.0,1.0,1.0,False,9,1,10,19,10,,,,,,
nonpaper diagnostic,21,suffix,1,coherent-beam,10,4,5,0.5,0.8427376486136672,0.3206157846401785,0.058823529411764705,False,56,,,,,8,1.0,0.0,False,True,10
nonpaper diagnostic,21,suffix,2,coherent-beam,10,3,6,0.6,0.8173454221465101,0.9,0.5,False,30,,,,,8,1.0,0.0,False,False,10
nonpaper diagnostic,22,cue,1,coherent-beam,4,1,4,0.4,0.0,1.0,1.0,False,66,6,55,64,10,,,,,,
nonpaper diagnostic,22,cue,2,coherent-beam,7,1,7,0.7,0.0,1.0,1.0,False,22,3,30,37,10,,,,,,
nonpaper diagnostic,22,cue,3,coherent-beam,3,2,2,0.2,0.9182958340544894,0.4090909090909091,0.11363636363636363,False,70,7,64,73,10,,,,,,
nonpaper diagnostic,22,cue,4,coherent-beam,9,1,9,0.9,0.0,1.0,1.0,False,23,1,9,19,10,,,,,,
nonpaper diagnostic,22,cue,5,coherent-beam,4,1,4,0.4,0.0,1.0,1.0,False,37,6,57,64,10,,,,,,
nonpaper diagnostic,22,suffix,1,coherent-beam,10,2,9,0.9,0.46899559358928117,0.8,0.0,False,52,,,,,8,1.0,0.0,True,True,10
nonpaper diagnostic,22,suffix,2,coherent-beam,9,1,9,0.9,0.0,1.0,1.0,False,9,,,,,8,1.0,0.0,True,True,9
nonpaper diagnostic,22,suffix,3,coherent-beam,8,1,8,0.8,0.0,1.0,1.0,False,8,,,,,8,1.0,0.0,True,True,8
nonpaper diagnostic,22,suffix,4,coherent-beam,9,1,9,0.9,0.0,1.0,1.0,False,9,,,,,8,1.0,0.0,False,False,9
nonpaper diagnostic,23,cue,1,coherent-beam,9,1,9,0.9,0.0,1.0,1.0,False,66,1,9,19,10,,,,,,
nonpaper diagnostic,23,cue,2,coherent-beam,10,1,10,1.0,0.0,1.0,1.0,True,10,0,0,10,10,,,,,,
nonpaper diagnostic,23,cue,3,coherent-beam,7,1,7,0.7,0.0,1.0,1.0,False,7,3,30,37,10,,,,,,
nonpaper diagnostic,23,cue,4,coherent-beam,10,1,10,1.0,0.0,1.0,1.0,True,10,0,0,10,10,,,,,,
nonpaper diagnostic,23,cue,5,coherent-beam,9,1,9,0.9,0.0,1.0,1.0,False,9,1,10,19,10,,,,,,
nonpaper diagnostic,23,suffix,1,coherent-beam,10,1,10,1.0,0.0,1.0,1.0,True,10,,,,,8,1.0,0.0,True,True,10
nonpaper diagnostic,23,suffix,2,coherent-beam,10,1,10,1.0,0.0,1.0,1.0,True,10,,,,,8,1.0,0.0,True,True,10
nonpaper diagnostic,23,suffix,3,coherent-beam,9,1,9,0.9,0.0,1.0,1.0,False,10,,,,,8,1.0,0.0,True,True,9
nonpaper diagnostic,23,suffix,4,coherent-beam,6,1,6,0.6,0.0,0.7857142857142858,0.35714285714285715,False,7,,,,,8,1.0,0.0,True,True,6
nonpaper diagnostic,24,cue,1,coherent-beam,2,1,2,0.2,0.0,0.5263157894736842,0.5263157894736842,False,60,8,75,82,10,,,,,,
nonpaper diagnostic,24,cue,2,coherent-beam,10,1,10,1.0,0.0,1.0,1.0,True,34,0,0,10,10,,,,,,
nonpaper diagnostic,24,cue,3,coherent-beam,10,1,10,1.0,0.0,1.0,1.0,True,10,0,0,10,10,,,,,,
nonpaper diagnostic,24,cue,4,coherent-beam,10,1,10,1.0,0.0,1.0,1.0,True,10,0,0,10,10,,,,,,
nonpaper diagnostic,24,cue,5,coherent-beam,9,1,9,0.9,0.0,1.0,1.0,False,9,1,10,19,10,,,,,,
nonpaper diagnostic,24,suffix,1,coherent-beam,10,3,8,0.8,0.5816718657178868,0.6557627929220469,0.0,False,30,,,,,8,1.0,0.0,True,True,10
nonpaper diagnostic,24,suffix,2,coherent-beam,10,1,10,1.0,0.0,1.0,1.0,True,10,,,,,8,1.0,0.0,True,True,10
nonpaper diagnostic,24,suffix,3,coherent-beam,7,1,7,0.7,0.0,1.0,1.0,False,7,,,,,8,1.0,0.0,True,True,7
nonpaper diagnostic,24,suffix,4,coherent-beam,8,1,8,0.8,0.0,1.0,1.0,False,8,,,,,8,1.0,0.0,False,False,8
nonpaper diagnostic,25,cue,1,coherent-beam,8,2,7,0.7,0.5435644431995964,0.5004069080747847,0.0,False,34,2,18,28,10,,,,,,
nonpaper diagnostic,25,cue,2,coherent-beam,6,3,4,0.4,0.7896900821428474,0.27966258747687117,0.0,False,64,4,36,46,10,,,,,,
nonpaper diagnostic,25,cue,3,coherent-beam,6,1,6,0.6,0.0,1.0,1.0,False,6,4,40,46,10,,,,,,
nonpaper diagnostic,25,cue,4,coherent-beam,3,1,3,0.3,0.0,1.0,1.0,False,92,7,64,73,10,,,,,,
nonpaper diagnostic,25,cue,5,coherent-beam,4,1,4,0.4,0.0,1.0,1.0,False,75,6,54,64,10,,,,,,
nonpaper diagnostic,25,suffix,1,coherent-beam,9,1,9,0.9,0.0,1.0,1.0,False,11,,,,,8,1.0,0.0,True,True,9
nonpaper diagnostic,25,suffix,2,coherent-beam,9,3,6,0.6,0.7725068857142601,0.29174407209742614,0.037383177570093455,False,21,,,,,8,1.0,0.0,False,True,9
nonpaper diagnostic,25,suffix,3,coherent-beam,10,4,5,0.5,0.8427376486136672,1.0,1.0,False,53,,,,,8,1.0,0.0,False,False,10
nonpaper diagnostic,26,cue,1,coherent-beam,6,2,5,0.5,0.6500224216483541,0.7037037037037037,0.1111111111111111,False,66,4,36,46,10,,,,,,
nonpaper diagnostic,26,cue,2,coherent-beam,9,1,9,0.9,0.0,1.0,1.0,False,23,1,9,19,10,,,,,,
nonpaper diagnostic,26,cue,3,coherent-beam,10,1,10,1.0,0.0,1.0,1.0,True,11,0,0,10,10,,,,,,
nonpaper diagnostic,26,cue,4,coherent-beam,10,1,10,1.0,0.0,1.0,1.0,True,10,0,0,10,10,,,,,,
nonpaper diagnostic,26,cue,5,coherent-beam,10,1,10,1.0,0.0,1.0,1.0,True,10,0,0,10,10,,,,,,
nonpaper diagnostic,26,suffix,1,coherent-beam,8,1,8,0.8,0.0,1.0,1.0,False,9,,,,,8,1.0,0.0,True,True,8
nonpaper diagnostic,26,suffix,2,coherent-beam,10,1,10,1.0,0.0,1.0,1.0,True,10,,,,,8,1.0,0.0,True,True,10
nonpaper diagnostic,26,suffix,3,coherent-beam,9,1,9,0.9,0.0,1.0,1.0,False,9,,,,,8,1.0,0.0,True,True,9
nonpaper diagnostic,26,suffix,4,coherent-beam,9,1,9,0.9,0.0,1.0,1.0,False,9,,,,,8,1.0,0.0,False,False,9
nonpaper diagnostic,27,cue,1,coherent-beam,7,1,7,0.7,0.0,1.0,1.0,False,59,3,27,37,10,,,,,,
nonpaper diagnostic,27,cue,2,coherent-beam,6,1,6,0.6,0.0,1.0,1.0,False,27,4,36,46,10,,,,,,
nonpaper diagnostic,27,cue,3,coherent-beam,3,2,2,0.2,0.9182958340544894,0.2176738141650422,0.05263157894736842,False,85,7,63,73,10,,,,,,
nonpaper diagnostic,27,cue,4,coherent-beam,8,1,8,0.8,0.0,1.0,1.0,False,52,2,18,28,10,,,,,,
nonpaper diagnostic,27,cue,5,coherent-beam,8,1,8,0.8,0.0,1.0,1.0,False,20,2,18,28,10,,,,,,
nonpaper diagnostic,27,suffix,1,coherent-beam,10,1,10,1.0,0.0,0.7333333333333333,0.5,True,24,,,,,8,1.0,0.0,True,True,10
nonpaper diagnostic,27,suffix,2,coherent-beam,10,2,8,0.8,0.7219280948873623,1.0,1.0,False,19,,,,,8,1.0,0.0,False,True,10
nonpaper diagnostic,27,suffix,3,coherent-beam,10,2,9,0.9,0.46899559358928117,0.8540540540540541,0.2702702702702703,True,10,,,,,8,1.0,0.0,True,True,10
nonpaper diagnostic,28,cue,1,coherent-beam,1,1,1,0.1,0.0,0.0,0.0,False,60,9,82,91,10,,,,,,
nonpaper diagnostic,28,cue,2,coherent-beam,9,1,9,0.9,0.0,1.0,1.0,False,28,1,9,19,10,,,,,,
nonpaper diagnostic,28,cue,3,coherent-beam,9,2,8,0.8,0.5032583347756457,0.8888888888888888,0.5,False,11,1,10,19,10,,,,,,
nonpaper diagnostic,28,cue,4,coherent-beam,8,1,8,0.8,0.0,0.8392857142857143,0.35714285714285715,False,9,2,19,28,10,,,,,,
nonpaper diagnostic,28,cue,5,coherent-beam,10,2,9,0.9,0.46899559358928117,0.8,0.0,False,27,0,0,10,10,,,,,,
nonpaper diagnostic,28,suffix,1,coherent-beam,6,1,6,0.6,0.0,1.0,1.0,False,6,,,,,8,1.0,0.0,True,True,6
nonpaper diagnostic,28,suffix,2,coherent-beam,9,4,5,0.5,0.8288713632524444,0.509892752469018,0.05063291139240506,False,18,,,,,8,1.0,0.0,True,True,9
nonpaper diagnostic,28,suffix,3,coherent-beam,9,1,9,0.9,0.0,1.0,1.0,False,9,,,,,8,1.0,0.0,False,False,9
nonpaper diagnostic,28,suffix,4,coherent-beam,7,1,7,0.7,0.0,0.8095238095238095,0.6666666666666666,False,7,,,,,8,1.0,0.0,False,False,7
nonpaper diagnostic,29,cue,1,coherent-beam,9,1,9,0.9,0.0,1.0,1.0,False,17,1,9,19,10,,,,,,
nonpaper diagnostic,29,cue,2,coherent-beam,6,1,6,0.6,0.0,1.0,1.0,False,24,4,39,46,10,,,,,,
nonpaper diagnostic,29,cue,3,coherent-beam,9,1,9,0.9,0.0,1.0,1.0,False,20,1,9,19,10,,,,,,
nonpaper diagnostic,29,cue,4,coherent-beam,10,1,10,1.0,0.0,1.0,1.0,True,10,0,0,10,10,,,,,,
nonpaper diagnostic,29,cue,5,coherent-beam,6,1,6,0.6,0.0,1.0,1.0,False,9,4,39,46,10,,,,,,
nonpaper diagnostic,29,suffix,1,coherent-beam,9,1,9,0.9,0.0,1.0,1.0,False,9,,,,,8,1.0,0.0,True,True,9
nonpaper diagnostic,29,suffix,2,coherent-beam,8,2,6,0.6,0.8112781244591328,0.5969129849742094,0.07,False,17,,,,,8,1.0,0.0,True,True,8
nonpaper diagnostic,29,suffix,3,coherent-beam,8,1,8,0.8,0.0,1.0,1.0,False,8,,,,,8,1.0,0.0,False,False,8
nonpaper diagnostic,30,cue,1,coherent-beam,9,1,9,0.9,0.0,1.0,1.0,False,40,1,9,19,10,,,,,,
nonpaper diagnostic,30,cue,2,coherent-beam,10,1,10,1.0,0.0,1.0,1.0,True,13,0,0,10,10,,,,,,
nonpaper diagnostic,30,cue,3,coherent-beam,10,1,10,1.0,0.0,1.0,1.0,True,10,0,0,10,10,,,,,,
nonpaper diagnostic,30,cue,4,coherent-beam,10,1,10,1.0,0.0,1.0,1.0,True,10,0,0,10,10,,,,,,
nonpaper diagnostic,30,cue,5,coherent-beam,9,1,9,0.9,0.0,1.0,1.0,False,9,1,10,19,10,,,,,,
nonpaper diagnostic,30,suffix,1,coherent-beam,9,1,9,0.9,0.0,1.0,1.0,False,12,,,,,8,1.0,0.0,True,True,9
nonpaper diagnostic,30,suffix,2,coherent-beam,9,1,9,0.9,0.0,1.0,1.0,False,9,,,,,8,1.0,0.0,True,True,9
nonpaper diagnostic,30,suffix,3,coherent-beam,8,1,8,0.8,0.0,0.881578947368421,0.5263157894736842,False,8,,,,,8,1.0,0.0,True,True,8
nonpaper diagnostic,30,suffix,4,coherent-beam,8,1,8,0.8,0.0,1.0,1.0,False,8,,,,,8,1.0,0.0,False,False,8
nonpaper diagnostic,31,cue,1,coherent-beam,3,2,2,0.2,0.9182958340544894,0.6842105263157894,0.5263157894736842,False,60,7,66,73,10,,,,,,
nonpaper diagnostic,31,cue,2,coherent-beam,7,1,7,0.7,0.0,0.8646616541353384,0.5263157894736842,False,8,3,30,37,10,,,,,,
nonpaper diagnostic,31,cue,3,coherent-beam,1,1,1,0.1,0.0,0.0,0.0,False,70,9,83,91,10,,,,,,
nonpaper diagnostic,31,cue,4,coherent-beam,9,2,8,0.8,0.5032583347756457,0.7777777777777778,0.0,False,42,1,9,19,10,,,,,,
nonpaper diagnostic,31,cue,5,coherent-beam,7,1,7,0.7,0.0,1.0,1.0,False,7,3,30,37,10,,,,,,
nonpaper diagnostic,31,suffix,1,coherent-beam,10,6,5,0.5,0.8359750080865052,0.20252030742921867,0.022222222222222223,False,72,,,,,8,1.0,0.0,False,False,10
nonpaper diagnostic,31,suffix,2,coherent-beam,10,4,4,0.4,0.9232196723355078,1.0,1.0,False,48,,,,,8,1.0,0.0,False,False,10
nonpaper diagnostic,32,cue,1,coherent-beam,8,1,8,0.8,0.0,1.0,1.0,False,34,2,18,28,10,,,,,,
nonpaper diagnostic,32,cue,2,coherent-beam,7,1,7,0.7,0.0,1.0,1.0,False,24,3,29,37,10,,,,,,
nonpaper diagnostic,32,cue,3,coherent-beam,10,1,10,1.0,0.0,1.0,1.0,True,10,0,0,10,10,,,,,,
nonpaper diagnostic,32,cue,4,coherent-beam,10,1,10,1.0,0.0,1.0,1.0,True,10,0,0,10,10,,,,,,
nonpaper diagnostic,32,cue,5,coherent-beam,8,1,8,0.8,0.0,1.0,1.0,False,8,2,20,28,10,,,,,,
nonpaper diagnostic,32,suffix,1,coherent-beam,10,4,4,0.4,0.8609640474436813,0.294899053105359,0.07142857142857142,False,54,,,,,8,1.0,0.0,False,False,10
nonpaper diagnostic,32,suffix,2,coherent-beam,10,5,4,0.4,0.881353453268883,1.0,1.0,False,37,,,,,8,1.0,0.0,False,False,10
nonpaper diagnostic,33,cue,1,coherent-beam,5,1,5,0.5,0.0,1.0,1.0,False,77,5,45,55,10,,,,,,
nonpaper diagnostic,33,cue,2,coherent-beam,8,1,8,0.8,0.0,1.0,1.0,False,43,2,19,28,10,,,,,,
nonpaper diagnostic,33,cue,3,coherent-beam,10,1,10,1.0,0.0,1.0,1.0,True,21,0,0,10,10,,,,,,
nonpaper diagnostic,33,cue,4,coherent-beam,9,1,9,0.9,0.0,1.0,1.0,False,9,1,10,19,10,,,,,,
nonpaper diagnostic,33,cue,5,coherent-beam,7,2,6,0.6,0.5916727785823274,0.6015037593984962,0.0,False,27,3,28,37,10,,,,,,
nonpaper diagnostic,33,suffix,1,coherent-beam,9,1,9,0.9,0.0,1.0,1.0,False,10,,,,,8,1.0,0.0,True,True,9
nonpaper diagnostic,33,suffix,2,coherent-beam,9,1,9,0.9,0.0,1.0,1.0,False,9,,,,,8,1.0,0.0,True,True,9
nonpaper diagnostic,33,suffix,3,coherent-beam,8,1,8,0.8,0.0,1.0,1.0,False,8,,,,,8,1.0,0.0,True,True,8
nonpaper diagnostic,33,suffix,4,coherent-beam,9,1,9,0.9,0.0,1.0,1.0,False,9,,,,,8,1.0,0.0,True,True,9
nonpaper diagnostic,34,cue,1,coherent-beam,10,1,10,1.0,0.0,1.0,1.0,True,11,0,0,10,10,,,,,,
nonpaper diagnostic,34,cue,2,coherent-beam,5,2,4,0.4,0.7219280948873623,0.726068376068376,0.5,False,44,5,49,55,10,,,,,,
nonpaper diagnostic,34,cue,3,coherent-beam,9,1,9,0.9,0.0,1.0,1.0,False,40,1,9,19,10,,,,,,
nonpaper diagnostic,34,cue,4,coherent-beam,1,1,1,0.1,0.0,0.0,0.0,False,1,9,90,91,10,,,,,,
nonpaper diagnostic,34,cue,5,coherent-beam,4,2,3,0.3,0.8112781244591328,0.13910281176935027,0.0,False,96,6,54,64,10,,,,,,
nonpaper diagnostic,34,suffix,1,coherent-beam,10,3,5,0.5,0.8586727110732549,1.0,1.0,False,89,,,,,8,1.0,0.0,False,False,10
nonpaper diagnostic,34,suffix,2,coherent-beam,6,2,5,0.5,0.6500224216483541,0.8421052631578948,0.5263157894736842,False,6,,,,,8,1.0,0.0,False,False,6
nonpaper diagnostic,35,cue,1,coherent-beam,3,1,3,0.3,0.0,1.0,1.0,False,79,7,63,73,10,,,,,,
nonpaper diagnostic,35,cue,2,coherent-beam,9,1,9,0.9,0.0,1.0,1.0,False,18,1,10,19,10,,,,,,
nonpaper diagnostic,35,cue,3,coherent-beam,9,1,9,0.9,0.0,1.0,1.0,False,14,1,10,19,10,,,,,,
nonpaper diagnostic,35,cue,4,coherent-beam,9,1,9,0.9,0.0,1.0,1.0,False,12,1,10,19,10,,,,,,
nonpaper diagnostic,35,cue,5,coherent-beam,9,1,9,0.9,0.0,1.0,1.0,False,26,1,9,19,10,,,,,,
nonpaper diagnostic,35,suffix,1,coherent-beam,7,1,7,0.7,0.0,1.0,1.0,False,8,,,,,8,1.0,0.0,True,True,7
nonpaper diagnostic,35,suffix,2,coherent-beam,8,1,8,0.8,0.0,1.0,1.0,False,8,,,,,8,1.0,0.0,True,True,8
nonpaper diagnostic,35,suffix,3,coherent-beam,9,4,4,0.4,0.8763576394898523,0.2574535858842941,0.09090909090909091,False,25,,,,,8,1.0,0.0,False,False,9
nonpaper diagnostic,35,suffix,4,coherent-beam,9,2,6,0.6,0.9182958340544894,0.5,0.0,False,9,,,,,8,1.0,0.0,False,False,9
nonpaper diagnostic,36,cue,1,coherent-beam,4,1,4,0.4,0.0,1.0,1.0,False,77,6,55,64,10,,,,,,
nonpaper diagnostic,36,cue,2,coherent-beam,8,2,7,0.7,0.5435644431995964,0.75,0.0,False,49,2,19,28,10,,,,,,
nonpaper diagnostic,36,cue,3,coherent-beam,7,1,7,0.7,0.0,1.0,1.0,False,24,3,28,37,10,,,,,,
nonpaper diagnostic,36,cue,4,coherent-beam,7,1,7,0.7,0.0,1.0,1.0,False,15,3,29,37,10,,,,,,
nonpaper diagnostic,36,cue,5,coherent-beam,6,4,2,0.2,0.9591479170272448,0.21473480220116048,0.0,False,79,4,36,46,10,,,,,,
nonpaper diagnostic,36,suffix,1,coherent-beam,10,2,7,0.7,0.8812908992306927,0.8666666666666667,0.625,False,26,,,,,8,1.0,0.0,False,True,10
nonpaper diagnostic,36,suffix,2,coherent-beam,7,1,7,0.7,0.0,1.0,1.0,False,7,,,,,8,1.0,0.0,True,True,7
nonpaper diagnostic,36,suffix,3,coherent-beam,10,4,7,0.7,0.6783898247235197,0.7278939686380702,0.3333333333333333,True,10,,,,,8,1.0,0.0,False,False,10
nonpaper diagnostic,36,suffix,4,coherent-beam,7,1,7,0.7,0.0,1.0,1.0,False,7,,,,,8,1.0,0.0,False,False,7
nonpaper diagnostic,37,cue,1,coherent-beam,7,1,7,0.7,0.0,1.0,1.0,False,59,3,27,37,10,,,,,,
nonpaper diagnostic,37,cue,2,coherent-beam,10,1,10,1.0,0.0,1.0,1.0,True,10,0,0,10,10,,,,,,
nonpaper diagnostic,37,cue,3,coherent-beam,10,1,10,1.0,0.0,1.0,1.0,True,11,0,0,10,10,,,,,,
nonpaper diagnostic,37,cue,4,coherent-beam,10,1,10,1.0,0.0,1.0,1.0,True,10,0,0,10,10,,,,,,
nonpaper diagnostic,37,cue,5,coherent-beam,8,1,8,0.8,0.0,0.8095238095238095,0.5555555555555556,False,8,2,20,28,10,,,,,,
nonpaper diagnostic,37,suffix,1,coherent-beam,10,4,4,0.4,0.9232196723355078,0.2877244583124053,0.05,False,67,,,,,8,1.0,0.0,False,False,10
nonpaper diagnostic,37,suffix,2,coherent-beam,10,3,8,0.8,0.5816718657178868,0.6333333333333333,0.0,False,24,,,,,8,1.0,0.0,False,False,10
nonpaper diagnostic,37,suffix,3,coherent-beam,10,2,5,0.5,1.0,1.0,1.0,False,19,,,,,8,1.0,0.0,False,False,10
nonpaper diagnostic,37,suffix,4,coherent-beam,8,3,6,0.6,0.6695919455357792,0.7087111680830525,0.18518518518518517,False,13,,,,,8,1.0,0.0,False,False,8
nonpaper diagnostic,38,cue,1,coherent-beam,9,1,9,0.9,0.0,1.0,1.0,False,30,1,10,19,10,,,,,,
nonpaper diagnostic,38,cue,2,coherent-beam,10,1,10,1.0,0.0,1.0,1.0,True,10,0,0,10,10,,,,,,
nonpaper diagnostic,38,cue,3,coherent-beam,9,1,9,0.9,0.0,1.0,1.0,False,9,1,10,19,10,,,,,,
nonpaper diagnostic,38,cue,4,coherent-beam,10,1,10,1.0,0.0,1.0,1.0,True,10,0,0,10,10,,,,,,
nonpaper diagnostic,38,cue,5,coherent-beam,10,1,10,1.0,0.0,1.0,1.0,True,10,0,0,10,10,,,,,,
nonpaper diagnostic,38,suffix,1,coherent-beam,10,2,9,0.9,0.46899559358928117,0.8273972602739726,0.136986301369863,True,10,,,,,8,1.0,0.0,True,True,10
nonpaper diagnostic,38,suffix,2,coherent-beam,9,1,9,0.9,0.0,1.0,1.0,False,9,,,,,8,1.0,0.0,True,True,9
nonpaper diagnostic,38,suffix,3,coherent-beam,9,1,9,0.9,0.0,1.0,1.0,False,9,,,,,8,1.0,0.0,True,True,9
nonpaper diagnostic,38,suffix,4,coherent-beam,10,1,10,1.0,0.0,1.0,1.0,True,10,,,,,8,1.0,0.0,True,True,10
nonpaper diagnostic,39,cue,1,coherent-beam,9,1,9,0.9,0.0,1.0,1.0,False,16,1,9,19,10,,,,,,
nonpaper diagnostic,39,cue,2,coherent-beam,10,1,10,1.0,0.0,1.0,1.0,True,10,0,0,10,10,,,,,,
nonpaper diagnostic,39,cue,3,coherent-beam,10,1,10,1.0,0.0,1.0,1.0,True,10,0,0,10,10,,,,,,
nonpaper diagnostic,39,cue,4,coherent-beam,8,1,8,0.8,0.0,1.0,1.0,False,8,2,20,28,10,,,,,,
nonpaper diagnostic,39,cue,5,coherent-beam,5,1,5,0.5,0.0,0.8352941176470589,0.5882352941176471,False,58,5,48,55,10,,,,,,
nonpaper diagnostic,39,suffix,1,coherent-beam,10,5,3,0.3,0.9674887648835618,0.16334568789036533,0.0,False,39,,,,,8,1.0,0.0,False,True,10
nonpaper diagnostic,39,suffix,2,coherent-beam,1,1,1,0.1,0.0,0.0,0.0,False,1,,,,,8,1.0,0.0,False,False,1
nonpaper diagnostic,40,cue,1,coherent-beam,9,1,9,0.9,0.0,1.0,1.0,False,29,1,9,19,10,,,,,,
nonpaper diagnostic,40,cue,2,coherent-beam,10,1,10,1.0,0.0,1.0,1.0,True,10,0,0,10,10,,,,,,
nonpaper diagnostic,40,cue,3,coherent-beam,9,1,9,0.9,0.0,1.0,1.0,False,9,1,10,19,10,,,,,,
nonpaper diagnostic,40,cue,4,coherent-beam,8,2,7,0.7,0.5435644431995964,0.888888888888889,0.5555555555555556,False,27,2,19,28,10,,,,,,
nonpaper diagnostic,40,cue,5,coherent-beam,10,1,10,1.0,0.0,1.0,1.0,True,11,0,0,10,10,,,,,,
nonpaper diagnostic,40,suffix,1,coherent-beam,10,1,10,1.0,0.0,1.0,1.0,True,10,,,,,8,1.0,0.0,True,True,10
nonpaper diagnostic,40,suffix,2,coherent-beam,10,1,10,1.0,0.0,0.807843137254902,0.5882352941176471,True,10,,,,,8,1.0,0.0,True,True,10
nonpaper diagnostic,40,suffix,3,coherent-beam,10,2,7,0.7,0.8812908992306927,1.0,1.0,False,18,,,,,8,1.0,0.0,True,True,10
nonpaper diagnostic,40,suffix,4,coherent-beam,9,1,9,0.9,0.0,1.0,1.0,False,9,,,,,8,1.0,0.0,False,True,9
nonpaper diagnostic,41,cue,1,coherent-beam,6,2,5,0.5,0.6500224216483541,0.6842105263157895,0.05263157894736842,False,77,4,36,46,10,,,,,,
nonpaper diagnostic,41,cue,2,coherent-beam,9,1,9,0.9,0.0,1.0,1.0,False,24,1,9,19,10,,,,,,
nonpaper diagnostic,41,cue,3,coherent-beam,9,1,9,0.9,0.0,1.0,1.0,False,9,1,10,19,10,,,,,,
nonpaper diagnostic,41,cue,4,coherent-beam,10,1,10,1.0,0.0,1.0,1.0,True,10,0,0,10,10,,,,,,
nonpaper diagnostic,41,cue,5,coherent-beam,10,1,10,1.0,0.0,1.0,1.0,True,19,0,0,10,10,,,,,,
nonpaper diagnostic,41,suffix,1,coherent-beam,10,1,10,1.0,0.0,1.0,1.0,True,10,,,,,8,1.0,0.0,True,True,10
nonpaper diagnostic,41,suffix,2,coherent-beam,10,1,10,1.0,0.0,1.0,1.0,True,10,,,,,8,1.0,0.0,True,True,10
nonpaper diagnostic,41,suffix,3,coherent-beam,8,1,8,0.8,0.0,0.8235294117647058,0.5882352941176471,False,8,,,,,8,1.0,0.0,True,True,8
nonpaper diagnostic,41,suffix,4,coherent-beam,8,3,6,0.6,0.6695919455357792,0.6185555843632068,0.18518518518518517,False,8,,,,,8,1.0,0.0,True,True,8
nonpaper diagnostic,42,cue,1,coherent-beam,3,2,2,0.2,0.9182958340544894,0.6666666666666666,0.5,False,60,7,66,73,10,,,,,,
nonpaper diagnostic,42,cue,2,coherent-beam,10,1,10,1.0,0.0,1.0,1.0,True,10,0,0,10,10,,,,,,
nonpaper diagnostic,42,cue,3,coherent-beam,7,1,7,0.7,0.0,1.0,1.0,False,7,3,30,37,10,,,,,,
nonpaper diagnostic,42,cue,4,coherent-beam,9,1,9,0.9,0.0,1.0,1.0,False,33,1,10,19,10,,,,,,
nonpaper diagnostic,42,cue,5,coherent-beam,0,0,0,0.0,0.0,0.0,0.0,False,1,10,100,100,10,,,,,,
nonpaper diagnostic,42,suffix,1,coherent-beam,10,3,6,0.6,0.8173454221465101,0.8,0.0,False,37,,,,,8,1.0,0.0,True,True,10
nonpaper diagnostic,42,suffix,2,coherent-beam,9,3,4,0.4,0.8783471047618534,0.3267027222801511,0.04716981132075472,False,15,,,,,8,1.0,0.0,False,True,9
nonpaper diagnostic,42,suffix,3,coherent-beam,9,3,5,0.5,0.9057125980138371,1.0,1.0,False,33,,,,,8,1.0,0.0,False,False,9
nonpaper diagnostic,42,suffix,4,coherent-beam,6,2,5,0.5,0.6500224216483541,0.8421052631578948,0.5263157894736842,False,6,,,,,8,1.0,0.0,False,False,6
nonpaper diagnostic,43,cue,1,coherent-beam,5,1,5,0.5,0.0,1.0,1.0,False,77,5,45,55,10,,,,,,
nonpaper diagnostic,43,cue,2,coherent-beam,10,1,10,1.0,0.0,1.0,1.0,True,23,0,0,10,10,,,,,,
nonpaper diagnostic,43,cue,3,coherent-beam,9,1,9,0.9,0.0,1.0,1.0,False,9,1,10,19,10,,,,,,
nonpaper diagnostic,43,cue,4,coherent-beam,10,1,10,1.0,0.0,1.0,1.0,True,10,0,0,10,10,,,,,,
nonpaper diagnostic,43,cue,5,coherent-beam,4,1,4,0.4,0.0,1.0,1.0,False,4,6,60,64,10,,,,,,
nonpaper diagnostic,43,suffix,1,coherent-beam,10,5,4,0.4,0.9138646883853215,0.9052631578947369,0.5263157894736842,False,86,,,,,8,1.0,0.0,False,False,10
nonpaper diagnostic,43,suffix,2,coherent-beam,6,2,5,0.5,0.6500224216483541,0.8421052631578948,0.5263157894736842,False,6,,,,,8,1.0,0.0,False,False,6
nonpaper diagnostic,44,cue,1,coherent-beam,4,1,4,0.4,0.0,0.7777777777777778,0.5555555555555556,False,60,6,57,64,10,,,,,,
nonpaper diagnostic,44,cue,2,coherent-beam,8,1,8,0.8,0.0,1.0,1.0,False,55,2,18,28,10,,,,,,
nonpaper diagnostic,44,cue,3,coherent-beam,9,1,9,0.9,0.0,1.0,1.0,False,16,1,9,19,10,,,,,,
nonpaper diagnostic,44,cue,4,coherent-beam,10,1,10,1.0,0.0,1.0,1.0,True,10,0,0,10,10,,,,,,
nonpaper diagnostic,44,cue,5,coherent-beam,10,1,10,1.0,0.0,1.0,1.0,True,10,0,0,10,10,,,,,,
nonpaper diagnostic,44,suffix,1,coherent-beam,10,2,9,0.9,0.46899559358928117,0.9052631578947369,0.5263157894736842,True,10,,,,,8,1.0,0.0,True,True,10
nonpaper diagnostic,44,suffix,2,coherent-beam,9,1,9,0.9,0.0,1.0,1.0,False,10,,,,,8,1.0,0.0,True,True,9
nonpaper diagnostic,44,suffix,3,coherent-beam,10,1,10,1.0,0.0,1.0,1.0,True,10,,,,,8,1.0,0.0,True,True,10
nonpaper diagnostic,44,suffix,4,coherent-beam,5,1,5,0.5,0.0,1.0,1.0,False,6,,,,,8,1.0,0.0,True,True,5
nonpaper diagnostic,45,cue,1,coherent-beam,3,2,2,0.2,0.9182958340544894,0.3684210526315789,0.05263157894736842,False,60,7,65,73,10,,,,,,
nonpaper diagnostic,45,cue,2,coherent-beam,9,1,9,0.9,0.0,1.0,1.0,False,14,1,9,19,10,,,,,,
nonpaper diagnostic,45,cue,3,coherent-beam,10,1,10,1.0,0.0,1.0,1.0,True,10,0,0,10,10,,,,,,
nonpaper diagnostic,45,cue,4,coherent-beam,10,1,10,1.0,0.0,1.0,1.0,True,10,0,0,10,10,,,,,,
nonpaper diagnostic,45,cue,5,coherent-beam,10,1,10,1.0,0.0,1.0,1.0,True,10,0,0,10,10,,,,,,
nonpaper diagnostic,45,suffix,1,coherent-beam,8,1,8,0.8,0.0,1.0,1.0,False,8,,,,,8,1.0,0.0,True,True,8
nonpaper diagnostic,45,suffix,2,coherent-beam,10,1,10,1.0,0.0,1.0,1.0,True,10,,,,,8,1.0,0.0,True,True,10
nonpaper diagnostic,45,suffix,3,coherent-beam,8,1,8,0.8,0.0,1.0,1.0,False,9,,,,,8,1.0,0.0,True,True,8
nonpaper diagnostic,45,suffix,4,coherent-beam,9,1,9,0.9,0.0,0.4601458075639433,0.23423423423423423,False,14,,,,,8,1.0,0.0,True,True,9
nonpaper diagnostic,46,cue,1,coherent-beam,9,1,9,0.9,0.0,0.8947368421052632,0.5263157894736842,False,40,1,9,19,10,,,,,,
nonpaper diagnostic,46,cue,2,coherent-beam,10,2,9,0.9,0.46899559358928117,0.8857142857142857,0.42857142857142855,True,17,0,0,10,10,,,,,,
nonpaper diagnostic,46,cue,3,coherent-beam,9,1,9,0.9,0.0,1.0,1.0,False,9,1,10,19,10,,,,,,
nonpaper diagnostic,46,cue,4,coherent-beam,10,1,10,1.0,0.0,1.0,1.0,True,10,0,0,10,10,,,,,,
nonpaper diagnostic,46,cue,5,coherent-beam,8,1,8,0.8,0.0,1.0,1.0,False,11,2,19,28,10,,,,,,
nonpaper diagnostic,46,suffix,1,coherent-beam,10,1,10,1.0,0.0,1.0,1.0,True,11,,,,,8,1.0,0.0,True,True,10
nonpaper diagnostic,46,suffix,2,coherent-beam,9,1,9,0.9,0.0,1.0,1.0,False,10,,,,,8,1.0,0.0,True,True,9
nonpaper diagnostic,46,suffix,3,coherent-beam,9,1,9,0.9,0.0,0.8888888888888888,0.5,False,9,,,,,8,1.0,0.0,True,True,9
nonpaper diagnostic,46,suffix,4,coherent-beam,10,2,9,0.9,0.46899559358928117,1.0,1.0,False,19,,,,,8,1.0,0.0,False,False,10
nonpaper diagnostic,47,cue,1,coherent-beam,4,1,4,0.4,0.0,1.0,1.0,False,60,6,55,64,10,,,,,,
nonpaper diagnostic,47,cue,2,coherent-beam,8,1,8,0.8,0.0,1.0,1.0,False,28,2,18,28,10,,,,,,
nonpaper diagnostic,47,cue,3,coherent-beam,3,1,3,0.3,0.0,0.7037037037037037,0.5555555555555556,False,64,7,64,73,10,,,,,,
nonpaper diagnostic,47,cue,4,coherent-beam,9,1,9,0.9,0.0,1.0,1.0,False,38,1,9,19,10,,,,,,
nonpaper diagnostic,47,cue,5,coherent-beam,9,1,9,0.9,0.0,1.0,1.0,False,22,1,9,19,10,,,,,,
nonpaper diagnostic,47,suffix,1,coherent-beam,10,4,7,0.7,0.6783898247235197,0.3166422635263386,0.08411214953271028,False,43,,,,,8,1.0,0.0,False,True,10
nonpaper diagnostic,47,suffix,2,coherent-beam,10,5,6,0.6,0.7627069065377661,0.9,0.5,False,58,,,,,8,1.0,0.0,False,False,10
nonpaper diagnostic,47,suffix,3,coherent-beam,8,1,8,0.8,0.0,1.0,1.0,False,8,,,,,8,1.0,0.0,False,False,8
nonpaper diagnostic,47,suffix,4,coherent-beam,8,1,8,0.8,0.0,1.0,1.0,False,8,,,,,8,1.0,0.0,False,False,8
nonpaper diagnostic,48,cue,1,coherent-beam,9,1,9,0.9,0.0,1.0,1.0,False,59,1,9,19,10,,,,,,
nonpaper diagnostic,48,cue,2,coherent-beam,10,1,10,1.0,0.0,1.0,1.0,True,10,0,0,10,10,,,,,,
nonpaper diagnostic,48,cue,3,coherent-beam,10,1,10,1.0,0.0,1.0,1.0,True,10,0,0,10,10,,,,,,
nonpaper diagnostic,48,cue,4,coherent-beam,8,1,8,0.8,0.0,1.0,1.0,False,9,2,20,28,10,,,,,,
nonpaper diagnostic,48,cue,5,coherent-beam,9,2,8,0.8,0.5032583347756457,0.8169934640522876,0.17647058823529413,False,27,1,10,19,10,,,,,,
nonpaper diagnostic,48,suffix,1,coherent-beam,10,1,10,1.0,0.0,1.0,1.0,True,10,,,,,8,1.0,0.0,True,True,10
nonpaper diagnostic,48,suffix,2,coherent-beam,7,1,7,0.7,0.0,1.0,1.0,False,7,,,,,8,1.0,0.0,True,True,7
nonpaper diagnostic,48,suffix,3,coherent-beam,9,1,9,0.9,0.0,1.0,1.0,False,9,,,,,8,1.0,0.0,True,True,9
nonpaper diagnostic,48,suffix,4,coherent-beam,9,2,8,0.8,0.5032583347756457,0.6638888888888889,0.2,False,10,,,,,8,1.0,0.0,False,False,9
nonpaper diagnostic,49,cue,1,coherent-beam,5,2,4,0.4,0.7219280948873623,0.6,0.0,False,77,5,45,55,10,,,,,,
nonpaper diagnostic,49,cue,2,coherent-beam,9,1,9,0.9,0.0,1.0,1.0,False,9,1,10,19,10,,,,,,
nonpaper diagnostic,49,cue,3,coherent-beam,9,1,9,0.9,0.0,1.0,1.0,False,9,1,10,19,10,,,,,,
nonpaper diagnostic,49,cue,4,coherent-beam,3,2,2,0.2,0.9182958340544894,0.3751453634529957,0.2636363636363636,False,43,7,68,73,10,,,,,,
nonpaper diagnostic,49,cue,5,coherent-beam,8,1,8,0.8,0.0,1.0,1.0,False,47,2,18,28,10,,,,,,
nonpaper diagnostic,49,suffix,1,coherent-beam,9,2,8,0.8,0.5032583347756457,0.6927736006683376,0.05263157894736842,False,12,,,,,8,1.0,0.0,True,True,9
nonpaper diagnostic,49,suffix,2,coherent-beam,10,2,8,0.8,0.7219280948873623,0.9353535353535354,0.8181818181818182,False,17,,,,,8,1.0,0.0,True,True,10
nonpaper diagnostic,50,cue,1,coherent-beam,8,1,8,0.8,0.0,1.0,1.0,False,59,2,18,28,10,,,,,,
nonpaper diagnostic,50,cue,2,coherent-beam,10,2,9,0.9,0.46899559358928117,0.9,0.5,True,11,0,0,10,10,,,,,,
nonpaper diagnostic,50,cue,3,coherent-beam,10,1,10,1.0,0.0,1.0,1.0,True,10,0,0,10,10,,,,,,
nonpaper diagnostic,50,cue,4,coherent-beam,8,1,8,0.8,0.0,1.0,1.0,False,8,2,20,28,10,,,,,,
nonpaper diagnostic,50,cue,5,coherent-beam,10,1,10,1.0,0.0,1.0,1.0,True,10,0,0,10,10,,,,,,
nonpaper diagnostic,50,suffix,1,coherent-beam,10,1,10,1.0,0.0,1.0,1.0,True,10,,,,,8,1.0,0.0,True,True,10
nonpaper diagnostic,50,suffix,2,coherent-beam,10,1,10,1.0,0.0,1.0,1.0,True,10,,,,,8,1.0,0.0,True,True,10
nonpaper diagnostic,50,suffix,3,coherent-beam,10,1,10,1.0,0.0,1.0,1.0,True,10,,,,,8,1.0,0.0,True,True,10
nonpaper diagnostic,50,suffix,4,coherent-beam,7,1,7,0.7,0.0,1.0,1.0,False,8,,,,,8,1.0,0.0,True,True,7
nonpaper diagnostic,51,cue,1,coherent-beam,4,1,4,0.4,0.0,0.6842105263157894,0.5263157894736842,False,60,6,55,64,10,,,,,,
nonpaper diagnostic,51,cue,2,coherent-beam,7,2,6,0.6,0.5916727785823274,0.7293233082706767,0.05263157894736842,False,34,3,27,37,10,,,,,,
nonpaper diagnostic,51,cue,3,coherent-beam,10,1,10,1.0,0.0,1.0,1.0,True,11,0,0,10,10,,,,,,
nonpaper diagnostic,51,cue,4,coherent-beam,8,3,6,0.6,0.6695919455357792,0.6969689543284547,0.19230769230769232,False,8,2,20,28,10,,,,,,
nonpaper diagnostic,51,cue,5,coherent-beam,9,2,8,0.8,0.5032583347756457,0.7777777777777778,0.0,False,16,1,9,19,10,,,,,,
nonpaper diagnostic,51,suffix,1,coherent-beam,9,1,9,0.9,0.0,1.0,1.0,False,9,,,,,8,1.0,0.0,True,True,9
nonpaper diagnostic,51,suffix,2,coherent-beam,10,1,10,1.0,0.0,1.0,1.0,True,10,,,,,8,1.0,0.0,True,True,10
nonpaper diagnostic,51,suffix,3,coherent-beam,9,1,9,0.9,0.0,1.0,1.0,False,9,,,,,8,1.0,0.0,True,True,9
nonpaper diagnostic,51,suffix,4,coherent-beam,9,1,9,0.9,0.0,1.0,1.0,False,10,,,,,8,1.0,0.0,True,True,9
nonpaper diagnostic,52,cue,1,coherent-beam,10,1,10,1.0,0.0,1.0,1.0,True,13,0,0,10,10,,,,,,
nonpaper diagnostic,52,cue,2,coherent-beam,9,1,9,0.9,0.0,1.0,1.0,False,9,1,10,19,10,,,,,,
nonpaper diagnostic,52,cue,3,coherent-beam,8,2,7,0.7,0.5435644431995964,0.7764550264550264,0.4074074074074074,False,59,2,18,28,10,,,,,,
nonpaper diagnostic,52,cue,4,coherent-beam,8,1,8,0.8,0.0,1.0,1.0,False,8,2,20,28,10,,,,,,
nonpaper diagnostic,52,cue,5,coherent-beam,7,1,7,0.7,0.0,0.8823529411764707,0.5882352941176471,False,35,3,27,37,10,,,,,,
nonpaper diagnostic,52,suffix,1,coherent-beam,10,1,10,1.0,0.0,1.0,1.0,True,22,,,,,8,1.0,0.0,True,True,10
nonpaper diagnostic,52,suffix,2,coherent-beam,9,1,9,0.9,0.0,1.0,1.0,False,10,,,,,8,1.0,0.0,True,True,9
nonpaper diagnostic,52,suffix,3,coherent-beam,8,1,8,0.8,0.0,1.0,1.0,False,8,,,,,8,1.0,0.0,True,True,8
nonpaper diagnostic,52,suffix,4,coherent-beam,9,1,9,0.9,0.0,1.0,1.0,False,10,,,,,8,1.0,0.0,True,True,9
nonpaper diagnostic,53,cue,1,coherent-beam,9,1,9,0.9,0.0,1.0,1.0,False,15,1,9,19,10,,,,,,
nonpaper diagnostic,53,cue,2,coherent-beam,8,1,8,0.8,0.0,1.0,1.0,False,9,2,20,28,10,,,,,,
nonpaper diagnostic,53,cue,3,coherent-beam,10,1,10,1.0,0.0,1.0,1.0,True,10,0,0,10,10,,,,,,
nonpaper diagnostic,53,cue,4,coherent-beam,6,1,6,0.6,0.0,0.8174603174603176,0.4523809523809524,False,37,4,37,46,10,,,,,,
nonpaper diagnostic,53,cue,5,coherent-beam,5,1,5,0.5,0.0,0.8,0.5,False,82,5,45,55,10,,,,,,
nonpaper diagnostic,53,suffix,1,coherent-beam,9,3,7,0.7,0.6223659728744494,0.6016152328612696,0.017543859649122806,False,24,,,,,8,1.0,0.0,True,True,9
nonpaper diagnostic,53,suffix,2,coherent-beam,6,1,6,0.6,0.0,1.0,1.0,False,6,,,,,8,1.0,0.0,True,True,6
nonpaper diagnostic,53,suffix,3,coherent-beam,9,2,8,0.8,0.5032583347756457,0.44161204296036877,0.24166666666666667,False,13,,,,,8,1.0,0.0,True,True,9
nonpaper diagnostic,53,suffix,4,coherent-beam,9,4,5,0.5,0.8288713632524444,1.0,1.0,False,50,,,,,8,1.0,0.0,False,False,9
nonpaper diagnostic,54,cue,1,coherent-beam,4,1,4,0.4,0.0,0.7777777777777778,0.5555555555555556,False,60,6,57,64,10,,,,,,
nonpaper diagnostic,54,cue,2,coherent-beam,8,1,8,0.8,0.0,0.881578947368421,0.5263157894736842,False,55,2,18,28,10,,,,,,
nonpaper diagnostic,54,cue,3,coherent-beam,8,1,8,0.8,0.0,1.0,1.0,False,8,2,20,28,10,,,,,,
nonpaper diagnostic,54,cue,4,coherent-beam,7,1,7,0.7,0.0,1.0,1.0,False,62,3,27,37,10,,,,,,
nonpaper diagnostic,54,cue,5,coherent-beam,8,1,8,0.8,0.0,1.0,1.0,False,8,2,20,28,10,,,,,,
nonpaper diagnostic,54,suffix,1,coherent-beam,10,2,8,0.8,0.7219280948873623,0.6406148747310577,0.014084507042253521,False,24,,,,,8,1.0,0.0,True,True,10
nonpaper diagnostic,54,suffix,2,coherent-beam,10,4,3,0.3,0.9477309221191609,0.2627803360227964,0.07,False,21,,,,,8,1.0,0.0,True,True,10
nonpaper diagnostic,54,suffix,3,coherent-beam,9,2,7,0.7,0.7642045065086203,0.631578947368421,0.05263157894736842,False,15,,,,,8,1.0,0.0,False,False,9
nonpaper diagnostic,54,suffix,4,coherent-beam,9,2,8,0.8,0.5032583347756457,1.0,1.0,False,17,,,,,8,1.0,0.0,False,False,9
nonpaper diagnostic,55,cue,1,coherent-beam,5,2,4,0.4,0.7219280948873623,0.6705882352941177,0.17647058823529413,False,79,5,45,55,10,,,,,,
nonpaper diagnostic,55,cue,2,coherent-beam,10,1,10,1.0,0.0,1.0,1.0,True,11,0,0,10,10,,,,,,
nonpaper diagnostic,55,cue,3,coherent-beam,9,2,8,0.8,0.5032583347756457,0.8888888888888888,0.5,False,9,1,10,19,10,,,,,,
nonpaper diagnostic,55,cue,4,coherent-beam,10,2,9,0.9,0.46899559358928117,0.8714285714285714,0.35714285714285715,True,25,0,0,10,10,,,,,,
nonpaper diagnostic,55,cue,5,coherent-beam,9,2,8,0.8,0.5032583347756457,0.8888888888888888,0.5,False,9,1,10,19,10,,,,,,
nonpaper diagnostic,55,suffix,1,coherent-beam,9,1,9,0.9,0.0,1.0,1.0,False,11,,,,,8,1.0,0.0,True,True,9
nonpaper diagnostic,55,suffix,2,coherent-beam,10,1,10,1.0,0.0,0.9,0.5,True,17,,,,,8,1.0,0.0,True,True,10
nonpaper diagnostic,55,suffix,3,coherent-beam,9,1,9,0.9,0.0,1.0,1.0,False,9,,,,,8,1.0,0.0,True,True,9
nonpaper diagnostic,55,suffix,4,coherent-beam,9,1,9,0.9,0.0,1.0,1.0,False,9,,,,,8,1.0,0.0,True,True,9
nonpaper diagnostic,56,cue,1,coherent-beam,9,1,9,0.9,0.0,1.0,1.0,False,19,1,9,19,10,,,,,,
nonpaper diagnostic,56,cue,2,coherent-beam,6,1,6,0.6,0.0,1.0,1.0,False,8,4,39,46,10,,,,,,
nonpaper diagnostic,56,cue,3,coherent-beam,9,3,7,0.7,0.6223659728744494,0.6543714757306207,0.18518518518518517,False,73,1,9,19,10,,,,,,
nonpaper diagnostic,56,cue,4,coherent-beam,10,2,9,0.9,0.46899559358928117,0.7812097812097811,0.2972972972972973,True,10,0,0,10,10,,,,,,
nonpaper diagnostic,56,cue,5,coherent-beam,10,1,10,1.0,0.0,1.0,1.0,True,10,0,0,10,10,,,,,,
nonpaper diagnostic,56,suffix,1,coherent-beam,10,1,10,1.0,0.0,0.9176470588235295,0.5882352941176471,True,10,,,,,8,1.0,0.0,True,True,10
nonpaper diagnostic,56,suffix,2,coherent-beam,9,2,8,0.8,0.5032583347756457,1.0,1.0,False,18,,,,,8,1.0,0.0,False,True,9
nonpaper diagnostic,56,suffix,3,coherent-beam,10,1,10,1.0,0.0,1.0,1.0,True,10,,,,,8,1.0,0.0,False,False,10
nonpaper diagnostic,56,suffix,4,coherent-beam,9,1,9,0.9,0.0,1.0,1.0,False,9,,,,,8,1.0,0.0,False,False,9
nonpaper diagnostic,57,cue,1,coherent-beam,6,1,6,0.6,0.0,1.0,1.0,False,66,4,36,46,10,,,,,,
nonpaper diagnostic,57,cue,2,coherent-beam,8,1,8,0.8,0.0,1.0,1.0,False,16,2,20,28,10,,,,,,
nonpaper diagnostic,57,cue,3,coherent-beam,9,1,9,0.9,0.0,1.0,1.0,False,26,1,9,19,10,,,,,,
nonpaper diagnostic,57,cue,4,coherent-beam,9,2,8,0.8,0.5032583347756457,0.8039852718215291,0.37037037037037035,False,18,1,10,19,10,,,,,,
nonpaper diagnostic,57,cue,5,coherent-beam,9,1,9,0.9,0.0,1.0,1.0,False,9,1,10,19,10,,,,,,
nonpaper diagnostic,57,suffix,1,coherent-beam,9,1,9,0.9,0.0,0.8888888888888888,0.5,False,9,,,,,8,1.0,0.0,True,True,9
nonpaper diagnostic,57,suffix,2,coherent-beam,10,1,10,1.0,0.0,1.0,1.0,True,10,,,,,8,1.0,0.0,True,True,10
nonpaper diagnostic,57,suffix,3,coherent-beam,10,1,10,1.0,0.0,1.0,1.0,True,10,,,,,8,1.0,0.0,True,True,10
nonpaper diagnostic,57,suffix,4,coherent-beam,9,1,9,0.9,0.0,1.0,1.0,False,9,,,,,8,1.0,0.0,True,True,9
nonpaper diagnostic,58,cue,1,coherent-beam,4,1,4,0.4,0.0,0.7777777777777778,0.5555555555555556,False,60,6,54,64,10,,,,,,
nonpaper diagnostic,58,cue,2,coherent-beam,10,1,10,1.0,0.0,1.0,1.0,True,10,0,0,10,10,,,,,,
nonpaper diagnostic,58,cue,3,coherent-beam,8,2,7,0.7,0.5435644431995964,0.8970588235294118,0.5882352941176471,False,30,2,19,28,10,,,,,,
nonpaper diagnostic,58,cue,4,coherent-beam,8,1,8,0.8,0.0,1.0,1.0,False,9,2,19,28,10,,,,,,
nonpaper diagnostic,58,cue,5,coherent-beam,1,1,1,0.1,0.0,0.0,0.0,False,31,9,87,91,10,,,,,,
nonpaper diagnostic,58,suffix,1,coherent-beam,10,1,10,1.0,0.0,1.0,1.0,True,31,,,,,8,1.0,0.0,True,True,10
nonpaper diagnostic,58,suffix,2,coherent-beam,10,1,10,1.0,0.0,1.0,1.0,True,10,,,,,8,1.0,0.0,True,True,10
nonpaper diagnostic,58,suffix,3,coherent-beam,8,1,8,0.8,0.0,1.0,1.0,False,10,,,,,8,1.0,0.0,True,True,8
nonpaper diagnostic,58,suffix,4,coherent-beam,9,2,5,0.5,0.9910760598382222,0.34671638566132107,0.037383177570093455,False,18,,,,,8,1.0,0.0,False,True,9
nonpaper diagnostic,59,cue,1,coherent-beam,8,1,8,0.8,0.0,1.0,1.0,False,79,2,18,28,10,,,,,,
nonpaper diagnostic,59,cue,2,coherent-beam,9,2,8,0.8,0.5032583347756457,0.8024691358024691,0.1111111111111111,False,13,1,9,19,10,,,,,,
nonpaper diagnostic,59,cue,3,coherent-beam,10,1,10,1.0,0.0,1.0,1.0,True,10,0,0,10,10,,,,,,
nonpaper diagnostic,59,cue,4,coherent-beam,9,1,9,0.9,0.0,1.0,1.0,False,9,1,10,19,10,,,,,,
nonpaper diagnostic,59,cue,5,coherent-beam,10,2,9,0.9,0.46899559358928117,0.8357142857142856,0.17857142857142858,True,17,0,0,10,10,,,,,,
nonpaper diagnostic,59,suffix,1,coherent-beam,9,2,8,0.8,0.5032583347756457,0.8947368421052632,0.5263157894736842,False,9,,,,,8,1.0,0.0,True,True,9
nonpaper diagnostic,59,suffix,2,coherent-beam,8,1,8,0.8,0.0,1.0,1.0,False,8,,,,,8,1.0,0.0,True,True,8
nonpaper diagnostic,59,suffix,3,coherent-beam,8,2,7,0.7,0.5435644431995964,0.7784090909090909,0.11363636363636363,False,8,,,,,8,1.0,0.0,True,True,8
nonpaper diagnostic,60,cue,1,coherent-beam,9,1,9,0.9,0.0,1.0,1.0,False,21,1,9,19,10,,,,,,
nonpaper diagnostic,60,cue,2,coherent-beam,9,2,8,0.8,0.5032583347756457,0.9012345679012346,0.5555555555555556,False,18,1,10,19,10,,,,,,
nonpaper diagnostic,60,cue,3,coherent-beam,4,2,3,0.3,0.8112781244591328,0.6979166666666666,0.3958333333333333,False,45,6,55,64,10,,,,,,
nonpaper diagnostic,60,cue,4,coherent-beam,8,1,8,0.8,0.0,1.0,1.0,False,36,2,18,28,10,,,,,,
nonpaper diagnostic,60,cue,5,coherent-beam,3,2,2,0.2,0.9182958340544894,0.16562151616499443,0.014492753623188406,False,31,7,69,73,10,,,,,,
nonpaper diagnostic,60,suffix,1,coherent-beam,10,3,5,0.5,0.9372305632161295,1.0,1.0,False,65,,,,,8,1.0,0.0,False,True,10
nonpaper diagnostic,60,suffix,2,coherent-beam,9,2,8,0.8,0.5032583347756457,0.8571428571428572,0.35714285714285715,False,9,,,,,8,1.0,0.0,False,False,9
nonpaper diagnostic,60,suffix,3,coherent-beam,10,1,10,1.0,0.0,0.9111111111111111,0.5555555555555556,True,10,,,,,8,1.0,0.0,False,False,10
nonpaper diagnostic,60,suffix,4,coherent-beam,9,1,9,0.9,0.0,1.0,1.0,False,9,,,,,8,1.0,0.0,False,True,9
nonpaper diagnostic,61,cue,1,coherent-beam,4,2,3,0.3,0.8112781244591328,0.5555555555555556,0.1111111111111111,False,77,6,54,64,10,,,,,,
nonpaper diagnostic,61,cue,2,coherent-beam,7,2,6,0.6,0.5916727785823274,0.746031746031746,0.1111111111111111,False,37,3,28,37,10,,,,,,
nonpaper diagnostic,61,cue,3,coherent-beam,5,2,4,0.4,0.7219280948873623,0.6,0.0,False,30,5,47,55,10,,,,,,
nonpaper diagnostic,61,cue,4,coherent-beam,9,1,9,0.9,0.0,1.0,1.0,False,9,1,10,19,10,,,,,,
nonpaper diagnostic,61,cue,5,coherent-beam,8,2,7,0.7,0.5435644431995964,0.875,0.5,False,16,2,20,28,10,,,,,,
nonpaper diagnostic,61,suffix,1,coherent-beam,10,1,10,1.0,0.0,1.0,1.0,True,11,,,,,8,1.0,0.0,True,True,10
nonpaper diagnostic,61,suffix,2,coherent-beam,8,1,8,0.8,0.0,1.0,1.0,False,8,,,,,8,1.0,0.0,True,True,8
nonpaper diagnostic,61,suffix,3,coherent-beam,8,1,8,0.8,0.0,1.0,1.0,False,8,,,,,8,1.0,0.0,True,True,8
nonpaper diagnostic,61,suffix,4,coherent-beam,9,2,7,0.7,0.7642045065086203,0.4147640620238856,0.16793893129770993,False,11,,,,,8,1.0,0.0,True,True,9
nonpaper diagnostic,62,cue,1,coherent-beam,7,1,7,0.7,0.0,0.5437323691634036,0.22916666666666666,False,60,3,27,37,10,,,,,,
nonpaper diagnostic,62,cue,2,coherent-beam,6,2,5,0.5,0.6500224216483541,0.7857142857142858,0.35714285714285715,False,39,4,37,46,10,,,,,,
nonpaper diagnostic,62,cue,3,coherent-beam,10,1,10,1.0,0.0,1.0,1.0,True,11,0,0,10,10,,,,,,
nonpaper diagnostic,62,cue,4,coherent-beam,10,1,10,1.0,0.0,1.0,1.0,True,10,0,0,10,10,,,,,,
nonpaper diagnostic,62,cue,5,coherent-beam,10,1,10,1.0,0.0,1.0,1.0,True,10,0,0,10,10,,,,,,
nonpaper diagnostic,62,suffix,1,coherent-beam,10,2,9,0.9,0.46899559358928117,0.8227272727272728,0.11363636363636363,True,10,,,,,8,1.0,0.0,True,True,10
nonpaper diagnostic,62,suffix,2,coherent-beam,8,1,8,0.8,0.0,1.0,1.0,False,8,,,,,8,1.0,0.0,True,True,8
nonpaper diagnostic,62,suffix,3,coherent-beam,9,1,9,0.9,0.0,1.0,1.0,False,10,,,,,8,1.0,0.0,True,True,9
nonpaper diagnostic,62,suffix,4,coherent-beam,8,1,8,0.8,0.0,1.0,1.0,False,8,,,,,8,1.0,0.0,True,True,8
nonpaper diagnostic,63,cue,1,coherent-beam,9,1,9,0.9,0.0,1.0,1.0,False,32,1,9,19,10,,,,,,
nonpaper diagnostic,63,cue,2,coherent-beam,7,3,5,0.5,0.7248340915057598,0.5135145713253216,0.14864864864864866,False,43,3,29,37,10,,,,,,
nonpaper diagnostic,63,cue,3,coherent-beam,8,1,8,0.8,0.0,1.0,1.0,False,14,2,20,28,10,,,,,,
nonpaper diagnostic,63,cue,4,coherent-beam,8,1,8,0.8,0.0,1.0,1.0,False,19,2,20,28,10,,,,,,
nonpaper diagnostic,63,cue,5,coherent-beam,9,2,8,0.8,0.5032583347756457,0.8362573099415205,0.2631578947368421,False,17,1,9,19,10,,,,,,
nonpaper diagnostic,63,suffix,1,coherent-beam,10,4,6,0.6,0.7854752972273344,0.3628127478670794,0.0,False,27,,,,,8,1.0,0.0,True,True,10
nonpaper diagnostic,63,suffix,2,coherent-beam,4,1,4,0.4,0.0,1.0,1.0,False,4,,,,,8,1.0,0.0,True,True,4
nonpaper diagnostic,63,suffix,3,coherent-beam,9,2,7,0.7,0.7642045065086203,1.0,1.0,False,13,,,,,8,1.0,0.0,False,False,9
nonpaper diagnostic,63,suffix,4,coherent-beam,9,2,8,0.8,0.5032583347756457,0.8378378378378378,0.2702702702702703,False,9,,,,,8,1.0,0.0,False,False,9
nonpaper diagnostic,64,cue,1,coherent-beam,4,1,4,0.4,0.0,1.0,1.0,False,66,6,55,64,10,,,,,,
nonpaper diagnostic,64,cue,2,coherent-beam,8,1,8,0.8,0.0,1.0,1.0,False,9,2,20,28,10,,,,,,
nonpaper diagnostic,64,cue,3,coherent-beam,7,1,7,0.7,0.0,1.0,1.0,False,41,3,27,37,10,,,,,,
nonpaper diagnostic,64,cue,4,coherent-beam,10,1,10,1.0,0.0,1.0,1.0,True,11,0,0,10,10,,,,,,
nonpaper diagnostic,64,cue,5,coherent-beam,9,1,9,0.9,0.0,1.0,1.0,False,9,1,10,19,10,,,,,,
nonpaper diagnostic,64,suffix,1,coherent-beam,10,1,10,1.0,0.0,1.0,1.0,True,10,,,,,8,1.0,0.0,True,True,10
nonpaper diagnostic,64,suffix,2,coherent-beam,8,1,8,0.8,0.0,1.0,1.0,False,8,,,,,8,1.0,0.0,True,True,8
nonpaper diagnostic,64,suffix,3,coherent-beam,8,1,8,0.8,0.0,1.0,1.0,False,8,,,,,8,1.0,0.0,True,True,8
nonpaper diagnostic,64,suffix,4,coherent-beam,9,1,9,0.9,0.0,1.0,1.0,False,9,,,,,8,1.0,0.0,True,True,9
nonpaper diagnostic,65,cue,1,coherent-beam,9,2,8,0.8,0.5032583347756457,0.7777777777777778,0.0,False,25,1,9,19,10,,,,,,
nonpaper diagnostic,65,cue,2,coherent-beam,10,1,10,1.0,0.0,1.0,1.0,True,10,0,0,10,10,,,,,,
nonpaper diagnostic,65,cue,3,coherent-beam,10,1,10,1.0,0.0,1.0,1.0,True,10,0,0,10,10,,,,,,
nonpaper diagnostic,65,cue,4,coherent-beam,9,2,8,0.8,0.5032583347756457,0.8039852718215291,0.37037037037037035,False,32,1,10,19,10,,,,,,
nonpaper diagnostic,65,cue,5,coherent-beam,10,1,10,1.0,0.0,1.0,1.0,True,10,0,0,10,10,,,,,,
nonpaper diagnostic,65,suffix,1,coherent-beam,9,1,9,0.9,0.0,1.0,1.0,False,9,,,,,8,1.0,0.0,True,True,9
nonpaper diagnostic,65,suffix,2,coherent-beam,10,1,10,1.0,0.0,1.0,1.0,True,10,,,,,8,1.0,0.0,True,True,10
nonpaper diagnostic,65,suffix,3,coherent-beam,8,1,8,0.8,0.0,0.875,0.5,False,8,,,,,8,1.0,0.0,True,True,8
nonpaper diagnostic,65,suffix,4,coherent-beam,8,1,8,0.8,0.0,1.0,1.0,False,8,,,,,8,1.0,0.0,False,False,8
nonpaper diagnostic,66,cue,1,coherent-beam,7,1,7,0.7,0.0,1.0,1.0,False,66,3,27,37,10,,,,,,
nonpaper diagnostic,66,cue,2,coherent-beam,10,1,10,1.0,0.0,1.0,1.0,True,11,0,0,10,10,,,,,,
nonpaper diagnostic,66,cue,3,coherent-beam,7,1,7,0.7,0.0,1.0,1.0,False,7,3,30,37,10,,,,,,
nonpaper diagnostic,66,cue,4,coherent-beam,9,1,9,0.9,0.0,1.0,1.0,False,26,1,10,19,10,,,,,,
nonpaper diagnostic,66,cue,5,coherent-beam,9,1,9,0.9,0.0,0.9012345679012346,0.5555555555555556,False,11,1,10,19,10,,,,,,
nonpaper diagnostic,66,suffix,1,coherent-beam,9,1,9,0.9,0.0,1.0,1.0,False,9,,,,,8,1.0,0.0,True,True,9
nonpaper diagnostic,66,suffix,2,coherent-beam,7,1,7,0.7,0.0,1.0,1.0,False,7,,,,,8,1.0,0.0,True,True,7
nonpaper diagnostic,66,suffix,3,coherent-beam,9,3,7,0.7,0.6223659728744494,0.6234571521668296,0.16,False,17,,,,,8,1.0,0.0,True,True,9
nonpaper diagnostic,66,suffix,4,coherent-beam,2,2,1,0.1,1.0,0.5,0.5,False,2,,,,,8,1.0,0.0,True,True,2
nonpaper diagnostic,67,cue,1,coherent-beam,8,1,8,0.8,0.0,1.0,1.0,False,40,2,18,28,10,,,,,,
nonpaper diagnostic,67,cue,2,coherent-beam,10,1,10,1.0,0.0,1.0,1.0,True,10,0,0,10,10,,,,,,
nonpaper diagnostic,67,cue,3,coherent-beam,10,1,10,1.0,0.0,1.0,1.0,True,10,0,0,10,10,,,,,,
nonpaper diagnostic,67,cue,4,coherent-beam,10,1,10,1.0,0.0,1.0,1.0,True,10,0,0,10,10,,,,,,
nonpaper diagnostic,67,cue,5,coherent-beam,7,1,7,0.7,0.0,1.0,1.0,False,7,3,30,37,10,,,,,,
nonpaper diagnostic,67,suffix,1,coherent-beam,10,2,8,0.8,0.7219280948873623,0.6839506172839507,0.1111111111111111,False,26,,,,,8,1.0,0.0,True,True,10
nonpaper diagnostic,67,suffix,2,coherent-beam,3,1,3,0.3,0.0,1.0,1.0,False,3,,,,,8,1.0,0.0,True,True,3
nonpaper diagnostic,68,cue,1,coherent-beam,10,1,10,1.0,0.0,1.0,1.0,True,11,0,0,10,10,,,,,,
nonpaper diagnostic,68,cue,2,coherent-beam,10,1,10,1.0,0.0,1.0,1.0,True,10,0,0,10,10,,,,,,
nonpaper diagnostic,68,cue,3,coherent-beam,6,3,4,0.4,0.7896900821428474,0.6134406671033263,0.2127659574468085,False,27,4,38,46,10,,,,,,
nonpaper diagnostic,68,cue,4,coherent-beam,7,1,7,0.7,0.0,1.0,1.0,False,18,3,30,37,10,,,,,,
nonpaper diagnostic,68,cue,5,coherent-beam,9,2,8,0.8,0.5032583347756457,0.6206349206349207,0.01904761904761905,False,19,1,10,19,10,,,,,,
nonpaper diagnostic,68,suffix,1,coherent-beam,10,2,7,0.7,0.8812908992306927,1.0,1.0,False,18,,,,,8,1.0,0.0,False,True,10
nonpaper diagnostic,68,suffix,2,coherent-beam,10,1,10,1.0,0.0,1.0,1.0,True,10,,,,,8,1.0,0.0,False,False,10
nonpaper diagnostic,68,suffix,3,coherent-beam,9,1,9,0.9,0.0,1.0,1.0,False,9,,,,,8,1.0,0.0,False,False,9
nonpaper diagnostic,68,suffix,4,coherent-beam,3,2,2,0.2,0.9182958340544894,0.44,0.16,False,3,,,,,8,1.0,0.0,True,True,3
nonpaper diagnostic,69,cue,1,coherent-beam,7,1,7,0.7,0.0,1.0,1.0,False,30,3,27,37,10,,,,,,
nonpaper diagnostic,69,cue,2,coherent-beam,10,1,10,1.0,0.0,1.0,1.0,True,24,0,0,10,10,,,,,,
nonpaper diagnostic,69,cue,3,coherent-beam,10,1,10,1.0,0.0,1.0,1.0,True,10,0,0,10,10,,,,,,
nonpaper diagnostic,69,cue,4,coherent-beam,8,1,8,0.8,0.0,1.0,1.0,False,24,2,18,28,10,,,,,,
nonpaper diagnostic,69,cue,5,coherent-beam,10,1,10,1.0,0.0,1.0,1.0,True,11,0,0,10,10,,,,,,
nonpaper diagnostic,69,suffix,1,coherent-beam,9,1,9,0.9,0.0,1.0,1.0,False,9,,,,,8,1.0,0.0,True,True,9
nonpaper diagnostic,69,suffix,2,coherent-beam,10,1,10,1.0,0.0,1.0,1.0,True,10,,,,,8,1.0,0.0,True,True,10
nonpaper diagnostic,69,suffix,3,coherent-beam,10,3,7,0.7,0.7298466991620975,0.31544343614624165,0.05714285714285714,False,34,,,,,8,1.0,0.0,False,True,10
nonpaper diagnostic,69,suffix,4,coherent-beam,9,5,5,0.5,0.809656833416415,0.8888888888888888,0.5,False,53,,,,,8,1.0,0.0,False,False,9
nonpaper diagnostic,70,cue,1,coherent-beam,9,1,9,0.9,0.0,0.8947368421052632,0.5263157894736842,False,40,1,9,19,10,,,,,,
nonpaper diagnostic,70,cue,2,coherent-beam,8,1,8,0.8,0.0,0.6898263027295285,0.16129032258064516,False,17,2,19,28,10,,,,,,
nonpaper diagnostic,70,cue,3,coherent-beam,7,2,6,0.6,0.5916727785823274,1.0,1.0,False,38,3,28,37,10,,,,,,
nonpaper diagnostic,70,cue,4,coherent-beam,9,2,8,0.8,0.5032583347756457,0.8571428571428572,0.35714285714285715,False,23,1,9,19,10,,,,,,
nonpaper diagnostic,70,cue,5,coherent-beam,7,1,7,0.7,0.0,0.8730158730158729,0.5555555555555556,False,10,3,30,37,10,,,,,,
nonpaper diagnostic,70,suffix,1,coherent-beam,10,1,10,1.0,0.0,1.0,1.0,True,12,,,,,8,1.0,0.0,True,True,10
nonpaper diagnostic,70,suffix,2,coherent-beam,9,2,8,0.8,0.5032583347756457,0.8030303030303031,0.11363636363636363,False,9,,,,,8,1.0,0.0,True,True,9
nonpaper diagnostic,70,suffix,3,coherent-beam,10,1,10,1.0,0.0,1.0,1.0,True,10,,,,,8,1.0,0.0,True,True,10
nonpaper diagnostic,70,suffix,4,coherent-beam,9,1,9,0.9,0.0,1.0,1.0,False,9,,,,,8,1.0,0.0,True,True,9
nonpaper diagnostic,71,cue,1,coherent-beam,6,1,6,0.6,0.0,1.0,1.0,False,79,4,36,46,10,,,,,,
nonpaper diagnostic,71,cue,2,coherent-beam,9,1,9,0.9,0.0,1.0,1.0,False,9,1,10,19,10,,,,,,
nonpaper diagnostic,71,cue,3,coherent-beam,6,2,5,0.5,0.6500224216483541,0.7066666666666667,0.12,False,50,4,37,46,10,,,,,,
nonpaper diagnostic,71,cue,4,coherent-beam,7,2,6,0.6,0.5916727785823274,0.7750759878419453,0.2127659574468085,False,35,3,27,37,10,,,,,,
nonpaper diagnostic,71,cue,5,coherent-beam,7,1,7,0.7,0.0,1.0,1.0,False,26,3,30,37,10,,,,,,
nonpaper diagnostic,71,suffix,1,coherent-beam,10,2,9,0.9,0.46899559358928117,0.8,0.0,False,18,,,,,8,1.0,0.0,True,True,10
nonpaper diagnostic,71,suffix,2,coherent-beam,10,4,5,0.5,0.8427376486136672,0.37028424997159765,0.0625,False,21,,,,,8,1.0,0.0,True,True,10
nonpaper diagnostic,71,suffix,3,coherent-beam,10,2,6,0.6,0.9709505944546688,1.0,1.0,False,18,,,,,8,1.0,0.0,True,True,10
nonpaper diagnostic,72,cue,1,coherent-beam,7,1,7,0.7,0.0,1.0,1.0,False,34,3,27,37,10,,,,,,
nonpaper diagnostic,72,cue,2,coherent-beam,10,1,10,1.0,0.0,1.0,1.0,True,10,0,0,10,10,,,,,,
nonpaper diagnostic,72,cue,3,coherent-beam,10,1,10,1.0,0.0,1.0,1.0,True,10,0,0,10,10,,,,,,
nonpaper diagnostic,72,cue,4,coherent-beam,10,2,9,0.9,0.46899559358928117,0.8384615384615385,0.19230769230769232,True,10,0,0,10,10,,,,,,
nonpaper diagnostic,72,cue,5,coherent-beam,8,2,7,0.7,0.5435644431995964,0.888888888888889,0.5555555555555556,False,12,2,20,28,10,,,,,,
nonpaper diagnostic,72,suffix,1,coherent-beam,10,2,9,0.9,0.46899559358928117,0.8,0.0,False,25,,,,,8,1.0,0.0,True,True,10
nonpaper diagnostic,72,suffix,2,coherent-beam,10,1,10,1.0,0.0,1.0,1.0,True,10,,,,,8,1.0,0.0,True,True,10
nonpaper diagnostic,72,suffix,3,coherent-beam,10,1,10,1.0,0.0,1.0,1.0,True,10,,,,,8,1.0,0.0,True,True,10
nonpaper diagnostic,72,suffix,4,coherent-beam,10,1,10,1.0,0.0,1.0,1.0,True,10,,,,,8,1.0,0.0,True,True,10
nonpaper diagnostic,73,cue,1,coherent-beam,10,1,10,1.0,0.0,1.0,1.0,True,37,0,0,10,10,,,,,,
nonpaper diagnostic,73,cue,2,coherent-beam,9,1,9,0.9,0.0,1.0,1.0,False,9,1,10,19,10,,,,,,
nonpaper diagnostic,73,cue,3,coherent-beam,10,2,9,0.9,0.46899559358928117,0.8198019801980198,0.09900990099009901,True,26,0,0,10,10,,,,,,
nonpaper diagnostic,73,cue,4,coherent-beam,8,2,6,0.6,0.8112781244591328,0.49613484150601017,0.20212765957446807,False,27,2,18,28,10,,,,,,
nonpaper diagnostic,73,cue,5,coherent-beam,6,1,6,0.6,0.0,1.0,1.0,False,49,4,36,46,10,,,,,,
nonpaper diagnostic,73,suffix,1,coherent-beam,10,2,6,0.6,0.9709505944546688,0.5259259259259259,0.1111111111111111,False,37,,,,,8,1.0,0.0,True,True,10
nonpaper diagnostic,73,suffix,2,coherent-beam,10,3,8,0.8,0.5816718657178868,0.6424242424242425,0.0,False,13,,,,,8,1.0,0.0,True,True,10
nonpaper diagnostic,73,suffix,3,coherent-beam,10,1,10,1.0,0.0,1.0,1.0,True,10,,,,,8,1.0,0.0,True,True,10
nonpaper diagnostic,73,suffix,4,coherent-beam,9,2,8,0.8,0.5032583347756457,0.6533463699306054,0.17857142857142858,False,9,,,,,8,1.0,0.0,False,False,9
nonpaper diagnostic,74,cue,1,coherent-beam,10,1,10,1.0,0.0,1.0,1.0,True,13,0,0,10,10,,,,,,
nonpaper diagnostic,74,cue,2,coherent-beam,2,1,2,0.2,0.0,1.0,1.0,False,2,8,80,82,10,,,,,,
nonpaper diagnostic,74,cue,3,coherent-beam,4,1,4,0.4,0.0,0.27205894904267797,0.09900990099009901,False,95,6,54,64,10,,,,,,
nonpaper diagnostic,74,cue,4,coherent-beam,6,1,6,0.6,0.0,1.0,1.0,False,86,4,36,46,10,,,,,,
nonpaper diagnostic,74,cue,5,coherent-beam,9,1,9,0.9,0.0,1.0,1.0,False,37,1,9,19,10,,,,,,
nonpaper diagnostic,74,suffix,1,coherent-beam,9,2,8,0.8,0.5032583347756457,0.7936507936507937,0.07142857142857142,False,11,,,,,8,1.0,0.0,True,True,9
nonpaper diagnostic,74,suffix,2,coherent-beam,10,1,10,1.0,0.0,1.0,1.0,True,10,,,,,8,1.0,0.0,True,True,10
nonpaper diagnostic,74,suffix,3,coherent-beam,10,1,10,1.0,0.0,1.0,1.0,True,10,,,,,8,1.0,0.0,True,True,10
nonpaper diagnostic,74,suffix,4,coherent-beam,10,2,6,0.6,0.9709505944546688,0.371386895878668,0.125,False,24,,,,,8,1.0,0.0,False,True,10
nonpaper diagnostic,75,cue,1,coherent-beam,9,1,9,0.9,0.0,1.0,1.0,False,17,1,9,19,10,,,,,,
nonpaper diagnostic,75,cue,2,coherent-beam,10,1,10,1.0,0.0,1.0,1.0,True,24,0,0,10,10,,,,,,
nonpaper diagnostic,75,cue,3,coherent-beam,10,1,10,1.0,0.0,1.0,1.0,True,10,0,0,10,10,,,,,,
nonpaper diagnostic,75,cue,4,coherent-beam,8,1,8,0.8,0.0,1.0,1.0,False,8,2,20,28,10,,,,,,
nonpaper diagnostic,75,cue,5,coherent-beam,8,2,7,0.7,0.5435644431995964,0.8141025641025641,0.2564102564102564,False,27,2,18,28,10,,,,,,
nonpaper diagnostic,75,suffix,1,coherent-beam,10,4,7,0.7,0.6783898247235197,0.6082238620985565,0.05970149253731343,False,38,,,,,8,1.0,0.0,True,True,10
nonpaper diagnostic,75,suffix,2,coherent-beam,10,1,10,1.0,0.0,1.0,1.0,True,10,,,,,8,1.0,0.0,True,True,10
nonpaper diagnostic,75,suffix,3,coherent-beam,9,1,9,0.9,0.0,1.0,1.0,False,9,,,,,8,1.0,0.0,True,True,9
nonpaper diagnostic,75,suffix,4,coherent-beam,9,1,9,0.9,0.0,1.0,1.0,False,9,,,,,8,1.0,0.0,True,True,9
nonpaper diagnostic,76,cue,1,coherent-beam,7,1,7,0.7,0.0,1.0,1.0,False,79,3,27,37,10,,,,,,
nonpaper diagnostic,76,cue,2,coherent-beam,10,1,10,1.0,0.0,1.0,1.0,True,11,0,0,10,10,,,,,,
nonpaper diagnostic,76,cue,3,coherent-beam,9,2,8,0.8,0.5032583347756457,0.8947368421052632,0.5263157894736842,False,9,1,10,19,10,,,,,,
nonpaper diagnostic,76,cue,4,coherent-beam,10,1,10,1.0,0.0,1.0,1.0,True,11,0,0,10,10,,,,,,
nonpaper diagnostic,76,cue,5,coherent-beam,10,1,10,1.0,0.0,1.0,1.0,True,10,0,0,10,10,,,,,,
nonpaper diagnostic,76,suffix,1,coherent-beam,10,1,10,1.0,0.0,1.0,1.0,True,10,,,,,8,1.0,0.0,True,True,10
nonpaper diagnostic,76,suffix,2,coherent-beam,10,5,5,0.5,0.8445412464587144,0.31403620250339653,0.11627906976744186,False,29,,,,,8,1.0,0.0,False,True,10
nonpaper diagnostic,76,suffix,3,coherent-beam,9,2,6,0.6,0.9182958340544894,0.9166666666666666,0.625,False,56,,,,,8,1.0,0.0,False,False,9
nonpaper diagnostic,76,suffix,4,coherent-beam,9,3,7,0.7,0.6223659728744494,1.0,1.0,False,22,,,,,8,1.0,0.0,False,False,9
nonpaper diagnostic,77,cue,1,coherent-beam,10,1,10,1.0,0.0,1.0,1.0,True,11,0,0,10,10,,,,,,
nonpaper diagnostic,77,cue,2,coherent-beam,9,1,9,0.9,0.0,0.8947368421052632,0.5263157894736842,False,44,1,9,19,10,,,,,,
nonpaper diagnostic,77,cue,3,coherent-beam,10,1,10,1.0,0.0,1.0,1.0,True,11,0,0,10,10,,,,,,
nonpaper diagnostic,77,cue,4,coherent-beam,10,2,9,0.9,0.46899559358928117,0.8206185567010309,0.10309278350515463,True,10,0,0,10,10,,,,,,
nonpaper diagnostic,77,cue,5,coherent-beam,10,1,10,1.0,0.0,1.0,1.0,True,10,0,0,10,10,,,,,,
nonpaper diagnostic,77,suffix,1,coherent-beam,1,1,1,0.1,0.0,0.0,0.0,False,1,,,,,8,1.0,0.0,False,True,1
nonpaper diagnostic,78,cue,1,coherent-beam,5,1,5,0.5,0.0,1.0,1.0,False,60,5,46,55,10,,,,,,
nonpaper diagnostic,78,cue,2,coherent-beam,9,1,9,0.9,0.0,1.0,1.0,False,25,1,9,19,10,,,,,,
nonpaper diagnostic,78,cue,3,coherent-beam,10,4,7,0.7,0.6783898247235197,0.5950609121349564,0.09803921568627451,True,11,0,0,10,10,,,,,,
nonpaper diagnostic,78,cue,4,coherent-beam,8,2,7,0.7,0.5435644431995964,0.5954421768707483,0.23809523809523808,False,8,2,20,28,10,,,,,,
nonpaper diagnostic,78,cue,5,coherent-beam,8,2,7,0.7,0.5435644431995964,0.7962962962962964,0.18518518518518517,False,52,2,18,28,10,,,,,,
nonpaper diagnostic,78,suffix,1,coherent-beam,10,1,10,1.0,0.0,1.0,1.0,True,12,,,,,8,1.0,0.0,True,True,10
nonpaper diagnostic,78,suffix,2,coherent-beam,10,1,10,1.0,0.0,1.0,1.0,True,10,,,,,8,1.0,0.0,True,True,10
nonpaper diagnostic,78,suffix,3,coherent-beam,8,1,8,0.8,0.0,1.0,1.0,False,8,,,,,8,1.0,0.0,True,True,8
nonpaper diagnostic,79,cue,1,coherent-beam,8,1,8,0.8,0.0,1.0,1.0,False,60,2,19,28,10,,,,,,
nonpaper diagnostic,79,cue,2,coherent-beam,9,1,9,0.9,0.0,1.0,1.0,False,25,1,9,19,10,,,,,,
nonpaper diagnostic,79,cue,3,coherent-beam,10,1,10,1.0,0.0,1.0,1.0,True,10,0,0,10,10,,,,,,
nonpaper diagnostic,79,cue,4,coherent-beam,5,1,5,0.5,0.0,0.5498529664779664,0.4307692307692308,False,17,5,48,55,10,,,,,,
nonpaper diagnostic,79,cue,5,coherent-beam,7,1,7,0.7,0.0,1.0,1.0,False,26,3,27,37,10,,,,,,
nonpaper diagnostic,79,suffix,1,coherent-beam,10,2,7,0.7,0.8812908992306927,1.0,1.0,False,20,,,,,8,1.0,0.0,True,True,10
nonpaper diagnostic,79,suffix,2,coherent-beam,10,3,7,0.7,0.7298466991620975,0.6909643458621321,0.18518518518518517,True,10,,,,,8,1.0,0.0,True,True,10
nonpaper diagnostic,79,suffix,3,coherent-beam,10,1,10,1.0,0.0,1.0,1.0,True,10,,,,,8,1.0,0.0,True,True,10
nonpaper diagnostic,79,suffix,4,coherent-beam,9,3,5,0.5,0.8527924884900404,0.3348507234861471,0.0759493670886076,False,31,,,,,8,1.0,0.0,False,True,9
nonpaper diagnostic,80,cue,1,coherent-beam,4,1,4,0.4,0.0,1.0,1.0,False,77,6,55,64,10,,,,,,
nonpaper diagnostic,80,cue,2,coherent-beam,10,1,10,1.0,0.0,1.0,1.0,True,49,0,0,10,10,,,,,,
nonpaper diagnostic,80,cue,3,coherent-beam,10,1,10,1.0,0.0,1.0,1.0,True,10,0,0,10,10,,,,,,
nonpaper diagnostic,80,cue,4,coherent-beam,9,1,9,0.9,0.0,1.0,1.0,False,9,1,10,19,10,,,,,,
nonpaper diagnostic,80,cue,5,coherent-beam,10,2,9,0.9,0.46899559358928117,0.8317460317460318,0.15873015873015872,True,11,0,0,10,10,,,,,,
nonpaper diagnostic,80,suffix,1,coherent-beam,10,2,9,0.9,0.46899559358928117,0.8227272727272728,0.11363636363636363,True,10,,,,,8,1.0,0.0,True,True,10
nonpaper diagnostic,80,suffix,2,coherent-beam,8,1,8,0.8,0.0,1.0,1.0,False,8,,,,,8,1.0,0.0,True,True,8
nonpaper diagnostic,80,suffix,3,coherent-beam,10,1,10,1.0,0.0,1.0,1.0,True,10,,,,,8,1.0,0.0,True,True,10
nonpaper diagnostic,80,suffix,4,coherent-beam,10,1,10,1.0,0.0,1.0,1.0,True,10,,,,,8,1.0,0.0,True,True,10
nonpaper diagnostic,81,cue,1,coherent-beam,10,1,10,1.0,0.0,1.0,1.0,True,14,0,0,10,10,,,,,,
nonpaper diagnostic,81,cue,2,coherent-beam,10,1,10,1.0,0.0,1.0,1.0,True,10,0,0,10,10,,,,,,
nonpaper diagnostic,81,cue,3,coherent-beam,9,1,9,0.9,0.0,1.0,1.0,False,9,1,10,19,10,,,,,,
nonpaper diagnostic,81,cue,4,coherent-beam,10,1,10,1.0,0.0,1.0,1.0,True,10,0,0,10,10,,,,,,
nonpaper diagnostic,81,cue,5,coherent-beam,10,2,9,0.9,0.46899559358928117,0.9111111111111111,0.5555555555555556,True,10,0,0,10,10,,,,,,
nonpaper diagnostic,81,suffix,1,coherent-beam,9,1,9,0.9,0.0,1.0,1.0,False,9,,,,,8,1.0,0.0,True,True,9
nonpaper diagnostic,81,suffix,2,coherent-beam,8,1,8,0.8,0.0,1.0,1.0,False,8,,,,,8,1.0,0.0,True,True,8
nonpaper diagnostic,81,suffix,3,coherent-beam,7,1,7,0.7,0.0,1.0,1.0,False,7,,,,,8,1.0,0.0,True,True,7
nonpaper diagnostic,81,suffix,4,coherent-beam,7,1,7,0.7,0.0,1.0,1.0,False,7,,,,,8,1.0,0.0,False,False,7
nonpaper diagnostic,82,cue,1,coherent-beam,6,2,5,0.5,0.6500224216483541,0.6666666666666666,0.0,False,79,4,36,46,10,,,,,,
nonpaper diagnostic,82,cue,2,coherent-beam,10,1,10,1.0,0.0,1.0,1.0,True,10,0,0,10,10,,,,,,
nonpaper diagnostic,82,cue,3,coherent-beam,4,3,2,0.2,0.946394630357186,0.6520553359683795,0.4318181818181818,False,21,6,59,64,10,,,,,,
nonpaper diagnostic,82,cue,4,coherent-beam,8,1,8,0.8,0.0,1.0,1.0,False,34,2,18,28,10,,,,,,
nonpaper diagnostic,82,cue,5,coherent-beam,10,1,10,1.0,0.0,1.0,1.0,True,10,0,0,10,10,,,,,,
nonpaper diagnostic,82,suffix,1,coherent-beam,10,4,7,0.7,0.6783898247235197,0.7278939686380702,0.3333333333333333,True,10,,,,,8,1.0,0.0,True,True,10
nonpaper diagnostic,82,suffix,2,coherent-beam,9,1,9,0.9,0.0,1.0,1.0,False,9,,,,,8,1.0,0.0,True,True,9
nonpaper diagnostic,82,suffix,3,coherent-beam,9,5,4,0.4,0.886682880001534,0.3899475455053999,0.0759493670886076,False,25,,,,,8,1.0,0.0,True,True,9
nonpaper diagnostic,82,suffix,4,coherent-beam,9,2,8,0.8,0.5032583347756457,0.8947368421052632,0.5263157894736842,False,9,,,,,8,1.0,0.0,True,True,9
nonpaper diagnostic,83,cue,1,coherent-beam,9,1,9,0.9,0.0,1.0,1.0,False,34,1,9,19,10,,,,,,
nonpaper diagnostic,83,cue,2,coherent-beam,9,1,9,0.9,0.0,1.0,1.0,False,17,1,9,19,10,,,,,,
nonpaper diagnostic,83,cue,3,coherent-beam,9,1,9,0.9,0.0,1.0,1.0,False,9,1,10,19,10,,,,,,
nonpaper diagnostic,83,cue,4,coherent-beam,9,2,8,0.8,0.5032583347756457,0.7804878048780488,0.012195121951219513,False,26,1,9,19,10,,,,,,
nonpaper diagnostic,83,cue,5,coherent-beam,10,1,10,1.0,0.0,1.0,1.0,True,11,0,0,10,10,,,,,,
nonpaper diagnostic,83,suffix,1,coherent-beam,10,1,10,1.0,0.0,1.0,1.0,True,10,,,,,8,1.0,0.0,True,True,10
nonpaper diagnostic,83,suffix,2,coherent-beam,9,1,9,0.9,0.0,1.0,1.0,False,9,,,,,8,1.0,0.0,True,True,9
nonpaper diagnostic,83,suffix,3,coherent-beam,10,1,10,1.0,0.0,1.0,1.0,True,10,,,,,8,1.0,0.0,True,True,10
nonpaper diagnostic,83,suffix,4,coherent-beam,9,1,9,0.9,0.0,1.0,1.0,False,9,,,,,8,1.0,0.0,True,True,9
nonpaper diagnostic,84,cue,1,coherent-beam,8,1,8,0.8,0.0,1.0,1.0,False,18,2,20,28,10,,,,,,
nonpaper diagnostic,84,cue,2,coherent-beam,10,1,10,1.0,0.0,1.0,1.0,True,19,0,0,10,10,,,,,,
nonpaper diagnostic,84,cue,3,coherent-beam,10,1,10,1.0,0.0,1.0,1.0,True,10,0,0,10,10,,,,,,
nonpaper diagnostic,84,cue,4,coherent-beam,9,1,9,0.9,0.0,1.0,1.0,False,9,1,10,19,10,,,,,,
nonpaper diagnostic,84,cue,5,coherent-beam,10,1,10,1.0,0.0,1.0,1.0,True,10,0,0,10,10,,,,,,
nonpaper diagnostic,84,suffix,1,coherent-beam,10,1,10,1.0,0.0,1.0,1.0,True,10,,,,,8,1.0,0.0,True,True,10
nonpaper diagnostic,84,suffix,2,coherent-beam,10,1,10,1.0,0.0,1.0,1.0,True,10,,,,,8,1.0,0.0,True,True,10
nonpaper diagnostic,84,suffix,3,coherent-beam,10,1,10,1.0,0.0,1.0,1.0,True,10,,,,,8,1.0,0.0,True,True,10
nonpaper diagnostic,84,suffix,4,coherent-beam,8,1,8,0.8,0.0,1.0,1.0,False,9,,,,,8,1.0,0.0,True,True,8
nonpaper diagnostic,85,cue,1,coherent-beam,7,1,7,0.7,0.0,1.0,1.0,False,31,3,27,37,10,,,,,,
nonpaper diagnostic,85,cue,2,coherent-beam,10,1,10,1.0,0.0,1.0,1.0,True,11,0,0,10,10,,,,,,
nonpaper diagnostic,85,cue,3,coherent-beam,9,2,8,0.8,0.5032583347756457,0.9012345679012346,0.5555555555555556,False,9,1,10,19,10,,,,,,
nonpaper diagnostic,85,cue,4,coherent-beam,10,1,10,1.0,0.0,1.0,1.0,True,11,0,0,10,10,,,,,,
nonpaper diagnostic,85,cue,5,coherent-beam,10,2,9,0.9,0.46899559358928117,0.8384615384615385,0.19230769230769232,True,10,0,0,10,10,,,,,,
nonpaper diagnostic,85,suffix,1,coherent-beam,10,1,10,1.0,0.0,1.0,1.0,True,15,,,,,8,1.0,0.0,True,True,10
nonpaper diagnostic,85,suffix,2,coherent-beam,9,1,9,0.9,0.0,1.0,1.0,False,9,,,,,8,1.0,0.0,True,True,9
nonpaper diagnostic,85,suffix,3,coherent-beam,10,1,10,1.0,0.0,1.0,1.0,True,10,,,,,8,1.0,0.0,True,True,10
nonpaper diagnostic,85,suffix,4,coherent-beam,10,1,10,1.0,0.0,1.0,1.0,True,10,,,,,8,1.0,0.0,True,True,10
nonpaper diagnostic,86,cue,1,coherent-beam,10,1,10,1.0,0.0,1.0,1.0,True,10,0,0,10,10,,,,,,
nonpaper diagnostic,86,cue,2,coherent-beam,9,1,9,0.9,0.0,1.0,1.0,False,32,1,10,19,10,,,,,,
nonpaper diagnostic,86,cue,3,coherent-beam,9,1,9,0.9,0.0,1.0,1.0,False,9,1,10,19,10,,,,,,
nonpaper diagnostic,86,cue,4,coherent-beam,10,1,10,1.0,0.0,1.0,1.0,True,10,0,0,10,10,,,,,,
nonpaper diagnostic,86,cue,5,coherent-beam,10,1,10,1.0,0.0,1.0,1.0,True,10,0,0,10,10,,,,,,
nonpaper diagnostic,86,suffix,1,coherent-beam,3,1,3,0.3,0.0,1.0,1.0,False,3,,,,,8,1.0,0.0,True,True,3
nonpaper diagnostic,87,cue,1,coherent-beam,8,2,7,0.7,0.5435644431995964,0.7592592592592593,0.037037037037037035,False,27,2,18,28,10,,,,,,
nonpaper diagnostic,87,cue,2,coherent-beam,10,1,10,1.0,0.0,1.0,1.0,True,11,0,0,10,10,,,,,,
nonpaper diagnostic,87,cue,3,coherent-beam,10,1,10,1.0,0.0,1.0,1.0,True,10,0,0,10,10,,,,,,
nonpaper diagnostic,87,cue,4,coherent-beam,10,1,10,1.0,0.0,1.0,1.0,True,10,0,0,10,10,,,,,,
nonpaper diagnostic,87,cue,5,coherent-beam,10,1,10,1.0,0.0,1.0,1.0,True,10,0,0,10,10,,,,,,
nonpaper diagnostic,88,cue,1,coherent-beam,10,1,10,1.0,0.0,1.0,1.0,True,13,0,0,10,10,,,,,,
nonpaper diagnostic,88,cue,2,coherent-beam,9,1,9,0.9,0.0,0.8333333333333334,0.6666666666666666,False,9,1,10,19,10,,,,,,
nonpaper diagnostic,88,cue,3,coherent-beam,8,2,7,0.7,0.5435644431995964,0.8031914893617021,0.2127659574468085,False,11,2,20,28,10,,,,,,
nonpaper diagnostic,88,cue,4,coherent-beam,10,1,10,1.0,0.0,1.0,1.0,True,10,0,0,10,10,,,,,,
nonpaper diagnostic,88,cue,5,coherent-beam,10,1,10,1.0,0.0,1.0,1.0,True,10,0,0,10,10,,,,,,
nonpaper diagnostic,88,suffix,1,coherent-beam,2,1,2,0.2,0.0,1.0,1.0,False,2,,,,,8,1.0,0.0,False,True,2
nonpaper diagnostic,89,cue,1,coherent-beam,9,2,8,0.8,0.5032583347756457,0.7894736842105263,0.05263157894736842,False,34,1,9,19,10,,,,,,
nonpaper diagnostic,89,cue,2,coherent-beam,8,1,8,0.8,0.0,1.0,1.0,False,9,2,20,28,10,,,,,,
nonpaper diagnostic,89,cue,3,coherent-beam,9,2,8,0.8,0.5032583347756457,0.8260869565217391,0.21739130434782608,False,21,1,10,19,10,,,,,,
nonpaper diagnostic,89,cue,4,coherent-beam,10,1,10,1.0,0.0,1.0,1.0,True,11,0,0,10,10,,,,,,
nonpaper diagnostic,89,cue,5,coherent-beam,10,1,10,1.0,0.0,1.0,1.0,True,10,0,0,10,10,,,,,,
nonpaper diagnostic,89,suffix,1,coherent-beam,10,1,10,1.0,0.0,1.0,1.0,True,10,,,,,8,1.0,0.0,True,True,10
nonpaper diagnostic,89,suffix,2,coherent-beam,10,1,10,1.0,0.0,1.0,1.0,True,10,,,,,8,1.0,0.0,True,True,10
nonpaper diagnostic,89,suffix,3,coherent-beam,7,1,7,0.7,0.0,1.0,1.0,False,7,,,,,8,1.0,0.0,True,True,7
nonpaper diagnostic,89,suffix,4,coherent-beam,8,4,5,0.5,0.7743974703476992,0.2932340433029177,0.0673076923076923,False,13,,,,,8,1.0,0.0,True,True,8
nonpaper diagnostic,90,cue,1,coherent-beam,7,4,4,0.4,0.8322488896002307,0.31606794764689505,0.0,False,66,3,27,37,10,,,,,,
nonpaper diagnostic,90,cue,2,coherent-beam,10,1,10,1.0,0.0,1.0,1.0,True,28,0,0,10,10,,,,,,
nonpaper diagnostic,90,cue,3,coherent-beam,8,1,8,0.8,0.0,1.0,1.0,False,8,2,20,28,10,,,,,,
nonpaper diagnostic,90,cue,4,coherent-beam,8,1,8,0.8,0.0,1.0,1.0,False,25,2,18,28,10,,,,,,
nonpaper diagnostic,90,cue,5,coherent-beam,9,2,8,0.8,0.5032583347756457,0.8024691358024691,0.1111111111111111,False,18,1,10,19,10,,,,,,
nonpaper diagnostic,90,suffix,1,coherent-beam,10,1,10,1.0,0.0,1.0,1.0,True,10,,,,,8,1.0,0.0,True,True,10
nonpaper diagnostic,90,suffix,2,coherent-beam,8,1,8,0.8,0.0,1.0,1.0,False,8,,,,,8,1.0,0.0,True,True,8
nonpaper diagnostic,90,suffix,3,coherent-beam,10,2,9,0.9,0.46899559358928117,0.8526315789473685,0.2631578947368421,True,10,,,,,8,1.0,0.0,True,True,10
nonpaper diagnostic,90,suffix,4,coherent-beam,9,3,7,0.7,0.6223659728744494,0.7263374485596708,0.4074074074074074,False,10,,,,,8,1.0,0.0,True,True,9
nonpaper diagnostic,91,cue,1,coherent-beam,9,1,9,0.9,0.0,1.0,1.0,False,24,1,9,19,10,,,,,,
nonpaper diagnostic,91,cue,2,coherent-beam,10,1,10,1.0,0.0,1.0,1.0,True,10,0,0,10,10,,,,,,
nonpaper diagnostic,91,cue,3,coherent-beam,10,2,9,0.9,0.46899559358928117,0.837037037037037,0.18518518518518517,True,10,0,0,10,10,,,,,,
nonpaper diagnostic,91,cue,4,coherent-beam,10,1,10,1.0,0.0,1.0,1.0,True,10,0,0,10,10,,,,,,
nonpaper diagnostic,91,cue,5,coherent-beam,8,1,8,0.8,0.0,1.0,1.0,False,8,2,20,28,10,,,,,,
nonpaper diagnostic,91,suffix,1,coherent-beam,10,2,9,0.9,0.46899559358928117,0.8,0.0,False,35,,,,,8,1.0,0.0,True,True,10
nonpaper diagnostic,91,suffix,2,coherent-beam,10,2,7,0.7,0.8812908992306927,0.36815915284448836,0.14545454545454545,False,22,,,,,8,1.0,0.0,True,True,10
nonpaper diagnostic,91,suffix,3,coherent-beam,10,7,4,0.4,0.8983289127685206,0.730062064484327,0.3448275862068966,False,59,,,,,8,1.0,0.0,False,True,10
nonpaper diagnostic,92,cue,1,coherent-beam,4,1,4,0.4,0.0,1.0,1.0,False,79,6,54,64,10,,,,,,
nonpaper diagnostic,92,cue,2,coherent-beam,10,1,10,1.0,0.0,1.0,1.0,True,10,0,0,10,10,,,,,,
nonpaper diagnostic,92,cue,3,coherent-beam,10,5,4,0.4,0.881353453268883,0.3726247782326165,0.0851063829787234,True,44,0,0,10,10,,,,,,
nonpaper diagnostic,92,cue,4,coherent-beam,10,2,9,0.9,0.46899559358928117,0.7258319694489906,0.21153846153846154,True,25,0,0,10,10,,,,,,
nonpaper diagnostic,92,cue,5,coherent-beam,9,2,7,0.7,0.7642045065086203,1.0,1.0,False,23,1,9,19,10,,,,,,
nonpaper diagnostic,92,suffix,1,coherent-beam,9,2,8,0.8,0.5032583347756457,0.7777777777777778,0.0,False,16,,,,,8,1.0,0.0,True,True,9
nonpaper diagnostic,92,suffix,2,coherent-beam,10,1,10,1.0,0.0,1.0,1.0,True,10,,,,,8,1.0,0.0,True,True,10
nonpaper diagnostic,92,suffix,3,coherent-beam,10,4,5,0.5,0.8427376486136672,0.30586341085268504,0.061224489795918366,False,21,,,,,8,1.0,0.0,True,True,10
nonpaper diagnostic,92,suffix,4,coherent-beam,9,4,5,0.5,0.8288713632524444,1.0,1.0,False,51,,,,,8,1.0,0.0,False,False,9
nonpaper diagnostic,93,cue,1,coherent-beam,7,2,6,0.6,0.5916727785823274,0.7293233082706767,0.05263157894736842,False,60,3,27,37,10,,,,,,
nonpaper diagnostic,93,cue,2,coherent-beam,9,2,8,0.8,0.5032583347756457,0.8888888888888888,0.5,False,18,1,9,19,10,,,,,,
nonpaper diagnostic,93,cue,3,coherent-beam,10,1,10,1.0,0.0,1.0,1.0,True,11,0,0,10,10,,,,,,
nonpaper diagnostic,93,cue,4,coherent-beam,10,1,10,1.0,0.0,1.0,1.0,True,10,0,0,10,10,,,,,,
nonpaper diagnostic,93,cue,5,coherent-beam,10,1,10,1.0,0.0,1.0,1.0,True,10,0,0,10,10,,,,,,
nonpaper diagnostic,93,suffix,1,coherent-beam,9,3,4,0.4,0.8783471047618534,0.41202997830075305,0.12149532710280374,False,19,,,,,8,1.0,0.0,True,True,9
nonpaper diagnostic,93,suffix,2,coherent-beam,10,5,3,0.3,0.9349775297671233,0.9,0.5,False,46,,,,,8,1.0,0.0,True,True,10
nonpaper diagnostic,93,suffix,3,coherent-beam,7,1,7,0.7,0.0,1.0,1.0,False,7,,,,,8,1.0,0.0,False,False,7
nonpaper diagnostic,93,suffix,4,coherent-beam,4,1,4,0.4,0.0,1.0,1.0,False,4,,,,,8,1.0,0.0,False,False,4
nonpaper diagnostic,94,cue,1,coherent-beam,7,2,6,0.6,0.5916727785823274,0.7485714285714286,0.12,False,60,3,27,37,10,,,,,,
nonpaper diagnostic,94,cue,2,coherent-beam,10,1,10,1.0,0.0,1.0,1.0,True,10,0,0,10,10,,,,,,
nonpaper diagnostic,94,cue,3,coherent-beam,10,1,10,1.0,0.0,1.0,1.0,True,10,0,0,10,10,,,,,,
nonpaper diagnostic,94,cue,4,coherent-beam,10,3,8,0.8,0.5816718657178868,0.7011182054660315,0.19230769230769232,True,11,0,0,10,10,,,,,,
nonpaper diagnostic,94,cue,5,coherent-beam,10,2,9,0.9,0.46899559358928117,0.837037037037037,0.18518518518518517,True,10,0,0,10,10,,,,,,
nonpaper diagnostic,94,suffix,1,coherent-beam,10,1,10,1.0,0.0,1.0,1.0,True,10,,,,,8,1.0,0.0,True,True,10
nonpaper diagnostic,94,suffix,2,coherent-beam,10,1,10,1.0,0.0,1.0,1.0,True,10,,,,,8,1.0,0.0,True,True,10
nonpaper diagnostic,94,suffix,3,coherent-beam,10,2,6,0.6,0.9709505944546688,0.3739560923194537,0.14545454545454545,False,23,,,,,8,1.0,0.0,True,True,10
nonpaper diagnostic,94,suffix,4,coherent-beam,10,3,6,0.6,0.8173454221465101,1.0,1.0,False,56,,,,,8,1.0,0.0,False,False,10
nonpaper diagnostic,95,cue,1,coherent-beam,9,1,9,0.9,0.0,1.0,1.0,False,21,1,9,19,10,,,,,,
nonpaper diagnostic,95,cue,2,coherent-beam,9,1,9,0.9,0.0,1.0,1.0,False,18,1,9,19,10,,,,,,
nonpaper diagnostic,95,cue,3,coherent-beam,9,1,9,0.9,0.0,1.0,1.0,False,10,1,10,19,10,,,,,,
nonpaper diagnostic,95,cue,4,coherent-beam,9,2,8,0.8,0.5032583347756457,0.9012345679012346,0.5555555555555556,False,14,1,10,19,10,,,,,,
nonpaper diagnostic,95,cue,5,coherent-beam,10,1,10,1.0,0.0,1.0,1.0,True,10,0,0,10,10,,,,,,
nonpaper diagnostic,95,suffix,1,coherent-beam,10,2,9,0.9,0.46899559358928117,0.8526315789473685,0.2631578947368421,True,10,,,,,8,1.0,0.0,True,True,10
nonpaper diagnostic,95,suffix,2,coherent-beam,10,2,9,0.9,0.46899559358928117,0.8227272727272728,0.11363636363636363,True,10,,,,,8,1.0,0.0,True,True,10
nonpaper diagnostic,95,suffix,3,coherent-beam,10,3,8,0.8,0.5816718657178868,0.7217225161669606,0.1388888888888889,True,11,,,,,8,1.0,0.0,True,True,10
nonpaper diagnostic,95,suffix,4,coherent-beam,10,1,10,1.0,0.0,1.0,1.0,True,10,,,,,8,1.0,0.0,True,True,10
nonpaper diagnostic,96,cue,1,coherent-beam,9,1,9,0.9,0.0,1.0,1.0,False,31,1,9,19,10,,,,,,
nonpaper diagnostic,96,cue,2,coherent-beam,3,2,2,0.2,0.9182958340544894,0.40952380952380957,0.11428571428571428,False,13,7,70,73,10,,,,,,
nonpaper diagnostic,96,cue,3,coherent-beam,8,2,7,0.7,0.5435644431995964,0.888888888888889,0.5555555555555556,False,43,2,19,28,10,,,,,,
nonpaper diagnostic,96,cue,4,coherent-beam,9,1,9,0.9,0.0,1.0,1.0,False,19,1,9,19,10,,,,,,
nonpaper diagnostic,96,cue,5,coherent-beam,10,1,10,1.0,0.0,1.0,1.0,True,10,0,0,10,10,,,,,,
nonpaper diagnostic,96,suffix,1,coherent-beam,5,3,2,0.2,0.9602297178607612,0.292,0.07142857142857142,False,5,,,,,8,1.0,0.0,False,True,5
nonpaper diagnostic,96,suffix,2,coherent-beam,4,1,4,0.4,0.0,0.629131041888776,0.5222222222222223,False,4,,,,,8,1.0,0.0,False,False,4
nonpaper diagnostic,96,suffix,3,coherent-beam,9,4,3,0.3,0.9455305560363264,0.8888888888888888,0.5,False,25,,,,,8,1.0,0.0,False,False,9
nonpaper diagnostic,97,cue,1,coherent-beam,5,1,5,0.5,0.0,1.0,1.0,False,60,5,46,55,10,,,,,,
nonpaper diagnostic,97,cue,2,coherent-beam,10,2,9,0.9,0.46899559358928117,0.9052631578947369,0.5263157894736842,True,25,0,0,10,10,,,,,,
nonpaper diagnostic,97,cue,3,coherent-beam,10,1,10,1.0,0.0,1.0,1.0,True,10,0,0,10,10,,,,,,
nonpaper diagnostic,97,cue,4,coherent-beam,10,1,10,1.0,0.0,1.0,1.0,True,10,0,0,10,10,,,,,,
nonpaper diagnostic,97,cue,5,coherent-beam,6,1,6,0.6,0.0,1.0,1.0,False,24,4,39,46,10,,,,,,
nonpaper diagnostic,97,suffix,1,coherent-beam,10,4,7,0.7,0.6783898247235197,0.3821093828340205,0.0,False,38,,,,,8,1.0,0.0,False,False,10
nonpaper diagnostic,97,suffix,2,coherent-beam,10,2,7,0.7,0.8812908992306927,1.0,1.0,False,17,,,,,8,1.0,0.0,False,False,10
nonpaper diagnostic,97,suffix,3,coherent-beam,9,1,9,0.9,0.0,1.0,1.0,False,9,,,,,8,1.0,0.0,False,True,9
nonpaper diagnostic,97,suffix,4,coherent-beam,8,2,6,0.6,0.8112781244591328,0.3758655161655789,0.14285714285714285,False,13,,,,,8,1.0,0.0,False,False,8
nonpaper diagnostic,98,cue,1,coherent-beam,7,1,7,0.7,0.0,1.0,1.0,False,66,3,27,37,10,,,,,,
nonpaper diagnostic,98,cue,2,coherent-beam,10,1,10,1.0,0.0,1.0,1.0,True,10,0,0,10,10,,,,,,
nonpaper diagnostic,98,cue,3,coherent-beam,10,1,10,1.0,0.0,1.0,1.0,True,10,0,0,10,10,,,,,,
nonpaper diagnostic,98,cue,4,coherent-beam,10,1,10,1.0,0.0,1.0,1.0,True,11,0,0,10,10,,,,,,
nonpaper diagnostic,98,cue,5,coherent-beam,6,1,6,0.6,0.0,1.0,1.0,False,9,4,39,46,10,,,,,,
nonpaper diagnostic,98,suffix,1,coherent-beam,10,2,9,0.9,0.46899559358928117,0.8512820512820513,0.2564102564102564,True,13,,,,,8,1.0,0.0,True,True,10
nonpaper diagnostic,98,suffix,2,coherent-beam,10,2,8,0.8,0.7219280948873623,0.6795069918356145,0.09900990099009901,True,13,,,,,8,1.0,0.0,True,True,10
nonpaper diagnostic,98,suffix,3,coherent-beam,10,1,10,1.0,0.0,1.0,1.0,True,10,,,,,8,1.0,0.0,True,True,10
nonpaper diagnostic,98,suffix,4,coherent-beam,10,1,10,1.0,0.0,1.0,1.0,True,10,,,,,8,1.0,0.0,True,True,10
nonpaper diagnostic,99,cue,1,coherent-beam,8,2,7,0.7,0.5435644431995964,0.5004069080747847,0.0,False,34,2,18,28,10,,,,,,
nonpaper diagnostic,99,cue,2,coherent-beam,6,2,5,0.5,0.6500224216483541,0.8421052631578948,0.5263157894736842,False,64,4,36,46,10,,,,,,
nonpaper diagnostic,99,cue,3,coherent-beam,10,1,10,1.0,0.0,1.0,1.0,True,22,0,0,10,10,,,,,,
nonpaper diagnostic,99,cue,4,coherent-beam,6,2,5,0.5,0.6500224216483541,0.6963883137796181,0.31746031746031744,False,7,4,40,46,10,,,,,,
nonpaper diagnostic,99,cue,5,coherent-beam,8,2,7,0.7,0.5435644431995964,0.888888888888889,0.5555555555555556,False,38,2,19,28,10,,,,,,
nonpaper diagnostic,99,suffix,1,coherent-beam,10,5,6,0.6,0.7627069065377661,0.29566340164188837,0.09433962264150944,False,57,,,,,8,1.0,0.0,False,True,10
nonpaper diagnostic,99,suffix,2,coherent-beam,10,6,4,0.4,0.8982444017039272,0.9,0.5,False,54,,,,,8,1.0,0.0,False,False,10
nonpaper diagnostic,99,suffix,3,coherent-beam,6,1,6,0.6,0.0,1.0,1.0,False,6,,,,,8,1.0,0.0,False,False,6
nonpaper diagnostic,99,suffix,4,coherent-beam,8,1,8,0.8,0.0,1.0,1.0,False,8,,,,,8,1.0,0.0,False,False,8
nonpaper diagnostic,100,cue,1,coherent-beam,10,2,9,0.9,0.46899559358928117,0.8526315789473685,0.2631578947368421,True,30,0,0,10,10,,,,,,
nonpaper diagnostic,100,cue,2,coherent-beam,9,2,8,0.8,0.5032583347756457,0.8888888888888888,0.5,False,9,1,10,19,10,,,,,,
nonpaper diagnostic,100,cue,3,coherent-beam,10,1,10,1.0,0.0,1.0,1.0,True,10,0,0,10,10,,,,,,
nonpaper diagnostic,100,cue,4,coherent-beam,10,1,10,1.0,0.0,1.0,1.0,True,10,0,0,10,10,,,,,,
nonpaper diagnostic,100,cue,5,coherent-beam,10,2,9,0.9,0.46899559358928117,0.8714285714285714,0.35714285714285715,True,12,0,0,10,10,,,,,,
nonpaper diagnostic,100,suffix,1,coherent-beam,10,1,10,1.0,0.0,1.0,1.0,True,11,,,,,8,1.0,0.0,True,True,10
nonpaper diagnostic,100,suffix,2,coherent-beam,10,1,10,1.0,0.0,1.0,1.0,True,10,,,,,8,1.0,0.0,True,True,10
nonpaper diagnostic,100,suffix,3,coherent-beam,9,2,8,0.8,0.5032583347756457,0.8074074074074074,0.13333333333333333,False,9,,,,,8,1.0,0.0,True,True,9
nonpaper diagnostic,100,suffix,4,coherent-beam,10,1,10,1.0,0.0,1.0,1.0,True,10,,,,,8,1.0,0.0,True,True,10
