anchor_index,anchor_ordinal,labelled_anchor_timestamp,last_observed_timestamp_before_cell,last_observed_timestamp_for_rollout,cell,cell_name,current_record_observed,rollout_steps,causal_endpoint_timestamp,evaluation_target_timestamp,causal_offset_minutes,target_offset_from_label_minutes,last_observed_to_target_minutes,prediction,ground_truth,abs_error,standard_APE,current_repo_metric_contribution,raw_rollout_event_counts,raw_rollout_column_counts,pre_model_fingerprint,pre_rng_fingerprint,pre_transient_fingerprint,in_common_anchor_set,observe_segment_delta,observe_synapse_delta
200,201,2014-07-05 04:00:00,2014-07-05 03:30:00,2014-07-05 03:30:00,A,CURRENT_BUGGED,False,5,2014-07-05 06:00:00,2014-07-05 06:30:00,30,150,180,15575.883575883578,3148.0,12427.883575883578,3.9478664472311236,0.022820372488750518,193 310 289 283 274,193 310 289 283 274,c7f2e5ca7386d512c03028913bd27fdb30bd512c9f138734e4e1c2411646765e,61d90f86aed6bf1810b43edfe4eea5cd2c935c80fff87807302f1a581b9babc7,3158d0a102529b2f156187ce7d3cc856a95cc63a3edde0cc60854095684d65fb,True,,
200,201,2014-07-05 04:00:00,2014-07-05 03:30:00,2014-07-05 04:00:00,B,OBSERVE_CURRENT_THEN_5,True,5,2014-07-05 06:30:00,2014-07-05 06:30:00,0,150,150,7609.147609147609,3148.0,4461.147609147609,1.4171371058283382,0.008191664296373108,204 330 300 294 271,204 330 300 294 271,c7f2e5ca7386d512c03028913bd27fdb30bd512c9f138734e4e1c2411646765e,61d90f86aed6bf1810b43edfe4eea5cd2c935c80fff87807302f1a581b9babc7,3158d0a102529b2f156187ce7d3cc856a95cc63a3edde0cc60854095684d65fb,True,9,509
200,201,2014-07-05 04:00:00,2014-07-05 03:30:00,2014-07-05 03:30:00,C,REALIGN_TARGET_ONLY,False,5,2014-07-05 06:00:00,2014-07-05 06:00:00,0,120,150,15575.883575883578,2550.0,13025.883575883578,5.108189637601403,0.024017884644317096,193 310 289 283 274,193 310 289 283 274,c7f2e5ca7386d512c03028913bd27fdb30bd512c9f138734e4e1c2411646765e,61d90f86aed6bf1810b43edfe4eea5cd2c935c80fff87807302f1a581b9babc7,3158d0a102529b2f156187ce7d3cc856a95cc63a3edde0cc60854095684d65fb,True,,
200,201,2014-07-05 04:00:00,2014-07-05 03:30:00,2014-07-05 03:30:00,D,SIX_STEP_SAME_TARGET,False,6,2014-07-05 06:30:00,2014-07-05 06:30:00,0,150,180,10145.530145530145,3148.0,6997.530145530145,2.2228494744377842,0.012849029639457773,193 310 289 283 274 267,193 310 289 283 274 267,c7f2e5ca7386d512c03028913bd27fdb30bd512c9f138734e4e1c2411646765e,61d90f86aed6bf1810b43edfe4eea5cd2c935c80fff87807302f1a581b9babc7,3158d0a102529b2f156187ce7d3cc856a95cc63a3edde0cc60854095684d65fb,True,,
201,202,2014-07-05 04:30:00,2014-07-05 04:00:00,2014-07-05 04:00:00,A,CURRENT_BUGGED,False,5,2014-07-05 06:30:00,2014-07-05 07:00:00,30,150,180,7609.147609147609,3658.0,3951.147609147609,1.0801387668528182,0.007255190286281223,204 330 300 294 271,204 330 300 294 271,ade2591f52937acca17a7a6e85bdb29bf3b8fba3082a10865a2948beb440d575,0ade65c5b79577aaccc81a2c1fc87471d869bc5b24761d704b7d8cb33f7d9220,3abe6e8fc590ca938515085f54d3232f327106cd84725cf2f7befc5b44594387,True,,
201,202,2014-07-05 04:30:00,2014-07-05 04:00:00,2014-07-05 04:30:00,B,OBSERVE_CURRENT_THEN_5,True,5,2014-07-05 07:00:00,2014-07-05 07:00:00,0,150,150,15744.975744975745,3658.0,12086.975744975745,3.3042579947992743,0.022194389501530944,199 352 344 308 296,199 352 344 308 296,ade2591f52937acca17a7a6e85bdb29bf3b8fba3082a10865a2948beb440d575,0ade65c5b79577aaccc81a2c1fc87471d869bc5b24761d704b7d8cb33f7d9220,3abe6e8fc590ca938515085f54d3232f327106cd84725cf2f7befc5b44594387,True,10,538
201,202,2014-07-05 04:30:00,2014-07-05 04:00:00,2014-07-05 04:00:00,C,REALIGN_TARGET_ONLY,False,5,2014-07-05 06:30:00,2014-07-05 06:30:00,0,120,150,7609.147609147609,3148.0,4461.147609147609,1.4171371058283382,0.008225724422729628,204 330 300 294 271,204 330 300 294 271,ade2591f52937acca17a7a6e85bdb29bf3b8fba3082a10865a2948beb440d575,0ade65c5b79577aaccc81a2c1fc87471d869bc5b24761d704b7d8cb33f7d9220,3abe6e8fc590ca938515085f54d3232f327106cd84725cf2f7befc5b44594387,True,,
201,202,2014-07-05 04:30:00,2014-07-05 04:00:00,2014-07-05 04:00:00,D,SIX_STEP_SAME_TARGET,False,6,2014-07-05 07:00:00,2014-07-05 07:00:00,0,150,180,11891.891891891893,3658.0,8233.891891891893,2.250927253114241,0.015119266193456972,204 330 300 294 271 249,204 330 300 294 271 249,ade2591f52937acca17a7a6e85bdb29bf3b8fba3082a10865a2948beb440d575,0ade65c5b79577aaccc81a2c1fc87471d869bc5b24761d704b7d8cb33f7d9220,3abe6e8fc590ca938515085f54d3232f327106cd84725cf2f7befc5b44594387,True,,
202,203,2014-07-05 05:00:00,2014-07-05 04:30:00,2014-07-05 04:30:00,A,CURRENT_BUGGED,False,5,2014-07-05 07:00:00,2014-07-05 07:30:00,30,150,180,15744.975744975745,4345.0,11399.975744975745,2.623699826231472,0.0209329039232307,199 352 344 308 296,199 352 344 308 296,dbf8f433352444b534e7e7fb147544cec999f2a3c0df30704bbe7296a03464db,9f90d9d029df5edbf16102b49bea01d2fa5c5b4e8322d486f8b7c0e05a52b224,c8df6f254297164b497d767a2db80fb903d47adc7f6d7bb13bcbc56d7abee80a,True,,
202,203,2014-07-05 05:00:00,2014-07-05 04:30:00,2014-07-05 05:00:00,B,OBSERVE_CURRENT_THEN_5,True,5,2014-07-05 07:30:00,2014-07-05 07:30:00,0,150,150,8149.68814968815,4345.0,3804.6881496881497,0.8756474452676984,0.006986257977818694,206 337 326 276 251,206 337 326 276 251,dbf8f433352444b534e7e7fb147544cec999f2a3c0df30704bbe7296a03464db,9f90d9d029df5edbf16102b49bea01d2fa5c5b4e8322d486f8b7c0e05a52b224,c8df6f254297164b497d767a2db80fb903d47adc7f6d7bb13bcbc56d7abee80a,True,7,533
202,203,2014-07-05 05:00:00,2014-07-05 04:30:00,2014-07-05 04:30:00,C,REALIGN_TARGET_ONLY,False,5,2014-07-05 07:00:00,2014-07-05 07:00:00,0,120,150,15744.975744975745,3658.0,12086.975744975745,3.3042579947992743,0.02228667156821215,199 352 344 308 296,199 352 344 308 296,dbf8f433352444b534e7e7fb147544cec999f2a3c0df30704bbe7296a03464db,9f90d9d029df5edbf16102b49bea01d2fa5c5b4e8322d486f8b7c0e05a52b224,c8df6f254297164b497d767a2db80fb903d47adc7f6d7bb13bcbc56d7abee80a,True,,
202,203,2014-07-05 05:00:00,2014-07-05 04:30:00,2014-07-05 04:30:00,D,SIX_STEP_SAME_TARGET,False,6,2014-07-05 07:30:00,2014-07-05 07:30:00,0,150,180,6237.006237006237,4345.0,1892.006237006237,0.43544447341915693,0.003474146407623701,199 352 344 308 296 279,199 352 344 308 296 279,dbf8f433352444b534e7e7fb147544cec999f2a3c0df30704bbe7296a03464db,9f90d9d029df5edbf16102b49bea01d2fa5c5b4e8322d486f8b7c0e05a52b224,c8df6f254297164b497d767a2db80fb903d47adc7f6d7bb13bcbc56d7abee80a,True,,
203,204,2014-07-05 05:30:00,2014-07-05 05:00:00,2014-07-05 05:00:00,A,CURRENT_BUGGED,False,5,2014-07-05 07:30:00,2014-07-05 08:00:00,30,150,180,8149.68814968815,4682.0,3467.6881496881497,0.7406424924579559,0.006367450641738371,206 337 326 276 251,206 337 326 276 251,6b5c03942cfd8cbce9581a9438a29f22afa9c39de7bc6b2d3eb0dd1b62e5b2de,a47f159652007aa8ea367b776df82f9e8ef715c45e1070f4508f7e642f871e81,102550154f54dda84bb9201452a114f74ddd4fe4d73c2b77e0b1a91d8faf586d,True,,
203,204,2014-07-05 05:30:00,2014-07-05 05:00:00,2014-07-05 05:30:00,B,OBSERVE_CURRENT_THEN_5,True,5,2014-07-05 08:00:00,2014-07-05 08:00:00,0,150,150,19002.079002079,4682.0,14320.079002079001,3.058538872720846,0.02629486629001866,207 337 293 260 248,207 337 293 260 248,6b5c03942cfd8cbce9581a9438a29f22afa9c39de7bc6b2d3eb0dd1b62e5b2de,a47f159652007aa8ea367b776df82f9e8ef715c45e1070f4508f7e642f871e81,102550154f54dda84bb9201452a114f74ddd4fe4d73c2b77e0b1a91d8faf586d,True,8,539
203,204,2014-07-05 05:30:00,2014-07-05 05:00:00,2014-07-05 05:00:00,C,REALIGN_TARGET_ONLY,False,5,2014-07-05 07:30:00,2014-07-05 07:30:00,0,120,150,8149.68814968815,4345.0,3804.6881496881497,0.8756474452676984,0.00701530614445183,206 337 326 276 251,206 337 326 276 251,6b5c03942cfd8cbce9581a9438a29f22afa9c39de7bc6b2d3eb0dd1b62e5b2de,a47f159652007aa8ea367b776df82f9e8ef715c45e1070f4508f7e642f871e81,102550154f54dda84bb9201452a114f74ddd4fe4d73c2b77e0b1a91d8faf586d,True,,
203,204,2014-07-05 05:30:00,2014-07-05 05:00:00,2014-07-05 05:00:00,D,SIX_STEP_SAME_TARGET,False,6,2014-07-05 08:00:00,2014-07-05 08:00:00,0,150,180,16985.446985446986,4682.0,12303.446985446986,2.627818664127934,0.022591879091008724,206 337 326 276 251 231,206 337 326 276 251 231,6b5c03942cfd8cbce9581a9438a29f22afa9c39de7bc6b2d3eb0dd1b62e5b2de,a47f159652007aa8ea367b776df82f9e8ef715c45e1070f4508f7e642f871e81,102550154f54dda84bb9201452a114f74ddd4fe4d73c2b77e0b1a91d8faf586d,True,,
204,205,2014-07-05 06:00:00,2014-07-05 05:30:00,2014-07-05 05:30:00,A,CURRENT_BUGGED,False,5,2014-07-05 08:00:00,2014-07-05 08:30:00,30,150,180,19002.079002079,6248.0,12754.079002079001,2.0413058582072665,0.023419340211971812,207 337 293 260 248,207 337 293 260 248,33abae78e9e48b77a2a668f8bebbe9be204e224b6eb3403f54667bd0c67a2de3,d2ff0eed350b5b759b31abec657f28d56d9f0a4d658be4c826139b4e4e3ac85e,ca10afc6ef308fce739c0e2f68052f94bbcaf45957108fa33663473b509412ff,True,,
204,205,2014-07-05 06:00:00,2014-07-05 05:30:00,2014-07-05 06:00:00,B,OBSERVE_CURRENT_THEN_5,True,5,2014-07-05 08:30:00,2014-07-05 08:30:00,0,150,150,13478.863478863479,6248.0,7230.863478863479,1.1573084953366644,0.013277481800937721,225 343 294 289 280,225 343 294 289 280,33abae78e9e48b77a2a668f8bebbe9be204e224b6eb3403f54667bd0c67a2de3,d2ff0eed350b5b759b31abec657f28d56d9f0a4d658be4c826139b4e4e3ac85e,ca10afc6ef308fce739c0e2f68052f94bbcaf45957108fa33663473b509412ff,True,0,488
204,205,2014-07-05 06:00:00,2014-07-05 05:30:00,2014-07-05 05:30:00,C,REALIGN_TARGET_ONLY,False,5,2014-07-05 08:00:00,2014-07-05 08:00:00,0,120,150,19002.079002079,4682.0,14320.079002079001,3.058538872720846,0.026404197731831083,207 337 293 260 248,207 337 293 260 248,33abae78e9e48b77a2a668f8bebbe9be204e224b6eb3403f54667bd0c67a2de3,d2ff0eed350b5b759b31abec657f28d56d9f0a4d658be4c826139b4e4e3ac85e,ca10afc6ef308fce739c0e2f68052f94bbcaf45957108fa33663473b509412ff,True,,
204,205,2014-07-05 06:00:00,2014-07-05 05:30:00,2014-07-05 05:30:00,D,SIX_STEP_SAME_TARGET,False,6,2014-07-05 08:30:00,2014-07-05 08:30:00,0,150,180,10187.110187110187,6248.0,3939.1101871101873,0.6304593769382502,0.007233086888464453,207 337 293 260 248 251,207 337 293 260 248 251,33abae78e9e48b77a2a668f8bebbe9be204e224b6eb3403f54667bd0c67a2de3,d2ff0eed350b5b759b31abec657f28d56d9f0a4d658be4c826139b4e4e3ac85e,ca10afc6ef308fce739c0e2f68052f94bbcaf45957108fa33663473b509412ff,True,,
205,206,2014-07-05 06:30:00,2014-07-05 06:00:00,2014-07-05 06:00:00,A,CURRENT_BUGGED,False,5,2014-07-05 08:30:00,2014-07-05 09:00:00,30,150,180,13478.863478863479,7454.0,6024.863478863479,0.8082725353989105,0.011062996200602793,225 343 294 289 280,225 343 294 289 280,04dcd7aca7d02dcf37524322605ca168ad026453c29ada2104075afbc9dfad7b,d2ff0eed350b5b759b31abec657f28d56d9f0a4d658be4c826139b4e4e3ac85e,fe99a06292a6c79846eb7155da539ad2dc8b815c8b6ca684c77a2886b5e24d32,True,,
205,206,2014-07-05 06:30:00,2014-07-05 06:00:00,2014-07-05 06:30:00,B,OBSERVE_CURRENT_THEN_5,True,5,2014-07-05 09:00:00,2014-07-05 09:00:00,0,150,150,24823.284823284823,7454.0,17369.284823284823,2.3301965150637005,0.03189388982527382,223 331 313 291 283,223 331 313 291 283,04dcd7aca7d02dcf37524322605ca168ad026453c29ada2104075afbc9dfad7b,d2ff0eed350b5b759b31abec657f28d56d9f0a4d658be4c826139b4e4e3ac85e,fe99a06292a6c79846eb7155da539ad2dc8b815c8b6ca684c77a2886b5e24d32,True,1,421
205,206,2014-07-05 06:30:00,2014-07-05 06:00:00,2014-07-05 06:00:00,C,REALIGN_TARGET_ONLY,False,5,2014-07-05 08:30:00,2014-07-05 08:30:00,0,120,150,13478.863478863479,6248.0,7230.863478863479,1.1573084953366644,0.013332688251235807,225 343 294 289 280,225 343 294 289 280,04dcd7aca7d02dcf37524322605ca168ad026453c29ada2104075afbc9dfad7b,d2ff0eed350b5b759b31abec657f28d56d9f0a4d658be4c826139b4e4e3ac85e,fe99a06292a6c79846eb7155da539ad2dc8b815c8b6ca684c77a2886b5e24d32,True,,
205,206,2014-07-05 06:30:00,2014-07-05 06:00:00,2014-07-05 06:00:00,D,SIX_STEP_SAME_TARGET,False,6,2014-07-05 09:00:00,2014-07-05 09:00:00,0,150,180,16735.966735966736,7454.0,9281.966735966736,1.2452329938243543,0.01704376590347108,225 343 294 289 280 277,225 343 294 289 280 277,04dcd7aca7d02dcf37524322605ca168ad026453c29ada2104075afbc9dfad7b,d2ff0eed350b5b759b31abec657f28d56d9f0a4d658be4c826139b4e4e3ac85e,fe99a06292a6c79846eb7155da539ad2dc8b815c8b6ca684c77a2886b5e24d32,True,,
206,207,2014-07-05 07:00:00,2014-07-05 06:30:00,2014-07-05 06:30:00,A,CURRENT_BUGGED,False,5,2014-07-05 09:00:00,2014-07-05 09:30:00,30,150,180,24823.284823284823,9010.0,15813.284823284823,1.75508155641341,0.029036725982718975,223 331 313 291 283,223 331 313 291 283,368bbdc49becc51e44d2ead820e86fa0ecdd6a144d5b75a05190eaa74372a6c7,52ffa9153e5a693010a8917851ea944986c14f23f20edc1173147de4c0777a09,82069ee844ebcc571e7705e5f2af7b1ee02726f32f3274b325a0870caf3c18b9,True,,
206,207,2014-07-05 07:00:00,2014-07-05 06:30:00,2014-07-05 07:00:00,B,OBSERVE_CURRENT_THEN_5,True,5,2014-07-05 09:30:00,2014-07-05 09:30:00,0,150,150,8149.68814968815,9010.0,860.3118503118503,0.09548411213228084,0.0015797248791982502,239 325 306 275 264,239 325 306 275 264,368bbdc49becc51e44d2ead820e86fa0ecdd6a144d5b75a05190eaa74372a6c7,52ffa9153e5a693010a8917851ea944986c14f23f20edc1173147de4c0777a09,82069ee844ebcc571e7705e5f2af7b1ee02726f32f3274b325a0870caf3c18b9,True,8,470
206,207,2014-07-05 07:00:00,2014-07-05 06:30:00,2014-07-05 06:30:00,C,REALIGN_TARGET_ONLY,False,5,2014-07-05 09:00:00,2014-07-05 09:00:00,0,120,150,24823.284823284823,7454.0,17369.284823284823,2.3301965150637005,0.032026501450719794,223 331 313 291 283,223 331 313 291 283,368bbdc49becc51e44d2ead820e86fa0ecdd6a144d5b75a05190eaa74372a6c7,52ffa9153e5a693010a8917851ea944986c14f23f20edc1173147de4c0777a09,82069ee844ebcc571e7705e5f2af7b1ee02726f32f3274b325a0870caf3c18b9,True,,
206,207,2014-07-05 07:00:00,2014-07-05 06:30:00,2014-07-05 06:30:00,D,SIX_STEP_SAME_TARGET,False,6,2014-07-05 09:30:00,2014-07-05 09:30:00,0,150,180,22952.182952182953,9010.0,13942.182952182953,1.547412092362148,0.02560096466404996,223 331 313 291 283 258,223 331 313 291 283 258,368bbdc49becc51e44d2ead820e86fa0ecdd6a144d5b75a05190eaa74372a6c7,52ffa9153e5a693010a8917851ea944986c14f23f20edc1173147de4c0777a09,82069ee844ebcc571e7705e5f2af7b1ee02726f32f3274b325a0870caf3c18b9,True,,
207,208,2014-07-05 07:30:00,2014-07-05 07:00:00,2014-07-05 07:00:00,A,CURRENT_BUGGED,False,5,2014-07-05 09:30:00,2014-07-05 10:00:00,30,150,180,8149.68814968815,10280.0,2130.3118503118503,0.207228779213215,0.003911728786681963,239 325 306 275 264,239 325 306 275 264,c9c1822babc3973b48c4132f7210a136403abc06b337c0fd826cb888ad95c540,120d1c222242fc36c95e242260560571c290374f83dfcef47f9ef805f946a695,84572da278af1f431f5db60b0a149499af2b8128249429c9a0838a5f9fcb3a9c,True,,
207,208,2014-07-05 07:30:00,2014-07-05 07:00:00,2014-07-05 07:30:00,B,OBSERVE_CURRENT_THEN_5,True,5,2014-07-05 10:00:00,2014-07-05 10:00:00,0,150,150,5051.975051975052,10280.0,5228.024948024948,0.5085627381347225,0.009599822525367332,244 332 321 276 263,244 332 321 276 263,c9c1822babc3973b48c4132f7210a136403abc06b337c0fd826cb888ad95c540,120d1c222242fc36c95e242260560571c290374f83dfcef47f9ef805f946a695,84572da278af1f431f5db60b0a149499af2b8128249429c9a0838a5f9fcb3a9c,True,9,541
207,208,2014-07-05 07:30:00,2014-07-05 07:00:00,2014-07-05 07:00:00,C,REALIGN_TARGET_ONLY,False,5,2014-07-05 09:30:00,2014-07-05 09:30:00,0,120,150,8149.68814968815,9010.0,860.3118503118503,0.09548411213228084,0.001586293218310713,239 325 306 275 264,239 325 306 275 264,c9c1822babc3973b48c4132f7210a136403abc06b337c0fd826cb888ad95c540,120d1c222242fc36c95e242260560571c290374f83dfcef47f9ef805f946a695,84572da278af1f431f5db60b0a149499af2b8128249429c9a0838a5f9fcb3a9c,True,,
207,208,2014-07-05 07:30:00,2014-07-05 07:00:00,2014-07-05 07:00:00,D,SIX_STEP_SAME_TARGET,False,6,2014-07-05 10:00:00,2014-07-05 10:00:00,0,150,180,22411.64241164241,10280.0,12131.64241164241,1.1801208571636586,0.022276407486728527,239 325 306 275 264 248,239 325 306 275 264 248,c9c1822babc3973b48c4132f7210a136403abc06b337c0fd826cb888ad95c540,120d1c222242fc36c95e242260560571c290374f83dfcef47f9ef805f946a695,84572da278af1f431f5db60b0a149499af2b8128249429c9a0838a5f9fcb3a9c,True,,
208,209,2014-07-05 08:00:00,2014-07-05 07:30:00,2014-07-05 07:30:00,A,CURRENT_BUGGED,False,5,2014-07-05 10:00:00,2014-07-05 10:30:00,30,150,180,5051.975051975052,11488.0,6436.024948024948,0.5602389404617817,0.011817980572800658,244 332 321 276 263,244 332 321 276 263,31ce233103b4e9177af3a5d09d115ffe395f11120210bc2acda3a64cfab3a9d2,91fea3b48fc95e3650699bd1a3040f05d5f1bc32573f46f8084fe57b1b22080e,783d2d411727efe218c23591d3f376b65b123cb8217c284ba8d681bf9e5bb0ae,True,,
208,209,2014-07-05 08:00:00,2014-07-05 07:30:00,2014-07-05 08:00:00,B,OBSERVE_CURRENT_THEN_5,True,5,2014-07-05 10:30:00,2014-07-05 10:30:00,0,150,150,8149.68814968815,11488.0,3338.3118503118503,0.2905912125967836,0.00612988683411529,239 328 309 293 287,239 328 309 293 287,31ce233103b4e9177af3a5d09d115ffe395f11120210bc2acda3a64cfab3a9d2,91fea3b48fc95e3650699bd1a3040f05d5f1bc32573f46f8084fe57b1b22080e,783d2d411727efe218c23591d3f376b65b123cb8217c284ba8d681bf9e5bb0ae,True,10,573
208,209,2014-07-05 08:00:00,2014-07-05 07:30:00,2014-07-05 07:30:00,C,REALIGN_TARGET_ONLY,False,5,2014-07-05 10:00:00,2014-07-05 10:00:00,0,120,150,5051.975051975052,10280.0,5228.024948024948,0.5085627381347225,0.009639737633748782,244 332 321 276 263,244 332 321 276 263,31ce233103b4e9177af3a5d09d115ffe395f11120210bc2acda3a64cfab3a9d2,91fea3b48fc95e3650699bd1a3040f05d5f1bc32573f46f8084fe57b1b22080e,783d2d411727efe218c23591d3f376b65b123cb8217c284ba8d681bf9e5bb0ae,True,,
208,209,2014-07-05 08:00:00,2014-07-05 07:30:00,2014-07-05 07:30:00,D,SIX_STEP_SAME_TARGET,False,6,2014-07-05 10:30:00,2014-07-05 10:30:00,0,150,180,3762.993762993763,11488.0,7725.006237006237,0.6724413507143312,0.01418483837010598,244 332 321 276 263 254,244 332 321 276 263 254,31ce233103b4e9177af3a5d09d115ffe395f11120210bc2acda3a64cfab3a9d2,91fea3b48fc95e3650699bd1a3040f05d5f1bc32573f46f8084fe57b1b22080e,783d2d411727efe218c23591d3f376b65b123cb8217c284ba8d681bf9e5bb0ae,True,,
209,210,2014-07-05 08:30:00,2014-07-05 08:00:00,2014-07-05 08:00:00,A,CURRENT_BUGGED,False,5,2014-07-05 10:30:00,2014-07-05 11:00:00,30,150,180,8149.68814968815,11595.0,3445.3118503118503,0.2971377188712247,0.006326362753879666,239 328 309 293 287,239 328 309 293 287,dbe1f5b4907c65767dad0cdf8caa1cb03fec347a8bf95de988a75a135c364b07,70ebbf4371c27962347730e366fd69d0efbf1daa223cf11e261e3396482bc47e,be8036ff0a9a69ab15a964acfcb7d7c6b0a0f3e97339799713838eb90491854e,True,,
209,210,2014-07-05 08:30:00,2014-07-05 08:00:00,2014-07-05 08:30:00,B,OBSERVE_CURRENT_THEN_5,True,5,2014-07-05 11:00:00,2014-07-05 11:00:00,0,150,150,7858.627858627859,11595.0,3736.3721413721414,0.3222399431972524,0.006860814514561512,239 327 318 278 259,239 327 318 278 259,dbe1f5b4907c65767dad0cdf8caa1cb03fec347a8bf95de988a75a135c364b07,70ebbf4371c27962347730e366fd69d0efbf1daa223cf11e261e3396482bc47e,be8036ff0a9a69ab15a964acfcb7d7c6b0a0f3e97339799713838eb90491854e,True,8,550
209,210,2014-07-05 08:30:00,2014-07-05 08:00:00,2014-07-05 08:00:00,C,REALIGN_TARGET_ONLY,False,5,2014-07-05 10:30:00,2014-07-05 10:30:00,0,120,150,8149.68814968815,11488.0,3338.3118503118503,0.2905912125967836,0.006155374294607729,239 328 309 293 287,239 328 309 293 287,dbe1f5b4907c65767dad0cdf8caa1cb03fec347a8bf95de988a75a135c364b07,70ebbf4371c27962347730e366fd69d0efbf1daa223cf11e261e3396482bc47e,be8036ff0a9a69ab15a964acfcb7d7c6b0a0f3e97339799713838eb90491854e,True,,
209,210,2014-07-05 08:30:00,2014-07-05 08:00:00,2014-07-05 08:00:00,D,SIX_STEP_SAME_TARGET,False,6,2014-07-05 11:00:00,2014-07-05 11:00:00,0,150,180,15744.975744975745,11595.0,4149.975744975745,0.35791080163654554,0.007620283191532338,239 328 309 293 287 264,239 328 309 293 287 264,dbe1f5b4907c65767dad0cdf8caa1cb03fec347a8bf95de988a75a135c364b07,70ebbf4371c27962347730e366fd69d0efbf1daa223cf11e261e3396482bc47e,be8036ff0a9a69ab15a964acfcb7d7c6b0a0f3e97339799713838eb90491854e,True,,
210,211,2014-07-05 09:00:00,2014-07-05 08:30:00,2014-07-05 08:30:00,A,CURRENT_BUGGED,False,5,2014-07-05 11:00:00,2014-07-05 11:30:00,30,150,180,7858.627858627859,13098.0,5239.372141372141,0.400013142569258,0.009620658509008772,239 327 318 278 259,239 327 318 278 259,d142eaa70fff47d6c351f8727adaa4d183bd29d665a9def6eee1bb160ecbf887,3398f847d8ac48709c9e8e2a831b6f71f7459f2edc8d9a3386cb14703bb46e36,d16d50b353d736f515458eecacfb6016f8a76bc1828db54d3fb64b00a5c8d5cf,True,,
210,211,2014-07-05 09:00:00,2014-07-05 08:30:00,2014-07-05 09:00:00,B,OBSERVE_CURRENT_THEN_5,True,5,2014-07-05 11:30:00,2014-07-05 11:30:00,0,150,150,4670.824670824671,13098.0,8427.17532917533,0.6433940547545679,0.015474177792667097,240 346 337 296 259,240 346 337 296 259,d142eaa70fff47d6c351f8727adaa4d183bd29d665a9def6eee1bb160ecbf887,3398f847d8ac48709c9e8e2a831b6f71f7459f2edc8d9a3386cb14703bb46e36,d16d50b353d736f515458eecacfb6016f8a76bc1828db54d3fb64b00a5c8d5cf,True,8,524
210,211,2014-07-05 09:00:00,2014-07-05 08:30:00,2014-07-05 08:30:00,C,REALIGN_TARGET_ONLY,False,5,2014-07-05 11:00:00,2014-07-05 11:00:00,0,120,150,7858.627858627859,11595.0,3736.3721413721414,0.3222399431972524,0.006889341099736404,239 327 318 278 259,239 327 318 278 259,d142eaa70fff47d6c351f8727adaa4d183bd29d665a9def6eee1bb160ecbf887,3398f847d8ac48709c9e8e2a831b6f71f7459f2edc8d9a3386cb14703bb46e36,d16d50b353d736f515458eecacfb6016f8a76bc1828db54d3fb64b00a5c8d5cf,True,,
210,211,2014-07-05 09:00:00,2014-07-05 08:30:00,2014-07-05 08:30:00,D,SIX_STEP_SAME_TARGET,False,6,2014-07-05 11:30:00,2014-07-05 11:30:00,0,150,180,17172.55717255717,13098.0,4074.5571725571717,0.31108239216347316,0.007481797832810325,239 327 318 278 259 251,239 327 318 278 259 251,d142eaa70fff47d6c351f8727adaa4d183bd29d665a9def6eee1bb160ecbf887,3398f847d8ac48709c9e8e2a831b6f71f7459f2edc8d9a3386cb14703bb46e36,d16d50b353d736f515458eecacfb6016f8a76bc1828db54d3fb64b00a5c8d5cf,True,,
211,212,2014-07-05 09:30:00,2014-07-05 09:00:00,2014-07-05 09:00:00,A,CURRENT_BUGGED,False,5,2014-07-05 11:30:00,2014-07-05 12:00:00,30,150,180,4670.824670824671,12623.0,7952.175329175329,0.6299750716291951,0.014601971606797203,240 346 337 296 259,240 346 337 296 259,415ea0daff936533bf6bc630326a02176ca002c7940647260dc12b1be91bdfd5,9fc621650d3bcbe9747aac28f6843e02357cc872ddce0fb5b2bb95f223af2088,66c96f5699f70fbe1990ab25c8fa25aa19b7d115913679c4bf421b9b0ab37afc,True,,
211,212,2014-07-05 09:30:00,2014-07-05 09:00:00,2014-07-05 09:30:00,B,OBSERVE_CURRENT_THEN_5,True,5,2014-07-05 12:00:00,2014-07-05 12:00:00,0,150,150,16029.10602910603,12623.0,3406.1060291060294,0.2698333224357149,0.006254372101715821,233 314 289 293 277,233 314 289 293 277,415ea0daff936533bf6bc630326a02176ca002c7940647260dc12b1be91bdfd5,9fc621650d3bcbe9747aac28f6843e02357cc872ddce0fb5b2bb95f223af2088,66c96f5699f70fbe1990ab25c8fa25aa19b7d115913679c4bf421b9b0ab37afc,True,10,548
211,212,2014-07-05 09:30:00,2014-07-05 09:00:00,2014-07-05 09:00:00,C,REALIGN_TARGET_ONLY,False,5,2014-07-05 11:30:00,2014-07-05 11:30:00,0,120,150,4670.824670824671,13098.0,8427.17532917533,0.6433940547545679,0.015538517886671542,240 346 337 296 259,240 346 337 296 259,415ea0daff936533bf6bc630326a02176ca002c7940647260dc12b1be91bdfd5,9fc621650d3bcbe9747aac28f6843e02357cc872ddce0fb5b2bb95f223af2088,66c96f5699f70fbe1990ab25c8fa25aa19b7d115913679c4bf421b9b0ab37afc,True,,
211,212,2014-07-05 09:30:00,2014-07-05 09:00:00,2014-07-05 09:00:00,D,SIX_STEP_SAME_TARGET,False,6,2014-07-05 12:00:00,2014-07-05 12:00:00,0,150,180,12099.7920997921,12623.0,523.2079002079008,0.0414487760601997,0.0009607266674891127,240 346 337 296 259 254,240 346 337 296 259 254,415ea0daff936533bf6bc630326a02176ca002c7940647260dc12b1be91bdfd5,9fc621650d3bcbe9747aac28f6843e02357cc872ddce0fb5b2bb95f223af2088,66c96f5699f70fbe1990ab25c8fa25aa19b7d115913679c4bf421b9b0ab37afc,True,,
212,213,2014-07-05 10:00:00,2014-07-05 09:30:00,2014-07-05 09:30:00,A,CURRENT_BUGGED,False,5,2014-07-05 12:00:00,2014-07-05 12:30:00,30,150,180,16029.10602910603,13031.0,2998.1060291060294,0.2300749005529913,0.005505192893642314,233 314 289 293 277,233 314 289 293 277,f1927bf2bc136f3269ae4268c72aa645506a668dcc77fd6c0d789b1390e0a20a,7dfc3a1e5c67c9b40a292c8444b2708416974eb390f0c44cef673f8d335329fb,6275f11efef382a4a4123d6d189a13eee8acf4b9a9e5b92b4988e0b593536bee,True,,
212,213,2014-07-05 10:00:00,2014-07-05 09:30:00,2014-07-05 10:00:00,B,OBSERVE_CURRENT_THEN_5,True,5,2014-07-05 12:30:00,2014-07-05 12:30:00,0,150,150,12622.512622512624,13031.0,408.48737748737585,0.03134735457657707,0.0007500741420931771,248 313 342 311 301,248 313 342 311 301,f1927bf2bc136f3269ae4268c72aa645506a668dcc77fd6c0d789b1390e0a20a,7dfc3a1e5c67c9b40a292c8444b2708416974eb390f0c44cef673f8d335329fb,6275f11efef382a4a4123d6d189a13eee8acf4b9a9e5b92b4988e0b593536bee,True,9,498
212,213,2014-07-05 10:00:00,2014-07-05 09:30:00,2014-07-05 09:30:00,C,REALIGN_TARGET_ONLY,False,5,2014-07-05 12:00:00,2014-07-05 12:00:00,0,120,150,16029.10602910603,12623.0,3406.1060291060294,0.2698333224357149,0.006280377159584153,233 314 289 293 277,233 314 289 293 277,f1927bf2bc136f3269ae4268c72aa645506a668dcc77fd6c0d789b1390e0a20a,7dfc3a1e5c67c9b40a292c8444b2708416974eb390f0c44cef673f8d335329fb,6275f11efef382a4a4123d6d189a13eee8acf4b9a9e5b92b4988e0b593536bee,True,,
212,213,2014-07-05 10:00:00,2014-07-05 09:30:00,2014-07-05 09:30:00,D,SIX_STEP_SAME_TARGET,False,6,2014-07-05 12:30:00,2014-07-05 12:30:00,0,150,180,17837.837837837837,13031.0,4806.837837837837,0.3688771266854299,0.00882642883502236,233 314 289 293 277 257,233 314 289 293 277 257,f1927bf2bc136f3269ae4268c72aa645506a668dcc77fd6c0d789b1390e0a20a,7dfc3a1e5c67c9b40a292c8444b2708416974eb390f0c44cef673f8d335329fb,6275f11efef382a4a4123d6d189a13eee8acf4b9a9e5b92b4988e0b593536bee,True,,
213,214,2014-07-05 10:30:00,2014-07-05 10:00:00,2014-07-05 10:00:00,A,CURRENT_BUGGED,False,5,2014-07-05 12:30:00,2014-07-05 13:00:00,30,150,180,12622.512622512624,13263.0,640.4873774873759,0.0482912898655942,0.0011760780055075247,248 313 342 311 301,248 313 342 311 301,294e1a5fc0b32c15cd852e610cc1314e424ff70b487caa1e0ae48975b54d39e0,5082ef856b4939231823ddc8a39263723fee9f2c07bb21ed6d62dded6a1971c1,4b65734ab542cfb8e005efb2d16dc5a067254b4392ee0cab655836534d16abdc,True,,
213,214,2014-07-05 10:30:00,2014-07-05 10:00:00,2014-07-05 10:30:00,B,OBSERVE_CURRENT_THEN_5,True,5,2014-07-05 13:00:00,2014-07-05 13:00:00,0,150,150,15744.975744975745,13263.0,2481.9757449757453,0.18713531968451672,0.004557462311467116,246 296 296 298 284,246 296 296 298 284,294e1a5fc0b32c15cd852e610cc1314e424ff70b487caa1e0ae48975b54d39e0,5082ef856b4939231823ddc8a39263723fee9f2c07bb21ed6d62dded6a1971c1,4b65734ab542cfb8e005efb2d16dc5a067254b4392ee0cab655836534d16abdc,True,8,528
213,214,2014-07-05 10:30:00,2014-07-05 10:00:00,2014-07-05 10:00:00,C,REALIGN_TARGET_ONLY,False,5,2014-07-05 12:30:00,2014-07-05 12:30:00,0,120,150,12622.512622512624,13031.0,408.48737748737585,0.03134735457657707,0.0007531928758610834,248 313 342 311 301,248 313 342 311 301,294e1a5fc0b32c15cd852e610cc1314e424ff70b487caa1e0ae48975b54d39e0,5082ef856b4939231823ddc8a39263723fee9f2c07bb21ed6d62dded6a1971c1,4b65734ab542cfb8e005efb2d16dc5a067254b4392ee0cab655836534d16abdc,True,,
213,214,2014-07-05 10:30:00,2014-07-05 10:00:00,2014-07-05 10:00:00,D,SIX_STEP_SAME_TARGET,False,6,2014-07-05 13:00:00,2014-07-05 13:00:00,0,150,180,7858.627858627859,13263.0,5404.372141372141,0.40747735364337945,0.009923635394626736,248 313 342 311 301 282,248 313 342 311 301 282,294e1a5fc0b32c15cd852e610cc1314e424ff70b487caa1e0ae48975b54d39e0,5082ef856b4939231823ddc8a39263723fee9f2c07bb21ed6d62dded6a1971c1,4b65734ab542cfb8e005efb2d16dc5a067254b4392ee0cab655836534d16abdc,True,,
214,215,2014-07-05 11:00:00,2014-07-05 10:30:00,2014-07-05 10:30:00,A,CURRENT_BUGGED,False,5,2014-07-05 13:00:00,2014-07-05 13:30:00,30,150,180,15744.975744975745,13349.0,2395.9757449757453,0.17948728331528543,0.004399547086235935,246 296 296 298 284,246 296 296 298 284,44c9515c4eaac24aa32c1d553bbc328e4e9e5b96f2794b2444ca0b0d8434ddce,150e97b36f94eb9c5e74549ba5c6865770cfd0047b6e9f1feca02b58d1bf706e,8514df88ee0737dfb66d5b1c9167e3d64be6283bb85e70af8f9cc8b038d084db,True,,
214,215,2014-07-05 11:00:00,2014-07-05 10:30:00,2014-07-05 11:00:00,B,OBSERVE_CURRENT_THEN_5,True,5,2014-07-05 13:30:00,2014-07-05 13:30:00,0,150,150,15744.975744975745,13349.0,2395.9757449757453,0.17948728331528543,0.004399547086235935,251 336 318 312 295,251 336 318 312 295,44c9515c4eaac24aa32c1d553bbc328e4e9e5b96f2794b2444ca0b0d8434ddce,150e97b36f94eb9c5e74549ba5c6865770cfd0047b6e9f1feca02b58d1bf706e,8514df88ee0737dfb66d5b1c9167e3d64be6283bb85e70af8f9cc8b038d084db,True,2,388
214,215,2014-07-05 11:00:00,2014-07-05 10:30:00,2014-07-05 10:30:00,C,REALIGN_TARGET_ONLY,False,5,2014-07-05 13:00:00,2014-07-05 13:00:00,0,120,150,15744.975744975745,13263.0,2481.9757449757453,0.18713531968451672,0.004576411787004385,246 296 296 298 284,246 296 296 298 284,44c9515c4eaac24aa32c1d553bbc328e4e9e5b96f2794b2444ca0b0d8434ddce,150e97b36f94eb9c5e74549ba5c6865770cfd0047b6e9f1feca02b58d1bf706e,8514df88ee0737dfb66d5b1c9167e3d64be6283bb85e70af8f9cc8b038d084db,True,,
214,215,2014-07-05 11:00:00,2014-07-05 10:30:00,2014-07-05 10:30:00,D,SIX_STEP_SAME_TARGET,False,6,2014-07-05 13:30:00,2014-07-05 13:30:00,0,150,180,13790.71379071379,13349.0,441.7137907137894,0.033089653960131055,0.0008110852645149605,246 296 296 298 284 270,246 296 296 298 284 270,44c9515c4eaac24aa32c1d553bbc328e4e9e5b96f2794b2444ca0b0d8434ddce,150e97b36f94eb9c5e74549ba5c6865770cfd0047b6e9f1feca02b58d1bf706e,8514df88ee0737dfb66d5b1c9167e3d64be6283bb85e70af8f9cc8b038d084db,True,,
215,216,2014-07-05 11:30:00,2014-07-05 11:00:00,2014-07-05 11:00:00,A,CURRENT_BUGGED,False,5,2014-07-05 13:30:00,2014-07-05 14:00:00,30,150,180,15744.975744975745,13822.0,1922.9757449757453,0.13912427615220266,0.003531013347464442,251 336 318 312 295,251 336 318 312 295,ec1ca9a069d7fe16a39e361c86f6abbb0df3c41e850f9a0772744f6a0522e2ca,f32bcd3b77ec9c9072bf7c7628baed28b6ac832dc3158aa08eacc44f0019aa3a,f9f82bf7834bbacf7514618ee4ca898b7811964a17e576aff762b5b503e86186,True,,
215,216,2014-07-05 11:30:00,2014-07-05 11:00:00,2014-07-05 11:30:00,B,OBSERVE_CURRENT_THEN_5,True,5,2014-07-05 14:00:00,2014-07-05 14:00:00,0,150,150,12182.952182952184,13822.0,1639.0478170478164,0.11858253632237131,0.0030096581999276826,256 338 328 292 267,256 338 328 292 267,ec1ca9a069d7fe16a39e361c86f6abbb0df3c41e850f9a0772744f6a0522e2ca,f32bcd3b77ec9c9072bf7c7628baed28b6ac832dc3158aa08eacc44f0019aa3a,f9f82bf7834bbacf7514618ee4ca898b7811964a17e576aff762b5b503e86186,True,10,487
215,216,2014-07-05 11:30:00,2014-07-05 11:00:00,2014-07-05 11:00:00,C,REALIGN_TARGET_ONLY,False,5,2014-07-05 13:30:00,2014-07-05 13:30:00,0,120,150,15744.975744975745,13349.0,2395.9757449757453,0.17948728331528543,0.004417839965954529,251 336 318 312 295,251 336 318 312 295,ec1ca9a069d7fe16a39e361c86f6abbb0df3c41e850f9a0772744f6a0522e2ca,f32bcd3b77ec9c9072bf7c7628baed28b6ac832dc3158aa08eacc44f0019aa3a,f9f82bf7834bbacf7514618ee4ca898b7811964a17e576aff762b5b503e86186,True,,
215,216,2014-07-05 11:30:00,2014-07-05 11:00:00,2014-07-05 11:00:00,D,SIX_STEP_SAME_TARGET,False,6,2014-07-05 14:00:00,2014-07-05 14:00:00,0,150,180,8149.68814968815,13822.0,5672.31185031185,0.4103828570620641,0.010415632597947562,251 336 318 312 295 295,251 336 318 312 295 295,ec1ca9a069d7fe16a39e361c86f6abbb0df3c41e850f9a0772744f6a0522e2ca,f32bcd3b77ec9c9072bf7c7628baed28b6ac832dc3158aa08eacc44f0019aa3a,f9f82bf7834bbacf7514618ee4ca898b7811964a17e576aff762b5b503e86186,True,,
216,217,2014-07-05 12:00:00,2014-07-05 11:30:00,2014-07-05 11:30:00,A,CURRENT_BUGGED,False,5,2014-07-05 14:00:00,2014-07-05 14:30:00,30,150,180,12182.952182952184,13716.0,1533.0478170478164,0.11177076531407235,0.002815018503712507,256 338 328 292 267,256 338 328 292 267,9ea7d5eb51882499a394d703c9ce8575191a34a4794d9a57933a620a02cabbe8,3c39f5ee58280960869049325852e041af73a10590e5a8153384787b304d2811,092c2c30b14167a5a0e49a03d97a4e22385a5573e04d5f19c97e44b01584a9ff,True,,
216,217,2014-07-05 12:00:00,2014-07-05 11:30:00,2014-07-05 12:00:00,B,OBSERVE_CURRENT_THEN_5,True,5,2014-07-05 14:30:00,2014-07-05 14:30:00,0,150,150,11954.261954261954,13716.0,1761.738045738046,0.12844401033377412,0.003234944887105388,253 342 306 269 238,253 342 306 269 238,9ea7d5eb51882499a394d703c9ce8575191a34a4794d9a57933a620a02cabbe8,3c39f5ee58280960869049325852e041af73a10590e5a8153384787b304d2811,092c2c30b14167a5a0e49a03d97a4e22385a5573e04d5f19c97e44b01584a9ff,True,9,512
216,217,2014-07-05 12:00:00,2014-07-05 11:30:00,2014-07-05 11:30:00,C,REALIGN_TARGET_ONLY,False,5,2014-07-05 14:00:00,2014-07-05 14:00:00,0,120,150,12182.952182952184,13822.0,1639.0478170478164,0.11858253632237131,0.003022172059733298,256 338 328 292 267,256 338 328 292 267,9ea7d5eb51882499a394d703c9ce8575191a34a4794d9a57933a620a02cabbe8,3c39f5ee58280960869049325852e041af73a10590e5a8153384787b304d2811,092c2c30b14167a5a0e49a03d97a4e22385a5573e04d5f19c97e44b01584a9ff,True,,
216,217,2014-07-05 12:00:00,2014-07-05 11:30:00,2014-07-05 11:30:00,D,SIX_STEP_SAME_TARGET,False,6,2014-07-05 14:30:00,2014-07-05 14:30:00,0,150,180,7900.2079002079,13716.0,5815.7920997921,0.4240151720466681,0.010679094410888256,256 338 328 292 267 259,256 338 328 292 267 259,9ea7d5eb51882499a394d703c9ce8575191a34a4794d9a57933a620a02cabbe8,3c39f5ee58280960869049325852e041af73a10590e5a8153384787b304d2811,092c2c30b14167a5a0e49a03d97a4e22385a5573e04d5f19c97e44b01584a9ff,True,,
217,218,2014-07-05 12:30:00,2014-07-05 12:00:00,2014-07-05 12:00:00,A,CURRENT_BUGGED,False,5,2014-07-05 14:30:00,2014-07-05 15:00:00,30,150,180,11954.261954261954,13919.0,1964.738045738046,0.14115511500381103,0.003607698267592942,253 342 306 269 238,253 342 306 269 238,6262fef0104520c29bbb482611a8a0026c73a70ac46fbbdf48f97f037fae3e34,16973375953d51ab6cc11ae5f5451e16fbb989f4def717fd2b190a6a2863a6ad,790185935d9694dc640392927f505ec531d15bc24a2d94bbfc8d1f00a4a489b5,True,,
217,218,2014-07-05 12:30:00,2014-07-05 12:00:00,2014-07-05 12:30:00,B,OBSERVE_CURRENT_THEN_5,True,5,2014-07-05 15:00:00,2014-07-05 15:00:00,0,150,150,4428.274428274428,13919.0,9490.725571725572,0.6818539817318465,0.017427093793794982,260 347 334 290 276,260 347 334 290 276,6262fef0104520c29bbb482611a8a0026c73a70ac46fbbdf48f97f037fae3e34,16973375953d51ab6cc11ae5f5451e16fbb989f4def717fd2b190a6a2863a6ad,790185935d9694dc640392927f505ec531d15bc24a2d94bbfc8d1f00a4a489b5,True,9,513
217,218,2014-07-05 12:30:00,2014-07-05 12:00:00,2014-07-05 12:00:00,C,REALIGN_TARGET_ONLY,False,5,2014-07-05 14:30:00,2014-07-05 14:30:00,0,120,150,11954.261954261954,13716.0,1761.738045738046,0.12844401033377412,0.003248395466575542,253 342 306 269 238,253 342 306 269 238,6262fef0104520c29bbb482611a8a0026c73a70ac46fbbdf48f97f037fae3e34,16973375953d51ab6cc11ae5f5451e16fbb989f4def717fd2b190a6a2863a6ad,790185935d9694dc640392927f505ec531d15bc24a2d94bbfc8d1f00a4a489b5,True,,
217,218,2014-07-05 12:30:00,2014-07-05 12:00:00,2014-07-05 12:00:00,D,SIX_STEP_SAME_TARGET,False,6,2014-07-05 15:00:00,2014-07-05 15:00:00,0,150,180,18960.49896049896,13919.0,5041.4989604989605,0.3622026697678684,0.009257319114534372,253 342 306 269 238 230,253 342 306 269 238 230,6262fef0104520c29bbb482611a8a0026c73a70ac46fbbdf48f97f037fae3e34,16973375953d51ab6cc11ae5f5451e16fbb989f4def717fd2b190a6a2863a6ad,790185935d9694dc640392927f505ec531d15bc24a2d94bbfc8d1f00a4a489b5,True,,
218,219,2014-07-05 13:00:00,2014-07-05 12:30:00,2014-07-05 12:30:00,A,CURRENT_BUGGED,False,5,2014-07-05 15:00:00,2014-07-05 15:30:00,30,150,180,4428.274428274428,14203.0,9774.725571725572,0.6882155581022018,0.01794858128176772,260 347 334 290 276,260 347 334 290 276,802affc4b338783c61552c3c7052f349e45373f528c167e7aa269b9638da7aae,5aad42080a550abfed83e254556b82f6bb3a42ffe68cc2134d2209afd05c1d5c,a89d63ef37ed693c39464197a8636015061a79e7e023b4a1512d0dfc5834269c,True,,
218,219,2014-07-05 13:00:00,2014-07-05 12:30:00,2014-07-05 13:00:00,B,OBSERVE_CURRENT_THEN_5,True,5,2014-07-05 15:30:00,2014-07-05 15:30:00,0,150,150,10284.130284130284,14203.0,3918.869715869716,0.27591844792436215,0.007195920858525799,264 339 339 296 296,264 339 339 296 296,802affc4b338783c61552c3c7052f349e45373f528c167e7aa269b9638da7aae,5aad42080a550abfed83e254556b82f6bb3a42ffe68cc2134d2209afd05c1d5c,a89d63ef37ed693c39464197a8636015061a79e7e023b4a1512d0dfc5834269c,True,6,498
218,219,2014-07-05 13:00:00,2014-07-05 12:30:00,2014-07-05 12:30:00,C,REALIGN_TARGET_ONLY,False,5,2014-07-05 15:00:00,2014-07-05 15:00:00,0,120,150,4428.274428274428,13919.0,9490.725571725572,0.6818539817318465,0.017499553918522797,260 347 334 290 276,260 347 334 290 276,802affc4b338783c61552c3c7052f349e45373f528c167e7aa269b9638da7aae,5aad42080a550abfed83e254556b82f6bb3a42ffe68cc2134d2209afd05c1d5c,a89d63ef37ed693c39464197a8636015061a79e7e023b4a1512d0dfc5834269c,True,,
218,219,2014-07-05 13:00:00,2014-07-05 12:30:00,2014-07-05 12:30:00,D,SIX_STEP_SAME_TARGET,False,6,2014-07-05 15:30:00,2014-07-05 15:30:00,0,150,180,8440.74844074844,14203.0,5762.251559251559,0.405706650654901,0.010580782009510828,260 347 334 290 276 255,260 347 334 290 276 255,802affc4b338783c61552c3c7052f349e45373f528c167e7aa269b9638da7aae,5aad42080a550abfed83e254556b82f6bb3a42ffe68cc2134d2209afd05c1d5c,a89d63ef37ed693c39464197a8636015061a79e7e023b4a1512d0dfc5834269c,True,,
219,220,2014-07-05 13:30:00,2014-07-05 13:00:00,2014-07-05 13:00:00,A,CURRENT_BUGGED,False,5,2014-07-05 15:30:00,2014-07-05 16:00:00,30,150,180,10284.130284130284,13179.0,2894.869715869716,0.21965776734727338,0.005315627944145231,264 339 339 296 296,264 339 339 296 296,a67c0c7beb78fe2ab99b5ac187d69e10065855bf8aa96a9bbbd84c6b2c605051,d0db65750a195ee7bd8ffa76b17c84a98fab35a969493b7ceba0b4ebbb9678e2,dbf03b894cada0f6dcbcb31cd7153dfba3276ab2cf70698d82395c48dd064272,True,,
219,220,2014-07-05 13:30:00,2014-07-05 13:00:00,2014-07-05 13:30:00,B,OBSERVE_CURRENT_THEN_5,True,5,2014-07-05 16:00:00,2014-07-05 16:00:00,0,150,150,19106.029106029106,13179.0,5927.029106029106,0.44973284058191865,0.010883350421283126,264 339 264 260 253,264 339 264 260 253,a67c0c7beb78fe2ab99b5ac187d69e10065855bf8aa96a9bbbd84c6b2c605051,d0db65750a195ee7bd8ffa76b17c84a98fab35a969493b7ceba0b4ebbb9678e2,dbf03b894cada0f6dcbcb31cd7153dfba3276ab2cf70698d82395c48dd064272,True,9,535
219,220,2014-07-05 13:30:00,2014-07-05 13:00:00,2014-07-05 13:00:00,C,REALIGN_TARGET_ONLY,False,5,2014-07-05 15:30:00,2014-07-05 15:30:00,0,120,150,10284.130284130284,14203.0,3918.869715869716,0.27591844792436215,0.00722584078258829,264 339 339 296 296,264 339 339 296 296,a67c0c7beb78fe2ab99b5ac187d69e10065855bf8aa96a9bbbd84c6b2c605051,d0db65750a195ee7bd8ffa76b17c84a98fab35a969493b7ceba0b4ebbb9678e2,dbf03b894cada0f6dcbcb31cd7153dfba3276ab2cf70698d82395c48dd064272,True,,
219,220,2014-07-05 13:30:00,2014-07-05 13:00:00,2014-07-05 13:00:00,D,SIX_STEP_SAME_TARGET,False,6,2014-07-05 16:00:00,2014-07-05 16:00:00,0,150,180,8149.68814968815,13179.0,5029.31185031185,0.381615589218594,0.009234940855812107,264 339 339 296 296 259,264 339 339 296 296 259,a67c0c7beb78fe2ab99b5ac187d69e10065855bf8aa96a9bbbd84c6b2c605051,d0db65750a195ee7bd8ffa76b17c84a98fab35a969493b7ceba0b4ebbb9678e2,dbf03b894cada0f6dcbcb31cd7153dfba3276ab2cf70698d82395c48dd064272,True,,
220,221,2014-07-05 14:00:00,2014-07-05 13:30:00,2014-07-05 13:30:00,A,CURRENT_BUGGED,False,5,2014-07-05 16:00:00,2014-07-05 16:30:00,30,150,180,19106.029106029106,13708.0,5398.029106029106,0.3937867745863077,0.009911988163756446,264 339 264 260 253,264 339 264 260 253,041c437e04c34a60ab4120efe1c9f1a5f5d8c7e2e32dc4af0bc06b8cd22ca0eb,9e769a7dc3932a9067a22d2b8b712d60a2bdbd60175b9e0e9d6d7cc5d07e383e,02d67d93b64fa0f04076a51a48383f3fd776582adf072f0de4da30ef5746c28b,True,,
220,221,2014-07-05 14:00:00,2014-07-05 13:30:00,2014-07-05 14:00:00,B,OBSERVE_CURRENT_THEN_5,True,5,2014-07-05 16:30:00,2014-07-05 16:30:00,0,150,150,3762.993762993763,13708.0,9945.006237006237,0.7254892206745139,0.01826125464932948,273 325 323 282 262,273 325 323 282 262,041c437e04c34a60ab4120efe1c9f1a5f5d8c7e2e32dc4af0bc06b8cd22ca0eb,9e769a7dc3932a9067a22d2b8b712d60a2bdbd60175b9e0e9d6d7cc5d07e383e,02d67d93b64fa0f04076a51a48383f3fd776582adf072f0de4da30ef5746c28b,True,6,470
220,221,2014-07-05 14:00:00,2014-07-05 13:30:00,2014-07-05 13:30:00,C,REALIGN_TARGET_ONLY,False,5,2014-07-05 16:00:00,2014-07-05 16:00:00,0,120,150,19106.029106029106,13179.0,5927.029106029106,0.44973284058191865,0.010928602311145766,264 339 264 260 253,264 339 264 260 253,041c437e04c34a60ab4120efe1c9f1a5f5d8c7e2e32dc4af0bc06b8cd22ca0eb,9e769a7dc3932a9067a22d2b8b712d60a2bdbd60175b9e0e9d6d7cc5d07e383e,02d67d93b64fa0f04076a51a48383f3fd776582adf072f0de4da30ef5746c28b,True,,
220,221,2014-07-05 14:00:00,2014-07-05 13:30:00,2014-07-05 13:30:00,D,SIX_STEP_SAME_TARGET,False,6,2014-07-05 16:30:00,2014-07-05 16:30:00,0,150,180,19313.929313929315,13708.0,5605.929313929315,0.40895311598550593,0.010293739421386339,264 339 264 260 253 257,264 339 264 260 253 257,041c437e04c34a60ab4120efe1c9f1a5f5d8c7e2e32dc4af0bc06b8cd22ca0eb,9e769a7dc3932a9067a22d2b8b712d60a2bdbd60175b9e0e9d6d7cc5d07e383e,02d67d93b64fa0f04076a51a48383f3fd776582adf072f0de4da30ef5746c28b,True,,
221,222,2014-07-05 14:30:00,2014-07-05 14:00:00,2014-07-05 14:00:00,A,CURRENT_BUGGED,False,5,2014-07-05 16:30:00,2014-07-05 17:00:00,30,150,180,3762.993762993763,13897.0,10134.006237006237,0.7292225830759327,0.018608300900128237,273 325 323 282 262,273 325 323 282 262,4d4c2e908e1ee2beeb0649be6e2c43f20164242334e0166255cd4c4e0da974c4,86a0902c99a0469084a4f7640358bbce37c67e2af33aac3cd781e2b36a1c1283,a2173e58774fd872620bc812dcd72b3711ffa5d18c302d69bd3843be2c660631,True,,
221,222,2014-07-05 14:30:00,2014-07-05 14:00:00,2014-07-05 14:30:00,B,OBSERVE_CURRENT_THEN_5,True,5,2014-07-05 17:00:00,2014-07-05 17:00:00,0,150,150,10000.0,13897.0,3897.0,0.2804202345830035,0.007155763171231518,274 358 353 308 303,274 358 353 308 303,4d4c2e908e1ee2beeb0649be6e2c43f20164242334e0166255cd4c4e0da974c4,86a0902c99a0469084a4f7640358bbce37c67e2af33aac3cd781e2b36a1c1283,a2173e58774fd872620bc812dcd72b3711ffa5d18c302d69bd3843be2c660631,True,5,431
221,222,2014-07-05 14:30:00,2014-07-05 14:00:00,2014-07-05 14:00:00,C,REALIGN_TARGET_ONLY,False,5,2014-07-05 16:30:00,2014-07-05 16:30:00,0,120,150,3762.993762993763,13708.0,9945.006237006237,0.7254892206745139,0.01833718313202623,273 325 323 282 262,273 325 323 282 262,4d4c2e908e1ee2beeb0649be6e2c43f20164242334e0166255cd4c4e0da974c4,86a0902c99a0469084a4f7640358bbce37c67e2af33aac3cd781e2b36a1c1283,a2173e58774fd872620bc812dcd72b3711ffa5d18c302d69bd3843be2c660631,True,,
221,222,2014-07-05 14:30:00,2014-07-05 14:00:00,2014-07-05 14:00:00,D,SIX_STEP_SAME_TARGET,False,6,2014-07-05 17:00:00,2014-07-05 17:00:00,0,150,180,12113.652113652113,13897.0,1783.3478863478867,0.12832610537151087,0.0032746253853276315,273 325 323 282 262 247,273 325 323 282 262 247,4d4c2e908e1ee2beeb0649be6e2c43f20164242334e0166255cd4c4e0da974c4,86a0902c99a0469084a4f7640358bbce37c67e2af33aac3cd781e2b36a1c1283,a2173e58774fd872620bc812dcd72b3711ffa5d18c302d69bd3843be2c660631,True,,
222,223,2014-07-05 15:00:00,2014-07-05 14:30:00,2014-07-05 14:30:00,A,CURRENT_BUGGED,False,5,2014-07-05 17:00:00,2014-07-05 17:30:00,30,150,180,10000.0,14740.0,4740.0,0.32157394843962006,0.008703699623206928,274 358 353 308 303,274 358 353 308 303,b0c0968a9d8923e1b4ff577fb81fb8cf8f12963878e69edbe2f10f59224ebafd,38eecbe8eea376f000c9a168d2dfa26f012892f1b85431ff578923f15f32d8f7,9825a43d4b719620641e1746c01ca74d3307fe55c74efdefad550c8de61b617c,True,,
222,223,2014-07-05 15:00:00,2014-07-05 14:30:00,2014-07-05 15:00:00,B,OBSERVE_CURRENT_THEN_5,True,5,2014-07-05 17:30:00,2014-07-05 17:30:00,0,150,150,21642.411642411644,14740.0,6902.411642411644,0.4682775876805728,0.012674370804066947,269 344 337 306 294,269 344 337 306 294,b0c0968a9d8923e1b4ff577fb81fb8cf8f12963878e69edbe2f10f59224ebafd,38eecbe8eea376f000c9a168d2dfa26f012892f1b85431ff578923f15f32d8f7,9825a43d4b719620641e1746c01ca74d3307fe55c74efdefad550c8de61b617c,True,7,431
222,223,2014-07-05 15:00:00,2014-07-05 14:30:00,2014-07-05 14:30:00,C,REALIGN_TARGET_ONLY,False,5,2014-07-05 17:00:00,2014-07-05 17:00:00,0,120,150,10000.0,13897.0,3897.0,0.2804202345830035,0.007185516123619642,274 358 353 308 303,274 358 353 308 303,b0c0968a9d8923e1b4ff577fb81fb8cf8f12963878e69edbe2f10f59224ebafd,38eecbe8eea376f000c9a168d2dfa26f012892f1b85431ff578923f15f32d8f7,9825a43d4b719620641e1746c01ca74d3307fe55c74efdefad550c8de61b617c,True,,
222,223,2014-07-05 15:00:00,2014-07-05 14:30:00,2014-07-05 14:30:00,D,SIX_STEP_SAME_TARGET,False,6,2014-07-05 17:30:00,2014-07-05 17:30:00,0,150,180,10000.0,14740.0,4740.0,0.32157394843962006,0.008703699623206928,274 358 353 308 303 302,274 358 353 308 303 302,b0c0968a9d8923e1b4ff577fb81fb8cf8f12963878e69edbe2f10f59224ebafd,38eecbe8eea376f000c9a168d2dfa26f012892f1b85431ff578923f15f32d8f7,9825a43d4b719620641e1746c01ca74d3307fe55c74efdefad550c8de61b617c,True,,
223,224,2014-07-05 15:30:00,2014-07-05 15:00:00,2014-07-05 15:00:00,A,CURRENT_BUGGED,False,5,2014-07-05 17:30:00,2014-07-05 18:00:00,30,150,180,21642.411642411644,14575.0,7067.411642411644,0.4848995981071454,0.01297734768968491,269 344 337 306 294,269 344 337 306 294,dd18ffa6b77b0ce09a47a6992610708d5dc0a7aa7899fb405e10209b251f316a,76f5f908ae3347ab9e5680bae76d8261ef1b01fc4e6fa9482c0116d2662313a0,54bc4687a6d8c75b42634c5eafb6e0ecc87afaa5fe946dd812b2ccc46dfee473,True,,
223,224,2014-07-05 15:30:00,2014-07-05 15:00:00,2014-07-05 15:30:00,B,OBSERVE_CURRENT_THEN_5,True,5,2014-07-05 18:00:00,2014-07-05 18:00:00,0,150,150,19542.619542619545,14575.0,4967.6195426195445,0.34083152951077494,0.009121659987623017,255 314 308 275 238,255 314 308 275 238,dd18ffa6b77b0ce09a47a6992610708d5dc0a7aa7899fb405e10209b251f316a,76f5f908ae3347ab9e5680bae76d8261ef1b01fc4e6fa9482c0116d2662313a0,54bc4687a6d8c75b42634c5eafb6e0ecc87afaa5fe946dd812b2ccc46dfee473,True,8,478
223,224,2014-07-05 15:30:00,2014-07-05 15:00:00,2014-07-05 15:00:00,C,REALIGN_TARGET_ONLY,False,5,2014-07-05 17:30:00,2014-07-05 17:30:00,0,120,150,21642.411642411644,14740.0,6902.411642411644,0.4682775876805728,0.012727069578755145,269 344 337 306 294,269 344 337 306 294,dd18ffa6b77b0ce09a47a6992610708d5dc0a7aa7899fb405e10209b251f316a,76f5f908ae3347ab9e5680bae76d8261ef1b01fc4e6fa9482c0116d2662313a0,54bc4687a6d8c75b42634c5eafb6e0ecc87afaa5fe946dd812b2ccc46dfee473,True,,
223,224,2014-07-05 15:30:00,2014-07-05 15:00:00,2014-07-05 15:00:00,D,SIX_STEP_SAME_TARGET,False,6,2014-07-05 18:00:00,2014-07-05 18:00:00,0,150,180,3575.8835758835758,14575.0,10999.116424116424,0.7546563584299434,0.020196836598352585,269 344 337 306 294 270,269 344 337 306 294 270,dd18ffa6b77b0ce09a47a6992610708d5dc0a7aa7899fb405e10209b251f316a,76f5f908ae3347ab9e5680bae76d8261ef1b01fc4e6fa9482c0116d2662313a0,54bc4687a6d8c75b42634c5eafb6e0ecc87afaa5fe946dd812b2ccc46dfee473,True,,
224,225,2014-07-05 16:00:00,2014-07-05 15:30:00,2014-07-05 15:30:00,A,CURRENT_BUGGED,False,5,2014-07-05 18:00:00,2014-07-05 18:30:00,30,150,180,19542.619542619545,16085.0,3457.6195426195445,0.2149592503959928,0.006348962428331359,255 314 308 275 238,255 314 308 275 238,b192c7fb9c8d7199ba0dbc9fe8f47966c64eb6fe3b9c608d3efd4a925b242913,896de97b2f123237737214f4f46a423a2f8d5c64ed8083fe1cb1d2f4b7aaf5f9,7294da1c96f055ee794f97613f1112eead08de6dc7628d030cc9de84fd8e9944,True,,
224,225,2014-07-05 16:00:00,2014-07-05 15:30:00,2014-07-05 16:00:00,B,OBSERVE_CURRENT_THEN_5,True,5,2014-07-05 18:30:00,2014-07-05 18:30:00,0,150,150,12731.808731808731,16085.0,3353.191268191269,0.2084669734654193,0.006157208771623863,272 352 324 307 285,272 352 324 307 285,b192c7fb9c8d7199ba0dbc9fe8f47966c64eb6fe3b9c608d3efd4a925b242913,896de97b2f123237737214f4f46a423a2f8d5c64ed8083fe1cb1d2f4b7aaf5f9,7294da1c96f055ee794f97613f1112eead08de6dc7628d030cc9de84fd8e9944,True,8,506
224,225,2014-07-05 16:00:00,2014-07-05 15:30:00,2014-07-05 15:30:00,C,REALIGN_TARGET_ONLY,False,5,2014-07-05 18:00:00,2014-07-05 18:00:00,0,120,150,19542.619542619545,14575.0,4967.6195426195445,0.34083152951077494,0.009159586943674818,255 314 308 275 238,255 314 308 275 238,b192c7fb9c8d7199ba0dbc9fe8f47966c64eb6fe3b9c608d3efd4a925b242913,896de97b2f123237737214f4f46a423a2f8d5c64ed8083fe1cb1d2f4b7aaf5f9,7294da1c96f055ee794f97613f1112eead08de6dc7628d030cc9de84fd8e9944,True,,
224,225,2014-07-05 16:00:00,2014-07-05 15:30:00,2014-07-05 15:30:00,D,SIX_STEP_SAME_TARGET,False,6,2014-07-05 18:30:00,2014-07-05 18:30:00,0,150,180,18295.218295218296,16085.0,2210.2182952182957,0.1374086599451847,0.004058454882552012,255 314 308 275 238 221,255 314 308 275 238 221,b192c7fb9c8d7199ba0dbc9fe8f47966c64eb6fe3b9c608d3efd4a925b242913,896de97b2f123237737214f4f46a423a2f8d5c64ed8083fe1cb1d2f4b7aaf5f9,7294da1c96f055ee794f97613f1112eead08de6dc7628d030cc9de84fd8e9944,True,,
225,226,2014-07-05 16:30:00,2014-07-05 16:00:00,2014-07-05 16:00:00,A,CURRENT_BUGGED,False,5,2014-07-05 18:30:00,2014-07-05 19:00:00,30,150,180,12731.808731808731,18182.0,5450.191268191269,0.29975752217529805,0.010007769554295788,272 352 324 307 285,272 352 324 307 285,d0455f08b3ca0d53c1bf24066050ab85c3afa23aa8615e2eef2126b96838518e,b87800c61dbd8d0e634fd82890b096e15ec39eca5eb943e4e5a5e6640984f655,166e592f45bf52b280a7185432e0e5d6e9b2b39fd20fa1051faf98c193b11a9f,True,,
225,226,2014-07-05 16:30:00,2014-07-05 16:00:00,2014-07-05 16:30:00,B,OBSERVE_CURRENT_THEN_5,True,5,2014-07-05 19:00:00,2014-07-05 19:00:00,0,150,150,19313.929313929315,18182.0,1131.929313929315,0.06225548971121521,0.0020784752622665516,275 334 304 273 245,275 334 304 273 245,d0455f08b3ca0d53c1bf24066050ab85c3afa23aa8615e2eef2126b96838518e,b87800c61dbd8d0e634fd82890b096e15ec39eca5eb943e4e5a5e6640984f655,166e592f45bf52b280a7185432e0e5d6e9b2b39fd20fa1051faf98c193b11a9f,True,1,426
225,226,2014-07-05 16:30:00,2014-07-05 16:00:00,2014-07-05 16:00:00,C,REALIGN_TARGET_ONLY,False,5,2014-07-05 18:30:00,2014-07-05 18:30:00,0,120,150,12731.808731808731,16085.0,3353.191268191269,0.2084669734654193,0.006182809834018208,272 352 324 307 285,272 352 324 307 285,d0455f08b3ca0d53c1bf24066050ab85c3afa23aa8615e2eef2126b96838518e,b87800c61dbd8d0e634fd82890b096e15ec39eca5eb943e4e5a5e6640984f655,166e592f45bf52b280a7185432e0e5d6e9b2b39fd20fa1051faf98c193b11a9f,True,,
225,226,2014-07-05 16:30:00,2014-07-05 16:00:00,2014-07-05 16:00:00,D,SIX_STEP_SAME_TARGET,False,6,2014-07-05 19:00:00,2014-07-05 19:00:00,0,150,180,8149.68814968815,18182.0,10032.31185031185,0.5517716340508112,0.018421567272458573,272 352 324 307 285 276,272 352 324 307 285 276,d0455f08b3ca0d53c1bf24066050ab85c3afa23aa8615e2eef2126b96838518e,b87800c61dbd8d0e634fd82890b096e15ec39eca5eb943e4e5a5e6640984f655,166e592f45bf52b280a7185432e0e5d6e9b2b39fd20fa1051faf98c193b11a9f,True,,
226,227,2014-07-05 17:00:00,2014-07-05 16:30:00,2014-07-05 16:30:00,A,CURRENT_BUGGED,False,5,2014-07-05 19:00:00,2014-07-05 19:30:00,30,150,180,19313.929313929315,16861.0,2452.929313929315,0.14547946823612568,0.0045041265707594525,275 334 304 273 245,275 334 304 273 245,b6fd4600f83aec23a18532cbefd65cc5f3773bedf052b771758ca0aadf535a9b,66e36599cac024f0ef151d5aa810bf90ca55a276fb69014461db9456407ff9c4,c69f9fc292b58106099889678a25b242da29a136f554e1723338c7b0c29c11c1,True,,
226,227,2014-07-05 17:00:00,2014-07-05 16:30:00,2014-07-05 17:00:00,B,OBSERVE_CURRENT_THEN_5,True,5,2014-07-05 19:30:00,2014-07-05 19:30:00,0,150,150,24864.864864864867,16861.0,8003.864864864867,0.4746969257377894,0.014696885149477534,312 344 302 278 267,312 344 302 278 267,b6fd4600f83aec23a18532cbefd65cc5f3773bedf052b771758ca0aadf535a9b,66e36599cac024f0ef151d5aa810bf90ca55a276fb69014461db9456407ff9c4,c69f9fc292b58106099889678a25b242da29a136f554e1723338c7b0c29c11c1,True,1,353
226,227,2014-07-05 17:00:00,2014-07-05 16:30:00,2014-07-05 16:30:00,C,REALIGN_TARGET_ONLY,False,5,2014-07-05 19:00:00,2014-07-05 19:00:00,0,120,150,19313.929313929315,18182.0,1131.929313929315,0.06225548971121521,0.002087117355924252,275 334 304 273 245,275 334 304 273 245,b6fd4600f83aec23a18532cbefd65cc5f3773bedf052b771758ca0aadf535a9b,66e36599cac024f0ef151d5aa810bf90ca55a276fb69014461db9456407ff9c4,c69f9fc292b58106099889678a25b242da29a136f554e1723338c7b0c29c11c1,True,,
226,227,2014-07-05 17:00:00,2014-07-05 16:30:00,2014-07-05 16:30:00,D,SIX_STEP_SAME_TARGET,False,6,2014-07-05 19:30:00,2014-07-05 19:30:00,0,150,180,19625.779625779625,16861.0,2764.7796257796253,0.16397483101711793,0.005076753457204286,275 334 304 273 245 239,275 334 304 273 245 239,b6fd4600f83aec23a18532cbefd65cc5f3773bedf052b771758ca0aadf535a9b,66e36599cac024f0ef151d5aa810bf90ca55a276fb69014461db9456407ff9c4,c69f9fc292b58106099889678a25b242da29a136f554e1723338c7b0c29c11c1,True,,
227,228,2014-07-05 17:30:00,2014-07-05 17:00:00,2014-07-05 17:00:00,A,CURRENT_BUGGED,False,5,2014-07-05 19:30:00,2014-07-05 20:00:00,30,150,180,24864.864864864867,14140.0,10724.864864864867,0.7584770060017586,0.019693249426850117,312 344 302 278 267,312 344 302 278 267,e688880a4d33231470608a3970494f29876ec3fcda6004c2af12b204ade67f80,38c9cfc7eff93a832cd9a2240599f10a6815d0b57554b9450879415df79c9749,b4656422ebf4e0443d9ad849c96fc195f2dcb2c5e5c8a037543807ae5fa287f5,True,,
227,228,2014-07-05 17:30:00,2014-07-05 17:00:00,2014-07-05 17:30:00,B,OBSERVE_CURRENT_THEN_5,True,5,2014-07-05 20:00:00,2014-07-05 20:00:00,0,150,150,5945.945945945947,14140.0,8194.054054054053,0.5794946289995795,0.015046115017469929,319 346 297 285 264,319 346 297 285 264,e688880a4d33231470608a3970494f29876ec3fcda6004c2af12b204ade67f80,38c9cfc7eff93a832cd9a2240599f10a6815d0b57554b9450879415df79c9749,b4656422ebf4e0443d9ad849c96fc195f2dcb2c5e5c8a037543807ae5fa287f5,True,9,449
227,228,2014-07-05 17:30:00,2014-07-05 17:00:00,2014-07-05 17:00:00,C,REALIGN_TARGET_ONLY,False,5,2014-07-05 19:30:00,2014-07-05 19:30:00,0,120,150,24864.864864864867,16861.0,8003.864864864867,0.4746969257377894,0.01475799333789049,312 344 302 278 267,312 344 302 278 267,e688880a4d33231470608a3970494f29876ec3fcda6004c2af12b204ade67f80,38c9cfc7eff93a832cd9a2240599f10a6815d0b57554b9450879415df79c9749,b4656422ebf4e0443d9ad849c96fc195f2dcb2c5e5c8a037543807ae5fa287f5,True,,
227,228,2014-07-05 17:30:00,2014-07-05 17:00:00,2014-07-05 17:00:00,D,SIX_STEP_SAME_TARGET,False,6,2014-07-05 20:00:00,2014-07-05 20:00:00,0,150,180,3326.4033264033264,14140.0,10813.596673596674,0.7647522399997648,0.019856180863606552,312 344 302 278 267 264,312 344 302 278 267 264,e688880a4d33231470608a3970494f29876ec3fcda6004c2af12b204ade67f80,38c9cfc7eff93a832cd9a2240599f10a6815d0b57554b9450879415df79c9749,b4656422ebf4e0443d9ad849c96fc195f2dcb2c5e5c8a037543807ae5fa287f5,True,,
228,229,2014-07-05 18:00:00,2014-07-05 17:30:00,2014-07-05 17:30:00,A,CURRENT_BUGGED,False,5,2014-07-05 20:00:00,2014-07-05 20:30:00,30,150,180,5945.945945945947,14477.0,8531.054054054053,0.5892832806558025,0.015664922353550253,319 346 297 285 264,319 346 297 285 264,50d5cef0cd2e00b9e640d9268a069e6afa1966c78e89e84135d65fa7a1c6d44b,75c30893eb5586ab2222fe32473d21123716a33be479b6dd9f3d0a40fbc5a4da,e3d060d70164a158c18d876dddc8e108a5aef5eb1626aada6651c095ab8f3055,True,,
228,229,2014-07-05 18:00:00,2014-07-05 17:30:00,2014-07-05 18:00:00,B,OBSERVE_CURRENT_THEN_5,True,5,2014-07-05 20:30:00,2014-07-05 20:30:00,0,150,150,10000.0,14477.0,4477.0,0.30924915383021345,0.008220772829767388,322 347 316 298 280,322 347 316 298 280,50d5cef0cd2e00b9e640d9268a069e6afa1966c78e89e84135d65fa7a1c6d44b,75c30893eb5586ab2222fe32473d21123716a33be479b6dd9f3d0a40fbc5a4da,e3d060d70164a158c18d876dddc8e108a5aef5eb1626aada6651c095ab8f3055,True,7,447
228,229,2014-07-05 18:00:00,2014-07-05 17:30:00,2014-07-05 17:30:00,C,REALIGN_TARGET_ONLY,False,5,2014-07-05 20:00:00,2014-07-05 20:00:00,0,120,150,5945.945945945947,14140.0,8194.054054054053,0.5794946289995795,0.015108675268980316,319 346 297 285 264,319 346 297 285 264,50d5cef0cd2e00b9e640d9268a069e6afa1966c78e89e84135d65fa7a1c6d44b,75c30893eb5586ab2222fe32473d21123716a33be479b6dd9f3d0a40fbc5a4da,e3d060d70164a158c18d876dddc8e108a5aef5eb1626aada6651c095ab8f3055,True,,
228,229,2014-07-05 18:00:00,2014-07-05 17:30:00,2014-07-05 17:30:00,D,SIX_STEP_SAME_TARGET,False,6,2014-07-05 20:30:00,2014-07-05 20:30:00,0,150,180,19002.079002079,14477.0,4525.079002079001,0.31257021496712034,0.008309056625606874,319 346 297 285 264 259,319 346 297 285 264 259,50d5cef0cd2e00b9e640d9268a069e6afa1966c78e89e84135d65fa7a1c6d44b,75c30893eb5586ab2222fe32473d21123716a33be479b6dd9f3d0a40fbc5a4da,e3d060d70164a158c18d876dddc8e108a5aef5eb1626aada6651c095ab8f3055,True,,
229,230,2014-07-05 18:30:00,2014-07-05 18:00:00,2014-07-05 18:00:00,A,CURRENT_BUGGED,False,5,2014-07-05 20:30:00,2014-07-05 21:00:00,30,150,180,10000.0,15293.0,5293.0,0.346106061596809,0.009719131245914402,322 347 316 298 280,322 347 316 298 280,84414122bad333dac31c2df8d962ff4f69de1db20b0f64a18a592ba69c70af8e,4ce2128ada11f78cf0b6e6357cb443753010a12956e7ba856b0884186c4fc506,e94c7feb6e45c9b13b80b1a61a43cf4af68fad82429ceca61c8ed23a99b7e549,True,,
229,230,2014-07-05 18:30:00,2014-07-05 18:00:00,2014-07-05 18:30:00,B,OBSERVE_CURRENT_THEN_5,True,5,2014-07-05 21:00:00,2014-07-05 21:00:00,0,150,150,7193.347193347194,15293.0,8099.652806652806,0.5296313873440663,0.014872773223917925,324 343 307 282 260,324 343 307 282 260,84414122bad333dac31c2df8d962ff4f69de1db20b0f64a18a592ba69c70af8e,4ce2128ada11f78cf0b6e6357cb443753010a12956e7ba856b0884186c4fc506,e94c7feb6e45c9b13b80b1a61a43cf4af68fad82429ceca61c8ed23a99b7e549,True,9,469
229,230,2014-07-05 18:30:00,2014-07-05 18:00:00,2014-07-05 18:00:00,C,REALIGN_TARGET_ONLY,False,5,2014-07-05 20:30:00,2014-07-05 20:30:00,0,120,150,10000.0,14477.0,4477.0,0.30924915383021345,0.00825495398651402,322 347 316 298 280,322 347 316 298 280,84414122bad333dac31c2df8d962ff4f69de1db20b0f64a18a592ba69c70af8e,4ce2128ada11f78cf0b6e6357cb443753010a12956e7ba856b0884186c4fc506,e94c7feb6e45c9b13b80b1a61a43cf4af68fad82429ceca61c8ed23a99b7e549,True,,
229,230,2014-07-05 18:30:00,2014-07-05 18:00:00,2014-07-05 18:00:00,D,SIX_STEP_SAME_TARGET,False,6,2014-07-05 21:00:00,2014-07-05 21:00:00,0,150,180,14802.494802494803,15293.0,490.50519750519743,0.03207383754039086,0.0009006771946639296,322 347 316 298 280 259,322 347 316 298 280 259,84414122bad333dac31c2df8d962ff4f69de1db20b0f64a18a592ba69c70af8e,4ce2128ada11f78cf0b6e6357cb443753010a12956e7ba856b0884186c4fc506,e94c7feb6e45c9b13b80b1a61a43cf4af68fad82429ceca61c8ed23a99b7e549,True,,
230,231,2014-07-05 19:00:00,2014-07-05 18:30:00,2014-07-05 18:30:00,A,CURRENT_BUGGED,False,5,2014-07-05 21:00:00,2014-07-05 21:30:00,30,150,180,7193.347193347194,15457.0,8263.652806652806,0.5346220357542089,0.015173913885986687,324 343 307 282 260,324 343 307 282 260,d910682a46fdbb3694d855fd2938cf7265d7775917d26549eb2f614a869457b6,bed18fb4138906502cb405d9b6f72a919ba1477019fd8fe559661be4a1ad9d5e,9ded5fd956872e02e50b2ecb2b79a7b339c37ce9563f39e701ae02f4dc2bdc39,True,,
230,231,2014-07-05 19:00:00,2014-07-05 18:30:00,2014-07-05 19:00:00,B,OBSERVE_CURRENT_THEN_5,True,5,2014-07-05 21:30:00,2014-07-05 21:30:00,0,150,150,7110.18711018711,15457.0,8346.812889812889,0.5400021278264145,0.015326614389038644,328 343 280 248 242,328 343 280 248 242,d910682a46fdbb3694d855fd2938cf7265d7775917d26549eb2f614a869457b6,bed18fb4138906502cb405d9b6f72a919ba1477019fd8fe559661be4a1ad9d5e,9ded5fd956872e02e50b2ecb2b79a7b339c37ce9563f39e701ae02f4dc2bdc39,True,7,440
230,231,2014-07-05 19:00:00,2014-07-05 18:30:00,2014-07-05 18:30:00,C,REALIGN_TARGET_ONLY,False,5,2014-07-05 21:00:00,2014-07-05 21:00:00,0,120,150,7193.347193347194,15293.0,8099.652806652806,0.5296313873440663,0.014934612737471086,324 343 307 282 260,324 343 307 282 260,d910682a46fdbb3694d855fd2938cf7265d7775917d26549eb2f614a869457b6,bed18fb4138906502cb405d9b6f72a919ba1477019fd8fe559661be4a1ad9d5e,9ded5fd956872e02e50b2ecb2b79a7b339c37ce9563f39e701ae02f4dc2bdc39,True,,
230,231,2014-07-05 19:00:00,2014-07-05 18:30:00,2014-07-05 18:30:00,D,SIX_STEP_SAME_TARGET,False,6,2014-07-05 21:30:00,2014-07-05 21:30:00,0,150,180,7900.2079002079,15457.0,7556.7920997921,0.4888912531404606,0.013875959610045062,324 343 307 282 260 256,324 343 307 282 260 256,d910682a46fdbb3694d855fd2938cf7265d7775917d26549eb2f614a869457b6,bed18fb4138906502cb405d9b6f72a919ba1477019fd8fe559661be4a1ad9d5e,9ded5fd956872e02e50b2ecb2b79a7b339c37ce9563f39e701ae02f4dc2bdc39,True,,
231,232,2014-07-05 19:30:00,2014-07-05 19:00:00,2014-07-05 19:00:00,A,CURRENT_BUGGED,False,5,2014-07-05 21:30:00,2014-07-05 22:00:00,30,150,180,7110.18711018711,16048.0,8937.812889812889,0.5569424781787693,0.01641182250661571,328 343 280 248 242,328 343 280 248 242,89aff3e59c291929096c692b9638936a941de155b10b0cc7512c167a5dfc62b4,1a56ca929d942a1d5ba4a17a970897ae4aa939e799797f966d35ad47c824e4e9,e95d47a5a56c4d332e91cb4b9d9161f94b715221067f562f7168021dbee82b9c,True,,
231,232,2014-07-05 19:30:00,2014-07-05 19:00:00,2014-07-05 19:30:00,B,OBSERVE_CURRENT_THEN_5,True,5,2014-07-05 22:00:00,2014-07-05 22:00:00,0,150,150,19279.27927927928,16048.0,3231.279279279279,0.20135090224821028,0.005933351106653884,327 320 276 254 245,327 320 276 254 245,89aff3e59c291929096c692b9638936a941de155b10b0cc7512c167a5dfc62b4,1a56ca929d942a1d5ba4a17a970897ae4aa939e799797f966d35ad47c824e4e9,e95d47a5a56c4d332e91cb4b9d9161f94b715221067f562f7168021dbee82b9c,True,8,492
231,232,2014-07-05 19:30:00,2014-07-05 19:00:00,2014-07-05 19:00:00,C,REALIGN_TARGET_ONLY,False,5,2014-07-05 21:30:00,2014-07-05 21:30:00,0,120,150,7110.18711018711,15457.0,8346.812889812889,0.5400021278264145,0.01539034092907025,328 343 280 248 242,328 343 280 248 242,89aff3e59c291929096c692b9638936a941de155b10b0cc7512c167a5dfc62b4,1a56ca929d942a1d5ba4a17a970897ae4aa939e799797f966d35ad47c824e4e9,e95d47a5a56c4d332e91cb4b9d9161f94b715221067f562f7168021dbee82b9c,True,,
231,232,2014-07-05 19:30:00,2014-07-05 19:00:00,2014-07-05 19:00:00,D,SIX_STEP_SAME_TARGET,False,6,2014-07-05 22:00:00,2014-07-05 22:00:00,0,150,180,7900.2079002079,16048.0,8147.7920997921,0.507713864643077,0.014961167727622127,328 343 280 248 242 253,328 343 280 248 242 253,89aff3e59c291929096c692b9638936a941de155b10b0cc7512c167a5dfc62b4,1a56ca929d942a1d5ba4a17a970897ae4aa939e799797f966d35ad47c824e4e9,e95d47a5a56c4d332e91cb4b9d9161f94b715221067f562f7168021dbee82b9c,True,,
232,233,2014-07-05 20:00:00,2014-07-05 19:30:00,2014-07-05 19:30:00,A,CURRENT_BUGGED,False,5,2014-07-05 22:00:00,2014-07-05 22:30:00,30,150,180,19279.27927927928,17477.0,1802.2792792792789,0.10312292036844303,0.0033093876548474076,327 320 276 254 245,327 320 276 254 245,69779e16f4c42e3756466c0429ad113b227eb8b8069deb1ca691f4cd5b24d19c,ffcc9534d530515858144603d48d5420f18ad4862980efca5518270c17a4a8e9,8ba3c896145ad488b60e7225d0ba91d607e0996cf53e60ecf62704d236eaa572,True,,
232,233,2014-07-05 20:00:00,2014-07-05 19:30:00,2014-07-05 20:00:00,B,OBSERVE_CURRENT_THEN_5,True,5,2014-07-05 22:30:00,2014-07-05 22:30:00,0,150,150,17491.33749133749,17477.0,14.337491337490064,0.0008203634111970054,2.632683923034702e-05,296 323 284 268 227,296 323 284 268 227,69779e16f4c42e3756466c0429ad113b227eb8b8069deb1ca691f4cd5b24d19c,ffcc9534d530515858144603d48d5420f18ad4862980efca5518270c17a4a8e9,8ba3c896145ad488b60e7225d0ba91d607e0996cf53e60ecf62704d236eaa572,True,9,510
232,233,2014-07-05 20:00:00,2014-07-05 19:30:00,2014-07-05 19:30:00,C,REALIGN_TARGET_ONLY,False,5,2014-07-05 22:00:00,2014-07-05 22:00:00,0,120,150,19279.27927927928,16048.0,3231.279279279279,0.20135090224821028,0.005958021391116067,327 320 276 254 245,327 320 276 254 245,69779e16f4c42e3756466c0429ad113b227eb8b8069deb1ca691f4cd5b24d19c,ffcc9534d530515858144603d48d5420f18ad4862980efca5518270c17a4a8e9,8ba3c896145ad488b60e7225d0ba91d607e0996cf53e60ecf62704d236eaa572,True,,
232,233,2014-07-05 20:00:00,2014-07-05 19:30:00,2014-07-05 19:30:00,D,SIX_STEP_SAME_TARGET,False,6,2014-07-05 22:30:00,2014-07-05 22:30:00,0,150,180,3326.4033264033264,17477.0,14150.596673596674,0.8096696614748913,0.025983658847286196,327 320 276 254 245 247,327 320 276 254 245 247,69779e16f4c42e3756466c0429ad113b227eb8b8069deb1ca691f4cd5b24d19c,ffcc9534d530515858144603d48d5420f18ad4862980efca5518270c17a4a8e9,8ba3c896145ad488b60e7225d0ba91d607e0996cf53e60ecf62704d236eaa572,True,,
233,234,2014-07-05 20:30:00,2014-07-05 20:00:00,2014-07-05 20:00:00,A,CURRENT_BUGGED,False,5,2014-07-05 22:30:00,2014-07-05 23:00:00,30,150,180,17491.33749133749,16391.0,1100.33749133749,0.06713058942941187,0.0020204656136613014,296 323 284 268 227,296 323 284 268 227,2077a589259611795df2fb54849b0f6036dc3c17970fee56a588f2c734b5f3ec,7ea080638865c3b9f779fcc199c5c8e1df712d8e7a93c1502d7bf56c2a76b004,78d5c73652c069a4f0cc913ca9c66e994db172b5ccf84c9879fd84fdabb1ff84,True,,
233,234,2014-07-05 20:30:00,2014-07-05 20:00:00,2014-07-05 20:30:00,B,OBSERVE_CURRENT_THEN_5,True,5,2014-07-05 23:00:00,2014-07-05 23:00:00,0,150,150,8149.68814968815,16391.0,8241.31185031185,0.5027949393149808,0.015132890895841779,304 337 302 300 302,304 337 302 300 302,2077a589259611795df2fb54849b0f6036dc3c17970fee56a588f2c734b5f3ec,7ea080638865c3b9f779fcc199c5c8e1df712d8e7a93c1502d7bf56c2a76b004,78d5c73652c069a4f0cc913ca9c66e994db172b5ccf84c9879fd84fdabb1ff84,True,4,499
233,234,2014-07-05 20:30:00,2014-07-05 20:00:00,2014-07-05 20:00:00,C,REALIGN_TARGET_ONLY,False,5,2014-07-05 22:30:00,2014-07-05 22:30:00,0,120,150,17491.33749133749,17477.0,14.337491337490064,0.0008203634111970054,2.6436303612469027e-05,296 323 284 268 227,296 323 284 268 227,2077a589259611795df2fb54849b0f6036dc3c17970fee56a588f2c734b5f3ec,7ea080638865c3b9f779fcc199c5c8e1df712d8e7a93c1502d7bf56c2a76b004,78d5c73652c069a4f0cc913ca9c66e994db172b5ccf84c9879fd84fdabb1ff84,True,,
233,234,2014-07-05 20:30:00,2014-07-05 20:00:00,2014-07-05 20:00:00,D,SIX_STEP_SAME_TARGET,False,6,2014-07-05 23:00:00,2014-07-05 23:00:00,0,150,180,7900.2079002079,16391.0,8490.7920997921,0.5180155023971752,0.015590992404997648,296 323 284 268 227 227,296 323 284 268 227 227,2077a589259611795df2fb54849b0f6036dc3c17970fee56a588f2c734b5f3ec,7ea080638865c3b9f779fcc199c5c8e1df712d8e7a93c1502d7bf56c2a76b004,78d5c73652c069a4f0cc913ca9c66e994db172b5ccf84c9879fd84fdabb1ff84,True,,
234,235,2014-07-05 21:00:00,2014-07-05 20:30:00,2014-07-05 20:30:00,A,CURRENT_BUGGED,False,5,2014-07-05 23:00:00,2014-07-05 23:30:00,30,150,180,8149.68814968815,17006.0,8856.31185031185,0.5207757174121986,0.016262168378599638,304 337 302 300 302,304 337 302 300 302,1d34d44bd89cc8122ccec6bd0a3f28e15b0430b18f45b4b2db382daec1a07831,698a1a98268525ac02ec261aa6ded1be5f75ba40e0d2b60031741bc4c7353d30,5d422a4ebd47bf6dd5697133fad5a2012699af3de5848270a5264c638f110d73,True,,
234,235,2014-07-05 21:00:00,2014-07-05 20:30:00,2014-07-05 21:00:00,B,OBSERVE_CURRENT_THEN_5,True,5,2014-07-05 23:30:00,2014-07-05 23:30:00,0,150,150,7221.067221067221,17006.0,9784.93277893278,0.5753812053941421,0.017967323996013154,315 349 318 285 269,315 349 318 285 269,1d34d44bd89cc8122ccec6bd0a3f28e15b0430b18f45b4b2db382daec1a07831,698a1a98268525ac02ec261aa6ded1be5f75ba40e0d2b60031741bc4c7353d30,5d422a4ebd47bf6dd5697133fad5a2012699af3de5848270a5264c638f110d73,True,9,478
234,235,2014-07-05 21:00:00,2014-07-05 20:30:00,2014-07-05 20:30:00,C,REALIGN_TARGET_ONLY,False,5,2014-07-05 23:00:00,2014-07-05 23:00:00,0,120,150,8149.68814968815,16391.0,8241.31185031185,0.5027949393149808,0.015195811952833824,304 337 302 300 302,304 337 302 300 302,1d34d44bd89cc8122ccec6bd0a3f28e15b0430b18f45b4b2db382daec1a07831,698a1a98268525ac02ec261aa6ded1be5f75ba40e0d2b60031741bc4c7353d30,5d422a4ebd47bf6dd5697133fad5a2012699af3de5848270a5264c638f110d73,True,,
234,235,2014-07-05 21:00:00,2014-07-05 20:30:00,2014-07-05 20:30:00,D,SIX_STEP_SAME_TARGET,False,6,2014-07-05 23:30:00,2014-07-05 23:30:00,0,150,180,9286.209286209285,17006.0,7719.790713790715,0.45394512018056654,0.014175261503556242,304 337 302 300 302 272,304 337 302 300 302 272,1d34d44bd89cc8122ccec6bd0a3f28e15b0430b18f45b4b2db382daec1a07831,698a1a98268525ac02ec261aa6ded1be5f75ba40e0d2b60031741bc4c7353d30,5d422a4ebd47bf6dd5697133fad5a2012699af3de5848270a5264c638f110d73,True,,
235,236,2014-07-05 21:30:00,2014-07-05 21:00:00,2014-07-05 21:00:00,A,CURRENT_BUGGED,False,5,2014-07-05 23:30:00,2014-07-06 00:00:00,30,150,180,7221.067221067221,15427.0,8205.93277893278,0.5319201905057872,0.015067927011826712,315 349 318 285 269,315 349 318 285 269,f8257fc3e9b48556cb7e7aee4fa3617872b8ae5a7e4c8618fd8e9508e05b4a38,db44902416609bb7223d0f5404e9955445a1d79e813e757c13c87dc67de1e9b2,523335774e49d1da27ee18e933df1bcfb0b096cf4812c5ea28f1d50092e32cd2,True,,
235,236,2014-07-05 21:30:00,2014-07-05 21:00:00,2014-07-05 21:30:00,B,OBSERVE_CURRENT_THEN_5,True,5,2014-07-06 00:00:00,2014-07-06 00:00:00,0,150,150,7276.507276507276,15427.0,8150.492723492724,0.5283264875538163,0.01496612667645874,305 345 280 253 248,305 345 280 253 248,f8257fc3e9b48556cb7e7aee4fa3617872b8ae5a7e4c8618fd8e9508e05b4a38,db44902416609bb7223d0f5404e9955445a1d79e813e757c13c87dc67de1e9b2,523335774e49d1da27ee18e933df1bcfb0b096cf4812c5ea28f1d50092e32cd2,True,9,477
235,236,2014-07-05 21:30:00,2014-07-05 21:00:00,2014-07-05 21:00:00,C,REALIGN_TARGET_ONLY,False,5,2014-07-05 23:30:00,2014-07-05 23:30:00,0,120,150,7221.067221067221,17006.0,9784.93277893278,0.5753812053941421,0.018042030344253487,315 349 318 285 269,315 349 318 285 269,f8257fc3e9b48556cb7e7aee4fa3617872b8ae5a7e4c8618fd8e9508e05b4a38,db44902416609bb7223d0f5404e9955445a1d79e813e757c13c87dc67de1e9b2,523335774e49d1da27ee18e933df1bcfb0b096cf4812c5ea28f1d50092e32cd2,True,,
235,236,2014-07-05 21:30:00,2014-07-05 21:00:00,2014-07-05 21:00:00,D,SIX_STEP_SAME_TARGET,False,6,2014-07-06 00:00:00,2014-07-06 00:00:00,0,150,180,11891.891891891892,15427.0,3535.1081081081084,0.2291507168022369,0.006491248757075168,315 349 318 285 269 261,315 349 318 285 269 261,f8257fc3e9b48556cb7e7aee4fa3617872b8ae5a7e4c8618fd8e9508e05b4a38,db44902416609bb7223d0f5404e9955445a1d79e813e757c13c87dc67de1e9b2,523335774e49d1da27ee18e933df1bcfb0b096cf4812c5ea28f1d50092e32cd2,True,,
236,237,2014-07-05 22:00:00,2014-07-05 21:30:00,2014-07-05 21:30:00,A,CURRENT_BUGGED,False,5,2014-07-06 00:00:00,2014-07-06 00:30:00,30,150,180,7276.507276507276,14615.0,7338.492723492724,0.5021206105708329,0.013475113154508523,305 345 280 253 248,305 345 280 253 248,128b7c7969b71cbd474f348fe32f10f40c6267bf183ec166548278252bf3f43c,207e9f79d4cb4a2b990a0ff048720c6d0e70fe4b89dea050508c88888414e27e,f00bd6dff018cf586cdba750ed8cdf9128f0c15674c8837004012d77ab5efb3f,True,,
236,237,2014-07-05 22:00:00,2014-07-05 21:30:00,2014-07-05 22:00:00,B,OBSERVE_CURRENT_THEN_5,True,5,2014-07-06 00:30:00,2014-07-06 00:30:00,0,150,150,21912.681912681914,14615.0,7297.681912681914,0.499328218452406,0.013400175382635778,298 348 312 284 270,298 348 312 284 270,128b7c7969b71cbd474f348fe32f10f40c6267bf183ec166548278252bf3f43c,207e9f79d4cb4a2b990a0ff048720c6d0e70fe4b89dea050508c88888414e27e,f00bd6dff018cf586cdba750ed8cdf9128f0c15674c8837004012d77ab5efb3f,True,9,466
236,237,2014-07-05 22:00:00,2014-07-05 21:30:00,2014-07-05 21:30:00,C,REALIGN_TARGET_ONLY,False,5,2014-07-06 00:00:00,2014-07-06 00:00:00,0,120,150,7276.507276507276,15427.0,8150.492723492724,0.5283264875538163,0.015028354344393516,305 345 280 253 248,305 345 280 253 248,128b7c7969b71cbd474f348fe32f10f40c6267bf183ec166548278252bf3f43c,207e9f79d4cb4a2b990a0ff048720c6d0e70fe4b89dea050508c88888414e27e,f00bd6dff018cf586cdba750ed8cdf9128f0c15674c8837004012d77ab5efb3f,True,,
236,237,2014-07-05 22:00:00,2014-07-05 21:30:00,2014-07-05 21:30:00,D,SIX_STEP_SAME_TARGET,False,6,2014-07-06 00:30:00,2014-07-06 00:30:00,0,150,180,19833.679833679835,14615.0,5218.679833679835,0.35707696432978686,0.009582662806336871,305 345 280 253 248 246,305 345 280 253 248 246,128b7c7969b71cbd474f348fe32f10f40c6267bf183ec166548278252bf3f43c,207e9f79d4cb4a2b990a0ff048720c6d0e70fe4b89dea050508c88888414e27e,f00bd6dff018cf586cdba750ed8cdf9128f0c15674c8837004012d77ab5efb3f,True,,
237,238,2014-07-05 22:30:00,2014-07-05 22:00:00,2014-07-05 22:00:00,A,CURRENT_BUGGED,False,5,2014-07-06 00:30:00,2014-07-06 01:00:00,30,150,180,21912.681912681914,13124.0,8788.681912681914,0.6696648821001153,0.01613798469449264,298 348 312 284 270,298 348 312 284 270,f44a5846913c787a80fdb9fbd75c4577c1b4af90161794f3c100b90470b3e215,bfea6620fe7397a6960b89eac103bf801aa7377ab18c3a414a767b59947e1754,a342091b1d29773a159b6d7bd17742d0cfb706a9240c6af1720c9398f6e61aeb,True,,
237,238,2014-07-05 22:30:00,2014-07-05 22:00:00,2014-07-05 22:30:00,B,OBSERVE_CURRENT_THEN_5,True,5,2014-07-06 01:00:00,2014-07-06 01:00:00,0,150,150,13790.71379071379,13124.0,666.7137907137894,0.05080111175813696,0.0012242355630849096,291 329 303 273 248,291 329 303 273 248,f44a5846913c787a80fdb9fbd75c4577c1b4af90161794f3c100b90470b3e215,bfea6620fe7397a6960b89eac103bf801aa7377ab18c3a414a767b59947e1754,a342091b1d29773a159b6d7bd17742d0cfb706a9240c6af1720c9398f6e61aeb,True,10,536
237,238,2014-07-05 22:30:00,2014-07-05 22:00:00,2014-07-05 22:00:00,C,REALIGN_TARGET_ONLY,False,5,2014-07-06 00:30:00,2014-07-06 00:30:00,0,120,150,21912.681912681914,14615.0,7297.681912681914,0.499328218452406,0.013455891980657766,298 348 312 284 270,298 348 312 284 270,f44a5846913c787a80fdb9fbd75c4577c1b4af90161794f3c100b90470b3e215,bfea6620fe7397a6960b89eac103bf801aa7377ab18c3a414a767b59947e1754,a342091b1d29773a159b6d7bd17742d0cfb706a9240c6af1720c9398f6e61aeb,True,,
237,238,2014-07-05 22:30:00,2014-07-05 22:00:00,2014-07-05 22:00:00,D,SIX_STEP_SAME_TARGET,False,6,2014-07-06 01:00:00,2014-07-06 01:00:00,0,150,180,21912.681912681914,13124.0,8788.681912681914,0.6696648821001153,0.01613798469449264,298 348 312 284 270 256,298 348 312 284 270 256,f44a5846913c787a80fdb9fbd75c4577c1b4af90161794f3c100b90470b3e215,bfea6620fe7397a6960b89eac103bf801aa7377ab18c3a414a767b59947e1754,a342091b1d29773a159b6d7bd17742d0cfb706a9240c6af1720c9398f6e61aeb,True,,
238,239,2014-07-05 23:00:00,2014-07-05 22:30:00,2014-07-05 22:30:00,A,CURRENT_BUGGED,False,5,2014-07-06 01:00:00,2014-07-06 01:30:00,30,150,180,13790.71379071379,12222.0,1568.7137907137894,0.12835164381556124,0.0028805092044631056,291 329 303 273 248,291 329 303 273 248,f03452c1e67fc7e5ca2d8ed68305d7dd966bcf277a9c13376a2cd39e647b7639,c3874f57712dcb63632679988c344331bd2b598604e793c71c64ca6c23f6f1d2,8d5068bdc2f1696d9def6473e02423c89beb8f5a6629a461e3a642b5eeb90c62,True,,
238,239,2014-07-05 23:00:00,2014-07-05 22:30:00,2014-07-05 23:00:00,B,OBSERVE_CURRENT_THEN_5,True,5,2014-07-06 01:30:00,2014-07-06 01:30:00,0,150,150,11777.546777546777,12222.0,444.45322245322313,0.0363650157464591,0.000816115473586334,283 337 301 244 254,283 337 301 244 254,f03452c1e67fc7e5ca2d8ed68305d7dd966bcf277a9c13376a2cd39e647b7639,c3874f57712dcb63632679988c344331bd2b598604e793c71c64ca6c23f6f1d2,8d5068bdc2f1696d9def6473e02423c89beb8f5a6629a461e3a642b5eeb90c62,True,6,480
238,239,2014-07-05 23:00:00,2014-07-05 22:30:00,2014-07-05 22:30:00,C,REALIGN_TARGET_ONLY,False,5,2014-07-06 01:00:00,2014-07-06 01:00:00,0,120,150,13790.71379071379,13124.0,666.7137907137894,0.05080111175813696,0.001229325812936491,291 329 303 273 248,291 329 303 273 248,f03452c1e67fc7e5ca2d8ed68305d7dd966bcf277a9c13376a2cd39e647b7639,c3874f57712dcb63632679988c344331bd2b598604e793c71c64ca6c23f6f1d2,8d5068bdc2f1696d9def6473e02423c89beb8f5a6629a461e3a642b5eeb90c62,True,,
238,239,2014-07-05 23:00:00,2014-07-05 22:30:00,2014-07-05 22:30:00,D,SIX_STEP_SAME_TARGET,False,6,2014-07-06 01:30:00,2014-07-06 01:30:00,0,150,180,13347.193347193348,12222.0,1125.193347193348,0.09206294773305089,0.0020661065215193427,291 329 303 273 248 220,291 329 303 273 248 220,f03452c1e67fc7e5ca2d8ed68305d7dd966bcf277a9c13376a2cd39e647b7639,c3874f57712dcb63632679988c344331bd2b598604e793c71c64ca6c23f6f1d2,8d5068bdc2f1696d9def6473e02423c89beb8f5a6629a461e3a642b5eeb90c62,True,,
239,240,2014-07-05 23:30:00,2014-07-05 23:00:00,2014-07-05 23:00:00,A,CURRENT_BUGGED,False,5,2014-07-06 01:30:00,2014-07-06 02:00:00,30,150,180,11777.546777546777,11134.0,643.5467775467769,0.05780014168733401,0.00118169574794302,283 337 301 244 254,283 337 301 244 254,778cc6b618ab4092a4fc0699e6d373e3c8ccb767de4e21b1faa655425b777296,0080b042fd1fcadb9762bb9fe9f8a3f455015d50192fdfec3b2eb5b24e8919c6,aa01485e65952edb1a5c27d9a8a245baeb8b98fc038557753f41d624617d7e3e,True,,
239,240,2014-07-05 23:30:00,2014-07-05 23:00:00,2014-07-05 23:30:00,B,OBSERVE_CURRENT_THEN_5,True,5,2014-07-06 02:00:00,2014-07-06 02:00:00,0,150,150,14469.85446985447,11134.0,3335.85446985447,0.2996097062919409,0.006125374534250105,293 321 296 262 232,293 321 296 262 232,778cc6b618ab4092a4fc0699e6d373e3c8ccb767de4e21b1faa655425b777296,0080b042fd1fcadb9762bb9fe9f8a3f455015d50192fdfec3b2eb5b24e8919c6,aa01485e65952edb1a5c27d9a8a245baeb8b98fc038557753f41d624617d7e3e,True,8,484
239,240,2014-07-05 23:30:00,2014-07-05 23:00:00,2014-07-05 23:00:00,C,REALIGN_TARGET_ONLY,False,5,2014-07-06 01:30:00,2014-07-06 01:30:00,0,120,150,11777.546777546777,12222.0,444.45322245322313,0.0363650157464591,0.0008195088006498183,283 337 301 244 254,283 337 301 244 254,778cc6b618ab4092a4fc0699e6d373e3c8ccb767de4e21b1faa655425b777296,0080b042fd1fcadb9762bb9fe9f8a3f455015d50192fdfec3b2eb5b24e8919c6,aa01485e65952edb1a5c27d9a8a245baeb8b98fc038557753f41d624617d7e3e,True,,
239,240,2014-07-05 23:30:00,2014-07-05 23:00:00,2014-07-05 23:00:00,D,SIX_STEP_SAME_TARGET,False,6,2014-07-06 02:00:00,2014-07-06 02:00:00,0,150,180,3326.4033264033264,11134.0,7807.596673596674,0.7012391479788642,0.014336492874712033,283 337 301 244 254 255,283 337 301 244 254 255,778cc6b618ab4092a4fc0699e6d373e3c8ccb767de4e21b1faa655425b777296,0080b042fd1fcadb9762bb9fe9f8a3f455015d50192fdfec3b2eb5b24e8919c6,aa01485e65952edb1a5c27d9a8a245baeb8b98fc038557753f41d624617d7e3e,True,,
240,241,2014-07-06 00:00:00,2014-07-05 23:30:00,2014-07-05 23:30:00,A,CURRENT_BUGGED,False,5,2014-07-06 02:00:00,2014-07-06 02:30:00,30,150,180,14469.85446985447,9145.0,5324.85446985447,0.582269488229029,0.009777623173608455,293 321 296 262 232,293 321 296 262 232,1526e4bbf36b90e543c7e2b8e4e67433f328ffd37dc4cdf09713fe34afa9134f,31b2d5c3c8a1a58673caf4d00a7de334ba0f53f2cb571584baf2f5cf1d12defb,915d387c87cfa9f3c3cb8ed9a6b5635ec83ae77106e055d350a5db23f5bf61e3,True,,
240,241,2014-07-06 00:00:00,2014-07-05 23:30:00,2014-07-06 00:00:00,B,OBSERVE_CURRENT_THEN_5,True,5,2014-07-06 02:30:00,2014-07-06 02:30:00,0,150,150,19002.079002079,9145.0,9857.079002079001,1.0778653911513396,0.018099800589940068,225 340 309 289 264,225 340 309 289 264,1526e4bbf36b90e543c7e2b8e4e67433f328ffd37dc4cdf09713fe34afa9134f,31b2d5c3c8a1a58673caf4d00a7de334ba0f53f2cb571584baf2f5cf1d12defb,915d387c87cfa9f3c3cb8ed9a6b5635ec83ae77106e055d350a5db23f5bf61e3,True,7,539
240,241,2014-07-06 00:00:00,2014-07-05 23:30:00,2014-07-05 23:30:00,C,REALIGN_TARGET_ONLY,False,5,2014-07-06 02:00:00,2014-07-06 02:00:00,0,120,150,14469.85446985447,11134.0,3335.85446985447,0.2996097062919409,0.006150843233047972,293 321 296 262 232,293 321 296 262 232,1526e4bbf36b90e543c7e2b8e4e67433f328ffd37dc4cdf09713fe34afa9134f,31b2d5c3c8a1a58673caf4d00a7de334ba0f53f2cb571584baf2f5cf1d12defb,915d387c87cfa9f3c3cb8ed9a6b5635ec83ae77106e055d350a5db23f5bf61e3,True,,
240,241,2014-07-06 00:00:00,2014-07-05 23:30:00,2014-07-05 23:30:00,D,SIX_STEP_SAME_TARGET,False,6,2014-07-06 02:30:00,2014-07-06 02:30:00,0,150,180,16486.486486486487,9145.0,7341.486486486487,0.8027869312724425,0.013480610372618393,293 321 296 262 232 243,293 321 296 262 232 243,1526e4bbf36b90e543c7e2b8e4e67433f328ffd37dc4cdf09713fe34afa9134f,31b2d5c3c8a1a58673caf4d00a7de334ba0f53f2cb571584baf2f5cf1d12defb,915d387c87cfa9f3c3cb8ed9a6b5635ec83ae77106e055d350a5db23f5bf61e3,True,,
241,242,2014-07-06 00:30:00,2014-07-06 00:00:00,2014-07-06 00:00:00,A,CURRENT_BUGGED,False,5,2014-07-06 02:30:00,2014-07-06 03:00:00,30,150,180,19002.079002079,8624.0,10378.079002079001,1.2033950605379176,0.01905647305907315,225 340 309 289 264,225 340 309 289 264,e28ffb29a6855c8bb36f81e845c6123f6d58bcd70856b3ab578f45f28927fd1f,b42e2e6687748d795497b6b9dc75d3f3e47c8aa49ba7f916b40024ca2f6caf8a,46f0ae5c350c21342709eb7c963faa6bdf6ee8579bdcec865fcb0cedcfe34a7c,True,,
241,242,2014-07-06 00:30:00,2014-07-06 00:00:00,2014-07-06 00:30:00,B,OBSERVE_CURRENT_THEN_5,True,5,2014-07-06 03:00:00,2014-07-06 03:00:00,0,150,150,13534.303534303534,8624.0,4910.3035343035335,0.5693765693765693,0.009016414983407028,236 347 319 279 240,236 347 319 279 240,e28ffb29a6855c8bb36f81e845c6123f6d58bcd70856b3ab578f45f28927fd1f,b42e2e6687748d795497b6b9dc75d3f3e47c8aa49ba7f916b40024ca2f6caf8a,46f0ae5c350c21342709eb7c963faa6bdf6ee8579bdcec865fcb0cedcfe34a7c,True,15,633
241,242,2014-07-06 00:30:00,2014-07-06 00:00:00,2014-07-06 00:00:00,C,REALIGN_TARGET_ONLY,False,5,2014-07-06 02:30:00,2014-07-06 02:30:00,0,120,150,19002.079002079,9145.0,9857.079002079001,1.0778653911513396,0.01817505776269727,225 340 309 289 264,225 340 309 289 264,e28ffb29a6855c8bb36f81e845c6123f6d58bcd70856b3ab578f45f28927fd1f,b42e2e6687748d795497b6b9dc75d3f3e47c8aa49ba7f916b40024ca2f6caf8a,46f0ae5c350c21342709eb7c963faa6bdf6ee8579bdcec865fcb0cedcfe34a7c,True,,
241,242,2014-07-06 00:30:00,2014-07-06 00:00:00,2014-07-06 00:00:00,D,SIX_STEP_SAME_TARGET,False,6,2014-07-06 03:00:00,2014-07-06 03:00:00,0,150,180,9591.129591129591,8624.0,967.1295911295911,0.11214396928682642,0.0017758661303601036,225 340 309 289 264 249,225 340 309 289 264 249,e28ffb29a6855c8bb36f81e845c6123f6d58bcd70856b3ab578f45f28927fd1f,b42e2e6687748d795497b6b9dc75d3f3e47c8aa49ba7f916b40024ca2f6caf8a,46f0ae5c350c21342709eb7c963faa6bdf6ee8579bdcec865fcb0cedcfe34a7c,True,,
242,243,2014-07-06 01:00:00,2014-07-06 00:30:00,2014-07-06 00:30:00,A,CURRENT_BUGGED,False,5,2014-07-06 03:00:00,2014-07-06 03:30:00,30,150,180,13534.303534303534,7885.0,5649.3035343035335,0.7164620842490214,0.01037338418626566,236 347 319 279 240,236 347 319 279 240,a5b95430793da322bafec92f484a0e5045ffa69fbe964ba77d1d9b587672d8db,f64d5540397e3e0f5ef450a3f2850454bc22c01b188fd356b6ef8383e5b252d1,39f23e829b452387456989c96658a5552ef8fc43f35ca60e0631dc7822af7753,True,,
242,243,2014-07-06 01:00:00,2014-07-06 00:30:00,2014-07-06 01:00:00,B,OBSERVE_CURRENT_THEN_5,True,5,2014-07-06 03:30:00,2014-07-06 03:30:00,0,150,150,1995.8419958419959,7885.0,5889.158004158004,0.7468811672996835,0.010813810612193265,242 350 298 269 257,242 350 298 269 257,a5b95430793da322bafec92f484a0e5045ffa69fbe964ba77d1d9b587672d8db,f64d5540397e3e0f5ef450a3f2850454bc22c01b188fd356b6ef8383e5b252d1,39f23e829b452387456989c96658a5552ef8fc43f35ca60e0631dc7822af7753,True,10,648
242,243,2014-07-06 01:00:00,2014-07-06 00:30:00,2014-07-06 00:30:00,C,REALIGN_TARGET_ONLY,False,5,2014-07-06 03:00:00,2014-07-06 03:00:00,0,120,150,13534.303534303534,8624.0,4910.3035343035335,0.5693765693765693,0.009053904341186695,236 347 319 279 240,236 347 319 279 240,a5b95430793da322bafec92f484a0e5045ffa69fbe964ba77d1d9b587672d8db,f64d5540397e3e0f5ef450a3f2850454bc22c01b188fd356b6ef8383e5b252d1,39f23e829b452387456989c96658a5552ef8fc43f35ca60e0631dc7822af7753,True,,
242,243,2014-07-06 01:00:00,2014-07-06 00:30:00,2014-07-06 00:30:00,D,SIX_STEP_SAME_TARGET,False,6,2014-07-06 03:30:00,2014-07-06 03:30:00,0,150,180,7151.7671517671515,7885.0,733.2328482328485,0.09299084949053246,0.0013463794229719801,236 347 319 279 240 225,236 347 319 279 240 225,a5b95430793da322bafec92f484a0e5045ffa69fbe964ba77d1d9b587672d8db,f64d5540397e3e0f5ef450a3f2850454bc22c01b188fd356b6ef8383e5b252d1,39f23e829b452387456989c96658a5552ef8fc43f35ca60e0631dc7822af7753,True,,
243,244,2014-07-06 01:30:00,2014-07-06 01:00:00,2014-07-06 01:00:00,A,CURRENT_BUGGED,False,5,2014-07-06 03:30:00,2014-07-06 04:00:00,30,150,180,1995.8419958419959,7167.0,5171.158004158004,0.7215233715861593,0.009495402103867828,242 350 298 269 257,242 350 298 269 257,44b6c354bc35070c323217ea795808624f8a573abb2035ebb1979b6ac85dece8,2b8d1016e9e252294010e964b427e8f5c7fa6d54ed4b124890c92f42745681d2,701aaff7f038712693de7189849164a42cb58a9d6b7ad9b557c1cc192bf98c71,True,,
243,244,2014-07-06 01:30:00,2014-07-06 01:00:00,2014-07-06 01:30:00,B,OBSERVE_CURRENT_THEN_5,True,5,2014-07-06 04:00:00,2014-07-06 04:00:00,0,150,150,19625.779625779625,7167.0,12458.779625779625,1.7383535127360996,0.022877104543146894,253 354 329 291 265,253 354 329 291 265,44b6c354bc35070c323217ea795808624f8a573abb2035ebb1979b6ac85dece8,2b8d1016e9e252294010e964b427e8f5c7fa6d54ed4b124890c92f42745681d2,701aaff7f038712693de7189849164a42cb58a9d6b7ad9b557c1cc192bf98c71,True,9,509
243,244,2014-07-06 01:30:00,2014-07-06 01:00:00,2014-07-06 01:00:00,C,REALIGN_TARGET_ONLY,False,5,2014-07-06 03:30:00,2014-07-06 03:30:00,0,120,150,1995.8419958419959,7885.0,5889.158004158004,0.7468811672996835,0.01085877336243803,242 350 298 269 257,242 350 298 269 257,44b6c354bc35070c323217ea795808624f8a573abb2035ebb1979b6ac85dece8,2b8d1016e9e252294010e964b427e8f5c7fa6d54ed4b124890c92f42745681d2,701aaff7f038712693de7189849164a42cb58a9d6b7ad9b557c1cc192bf98c71,True,,
243,244,2014-07-06 01:30:00,2014-07-06 01:00:00,2014-07-06 01:00:00,D,SIX_STEP_SAME_TARGET,False,6,2014-07-06 04:00:00,2014-07-06 04:00:00,0,150,180,13347.193347193348,7167.0,6180.193347193348,0.8623124525175594,0.0113482165627242,242 350 298 269 257 259,242 350 298 269 257 259,44b6c354bc35070c323217ea795808624f8a573abb2035ebb1979b6ac85dece8,2b8d1016e9e252294010e964b427e8f5c7fa6d54ed4b124890c92f42745681d2,701aaff7f038712693de7189849164a42cb58a9d6b7ad9b557c1cc192bf98c71,True,,
244,245,2014-07-06 02:00:00,2014-07-06 01:30:00,2014-07-06 01:30:00,A,CURRENT_BUGGED,False,5,2014-07-06 04:00:00,2014-07-06 04:30:00,30,150,180,19625.779625779625,4805.0,14820.779625779625,3.0844494538563216,0.02721426456635676,253 354 329 291 265,253 354 329 291 265,ce0f906c80bf69193e717e08f075d60e7302d8d7b3501c5ea3cb774bff46572c,d7d454c2928edbbeb5e4f939834cc3342c82093a656253395963c1e9e981565f,abdd37d9ff72cf0274b8e328c2ea615f4722617bb2c27895974a327e444be59c,True,,
244,245,2014-07-06 02:00:00,2014-07-06 01:30:00,2014-07-06 02:00:00,B,OBSERVE_CURRENT_THEN_5,True,5,2014-07-06 04:30:00,2014-07-06 04:30:00,0,150,150,12557.172557172556,4805.0,7752.1725571725565,1.6133553708995956,0.014234721806940479,235 343 307 286 245,235 343 307 286 245,ce0f906c80bf69193e717e08f075d60e7302d8d7b3501c5ea3cb774bff46572c,d7d454c2928edbbeb5e4f939834cc3342c82093a656253395963c1e9e981565f,abdd37d9ff72cf0274b8e328c2ea615f4722617bb2c27895974a327e444be59c,True,9,429
244,245,2014-07-06 02:00:00,2014-07-06 01:30:00,2014-07-06 01:30:00,C,REALIGN_TARGET_ONLY,False,5,2014-07-06 04:00:00,2014-07-06 04:00:00,0,120,150,19625.779625779625,7167.0,12458.779625779625,1.7383535127360996,0.022972225271147905,253 354 329 291 265,253 354 329 291 265,ce0f906c80bf69193e717e08f075d60e7302d8d7b3501c5ea3cb774bff46572c,d7d454c2928edbbeb5e4f939834cc3342c82093a656253395963c1e9e981565f,abdd37d9ff72cf0274b8e328c2ea615f4722617bb2c27895974a327e444be59c,True,,
244,245,2014-07-06 02:00:00,2014-07-06 01:30:00,2014-07-06 01:30:00,D,SIX_STEP_SAME_TARGET,False,6,2014-07-06 04:30:00,2014-07-06 04:30:00,0,150,180,22245.322245322244,4805.0,17440.322245322244,3.6296196140108727,0.032024330412493376,253 354 329 291 265 246,253 354 329 291 265 246,ce0f906c80bf69193e717e08f075d60e7302d8d7b3501c5ea3cb774bff46572c,d7d454c2928edbbeb5e4f939834cc3342c82093a656253395963c1e9e981565f,abdd37d9ff72cf0274b8e328c2ea615f4722617bb2c27895974a327e444be59c,True,,
