model,elements,mean_moving_accuracy,std_moving_accuracy,completed_trials
ELM,250,0.7307692307692307,0.0,1
ELM,500,0.6981132075471698,0.0,1
ELM,750,0.7341772151898734,0.0,1
ELM,1000,0.79,0.0,1
ELM,1250,0.84,0.0,1
ELM,1500,0.91,0.0,1
ELM,1750,0.96,0.0,1
ELM,2000,0.99,0.0,1
ELM,2250,1.0,0.0,1
ELM,2500,1.0,0.0,1
ELM,2750,1.0,0.0,1
ELM,3000,1.0,0.0,1
ELM,3250,1.0,0.0,1
ELM,3500,1.0,0.0,1
ELM,3750,1.0,0.0,1
ELM,4000,1.0,0.0,1
ELM,4250,1.0,0.0,1
ELM,4500,1.0,0.0,1
ELM,4750,1.0,0.0,1
ELM,5000,1.0,0.0,1
ELM,5250,1.0,0.0,1
ELM,5500,1.0,0.0,1
ELM,5750,1.0,0.0,1
ELM,6000,1.0,0.0,1
ELM,6250,1.0,0.0,1
ELM,6500,1.0,0.0,1
ELM,6750,1.0,0.0,1
ELM,7000,1.0,0.0,1
ELM,7250,1.0,0.0,1
ELM,7500,1.0,0.0,1
ELM,7750,1.0,0.0,1
ELM,8000,1.0,0.0,1
ELM,8250,1.0,0.0,1
ELM,8500,1.0,0.0,1
ELM,8750,1.0,0.0,1
ELM,9000,1.0,0.0,1
ELM,9250,1.0,0.0,1
ELM,9500,1.0,0.0,1
ELM,9750,1.0,0.0,1
ELM,10000,1.0,0.0,1
ELM,10250,0.79,0.0,1
ELM,10500,0.61,0.0,1
ELM,10750,0.42,0.0,1
ELM,11000,0.33,0.0,1
ELM,11250,0.42,0.0,1
ELM,11500,0.53,0.0,1
ELM,11750,0.68,0.0,1
ELM,12000,0.78,0.0,1
ELM,12250,0.84,0.0,1
ELM,12500,0.9,0.0,1
ELM,12750,0.93,0.0,1
ELM,13000,0.98,0.0,1
ELM,13250,0.98,0.0,1
ELM,13500,0.99,0.0,1
ELM,13750,1.0,0.0,1
ELM,14000,1.0,0.0,1
ELM,14250,1.0,0.0,1
ELM,14500,1.0,0.0,1
ELM,14750,1.0,0.0,1
ELM,15000,1.0,0.0,1
ELM,15250,1.0,0.0,1
ELM,15500,1.0,0.0,1
ELM,15750,1.0,0.0,1
ELM,16000,1.0,0.0,1
ELM,16250,1.0,0.0,1
ELM,16500,1.0,0.0,1
ELM,16750,1.0,0.0,1
ELM,17000,1.0,0.0,1
ELM,17250,1.0,0.0,1
ELM,17500,1.0,0.0,1
ELM,17750,1.0,0.0,1
ELM,18000,1.0,0.0,1
ELM,18250,1.0,0.0,1
ELM,18500,1.0,0.0,1
ELM,18750,1.0,0.0,1
ELM,19000,1.0,0.0,1
ELM,19250,1.0,0.0,1
ELM,19500,1.0,0.0,1
ELM,19750,1.0,0.0,1
ELM,20000,1.0,0.0,1
ELM,20250,1.0,0.0,1
ELM,20500,1.0,0.0,1
ELM,20750,1.0,0.0,1
ELM,21000,1.0,0.0,1
ELM,21250,1.0,0.0,1
ELM,21500,1.0,0.0,1
ELM,21750,1.0,0.0,1
ELM,22000,1.0,0.0,1
ELM,22250,1.0,0.0,1
ELM,22500,1.0,0.0,1
ELM,22750,1.0,0.0,1
ELM,23000,1.0,0.0,1
ELM,23250,1.0,0.0,1
ELM,23500,1.0,0.0,1
ELM,23750,1.0,0.0,1
ELM,24000,1.0,0.0,1
ELM,24250,1.0,0.0,1
ELM,24500,1.0,0.0,1
ELM,24750,1.0,0.0,1
ELM,25000,1.0,0.0,1
ELM,25250,1.0,0.0,1
ELM,25500,1.0,0.0,1
ELM,25750,1.0,0.0,1
ELM,26000,1.0,0.0,1
ELM,26250,1.0,0.0,1
ELM,26500,1.0,0.0,1
ELM,26750,1.0,0.0,1
ELM,27000,1.0,0.0,1
ELM,27250,1.0,0.0,1
ELM,27500,1.0,0.0,1
ELM,27750,1.0,0.0,1
ELM,28000,1.0,0.0,1
ELM,28250,1.0,0.0,1
HTM,250,0.5384615384615384,0.0,1
HTM,500,0.5849056603773585,0.0,1
HTM,750,0.6329113924050633,0.0,1
HTM,1000,0.66,0.0,1
HTM,1250,0.67,0.0,1
HTM,1500,0.73,0.0,1
HTM,1750,0.74,0.0,1
HTM,2000,0.76,0.0,1
HTM,2250,0.74,0.0,1
HTM,2500,0.74,0.0,1
HTM,2750,0.77,0.0,1
HTM,3000,0.84,0.0,1
HTM,3250,0.91,0.0,1
HTM,3500,0.93,0.0,1
HTM,3750,0.99,0.0,1
HTM,4000,1.0,0.0,1
HTM,4250,1.0,0.0,1
HTM,4500,1.0,0.0,1
HTM,4750,1.0,0.0,1
HTM,5000,1.0,0.0,1
HTM,5250,1.0,0.0,1
HTM,5500,1.0,0.0,1
HTM,5750,1.0,0.0,1
HTM,6000,1.0,0.0,1
HTM,6250,1.0,0.0,1
HTM,6500,1.0,0.0,1
HTM,6750,1.0,0.0,1
HTM,7000,1.0,0.0,1
HTM,7250,1.0,0.0,1
HTM,7500,1.0,0.0,1
HTM,7750,1.0,0.0,1
HTM,8000,1.0,0.0,1
HTM,8250,1.0,0.0,1
HTM,8500,1.0,0.0,1
HTM,8750,1.0,0.0,1
HTM,9000,1.0,0.0,1
HTM,9250,1.0,0.0,1
HTM,9500,1.0,0.0,1
HTM,9750,1.0,0.0,1
HTM,10000,1.0,0.0,1
HTM,10250,0.84,0.0,1
HTM,10500,0.69,0.0,1
HTM,10750,0.58,0.0,1
HTM,11000,0.49,0.0,1
HTM,11250,0.47,0.0,1
HTM,11500,0.46,0.0,1
HTM,11750,0.47,0.0,1
HTM,12000,0.5,0.0,1
HTM,12250,0.58,0.0,1
HTM,12500,0.69,0.0,1
HTM,12750,0.69,0.0,1
HTM,13000,0.76,0.0,1
HTM,13250,0.78,0.0,1
HTM,13500,0.78,0.0,1
HTM,13750,0.83,0.0,1
HTM,14000,0.86,0.0,1
HTM,14250,0.94,0.0,1
HTM,14500,0.99,0.0,1
HTM,14750,1.0,0.0,1
HTM,15000,1.0,0.0,1
HTM,15250,1.0,0.0,1
HTM,15500,1.0,0.0,1
HTM,15750,1.0,0.0,1
HTM,16000,1.0,0.0,1
HTM,16250,1.0,0.0,1
HTM,16500,1.0,0.0,1
HTM,16750,1.0,0.0,1
HTM,17000,1.0,0.0,1
HTM,17250,1.0,0.0,1
HTM,17500,1.0,0.0,1
HTM,17750,1.0,0.0,1
HTM,18000,1.0,0.0,1
HTM,18250,1.0,0.0,1
HTM,18500,1.0,0.0,1
HTM,18750,1.0,0.0,1
HTM,19000,1.0,0.0,1
HTM,19250,1.0,0.0,1
HTM,19500,1.0,0.0,1
HTM,19750,1.0,0.0,1
HTM,20000,1.0,0.0,1
HTM,20250,1.0,0.0,1
HTM,20500,1.0,0.0,1
HTM,20750,1.0,0.0,1
HTM,21000,1.0,0.0,1
HTM,21250,1.0,0.0,1
HTM,21500,1.0,0.0,1
HTM,21750,1.0,0.0,1
HTM,22000,1.0,0.0,1
HTM,22250,1.0,0.0,1
HTM,22500,1.0,0.0,1
HTM,22750,1.0,0.0,1
HTM,23000,1.0,0.0,1
HTM,23250,1.0,0.0,1
HTM,23500,1.0,0.0,1
HTM,23750,1.0,0.0,1
HTM,24000,1.0,0.0,1
HTM,24250,1.0,0.0,1
HTM,24500,1.0,0.0,1
HTM,24750,1.0,0.0,1
HTM,25000,1.0,0.0,1
HTM,25250,1.0,0.0,1
HTM,25500,1.0,0.0,1
HTM,25750,1.0,0.0,1
HTM,26000,1.0,0.0,1
HTM,26250,1.0,0.0,1
HTM,26500,1.0,0.0,1
HTM,26750,1.0,0.0,1
HTM,27000,1.0,0.0,1
HTM,27250,1.0,0.0,1
HTM,27500,1.0,0.0,1
HTM,27750,1.0,0.0,1
HTM,28000,1.0,0.0,1
HTM,28250,1.0,0.0,1
LSTM,250,0.6153846153846154,0.0,1
LSTM,500,0.5849056603773585,0.0,1
LSTM,750,0.5569620253164557,0.0,1
LSTM,1000,0.62,0.0,1
LSTM,1250,0.55,0.0,1
LSTM,1500,0.51,0.0,1
LSTM,1750,0.53,0.0,1
LSTM,2000,0.48,0.0,1
LSTM,2250,0.49,0.0,1
LSTM,2500,0.46,0.0,1
LSTM,2750,0.48,0.0,1
LSTM,3000,0.43,0.0,1
LSTM,3250,0.43,0.0,1
LSTM,3500,0.36,0.0,1
LSTM,3750,0.38,0.0,1
LSTM,4000,0.45,0.0,1
LSTM,4250,0.48,0.0,1
LSTM,4500,0.51,0.0,1
LSTM,4750,0.48,0.0,1
LSTM,5000,0.47,0.0,1
LSTM,5250,0.48,0.0,1
LSTM,5500,0.51,0.0,1
LSTM,5750,0.6,0.0,1
LSTM,6000,0.58,0.0,1
LSTM,6250,0.68,0.0,1
LSTM,6500,0.66,0.0,1
LSTM,6750,0.68,0.0,1
LSTM,7000,0.68,0.0,1
LSTM,7250,0.65,0.0,1
LSTM,7500,0.64,0.0,1
LSTM,7750,0.62,0.0,1
LSTM,8000,0.66,0.0,1
LSTM,8250,0.69,0.0,1
LSTM,8500,0.68,0.0,1
LSTM,8750,0.65,0.0,1
LSTM,9000,0.62,0.0,1
LSTM,9250,0.61,0.0,1
LSTM,9500,0.61,0.0,1
LSTM,9750,0.6,0.0,1
LSTM,10000,0.58,0.0,1
LSTM,10250,0.55,0.0,1
LSTM,10500,0.51,0.0,1
LSTM,10750,0.49,0.0,1
LSTM,11000,0.5,0.0,1
LSTM,11250,0.53,0.0,1
LSTM,11500,0.52,0.0,1
LSTM,11750,0.55,0.0,1
LSTM,12000,0.61,0.0,1
LSTM,12250,0.64,0.0,1
LSTM,12500,0.66,0.0,1
LSTM,12750,0.68,0.0,1
LSTM,13000,0.66,0.0,1
LSTM,13250,0.59,0.0,1
LSTM,13500,0.62,0.0,1
LSTM,13750,0.56,0.0,1
LSTM,14000,0.59,0.0,1
LSTM,14250,0.61,0.0,1
LSTM,14500,0.6,0.0,1
LSTM,14750,0.64,0.0,1
LSTM,15000,0.62,0.0,1
LSTM,15250,0.6,0.0,1
LSTM,15500,0.56,0.0,1
LSTM,15750,0.6,0.0,1
LSTM,16000,0.64,0.0,1
LSTM,16250,0.66,0.0,1
LSTM,16500,0.69,0.0,1
LSTM,16750,0.69,0.0,1
LSTM,17000,0.68,0.0,1
LSTM,17250,0.68,0.0,1
LSTM,17500,0.69,0.0,1
LSTM,17750,0.62,0.0,1
LSTM,18000,0.68,0.0,1
LSTM,18250,0.68,0.0,1
LSTM,18500,0.69,0.0,1
LSTM,18750,0.75,0.0,1
LSTM,19000,0.76,0.0,1
LSTM,19250,0.76,0.0,1
LSTM,19500,0.8,0.0,1
LSTM,19750,0.81,0.0,1
LSTM,20000,0.74,0.0,1
LSTM,20250,0.73,0.0,1
LSTM,20500,0.67,0.0,1
LSTM,20750,0.62,0.0,1
LSTM,21000,0.64,0.0,1
LSTM,21250,0.7,0.0,1
LSTM,21500,0.76,0.0,1
LSTM,21750,0.87,0.0,1
LSTM,22000,0.93,0.0,1
LSTM,22250,0.94,0.0,1
LSTM,22500,0.96,0.0,1
LSTM,22750,0.97,0.0,1
LSTM,23000,0.97,0.0,1
LSTM,23250,0.99,0.0,1
LSTM,23500,0.99,0.0,1
LSTM,23750,0.99,0.0,1
LSTM,24000,1.0,0.0,1
LSTM,24250,1.0,0.0,1
LSTM,24500,1.0,0.0,1
LSTM,24750,1.0,0.0,1
LSTM,25000,1.0,0.0,1
LSTM,25250,1.0,0.0,1
LSTM,25500,0.97,0.0,1
LSTM,25750,0.97,0.0,1
LSTM,26000,0.97,0.0,1
LSTM,26250,0.98,0.0,1
LSTM,26500,1.0,0.0,1
LSTM,26750,1.0,0.0,1
LSTM,27000,1.0,0.0,1
LSTM,27250,1.0,0.0,1
LSTM,27500,1.0,0.0,1
LSTM,27750,1.0,0.0,1
LSTM,28000,1.0,0.0,1
LSTM,28250,1.0,0.0,1
SNN,250,0.038461538461538464,0.0,1
SNN,500,0.37735849056603776,0.0,1
SNN,750,0.4936708860759494,0.0,1
SNN,1000,0.62,0.0,1
SNN,1250,0.74,0.0,1
SNN,1500,0.75,0.0,1
SNN,1750,0.75,0.0,1
SNN,2000,0.7,0.0,1
SNN,2250,0.7,0.0,1
SNN,2500,0.68,0.0,1
SNN,2750,0.71,0.0,1
SNN,3000,0.72,0.0,1
SNN,3250,0.74,0.0,1
SNN,3500,0.76,0.0,1
SNN,3750,0.79,0.0,1
SNN,4000,0.78,0.0,1
SNN,4250,0.8,0.0,1
SNN,4500,0.82,0.0,1
SNN,4750,0.83,0.0,1
SNN,5000,0.84,0.0,1
SNN,5250,0.83,0.0,1
SNN,5500,0.84,0.0,1
SNN,5750,0.85,0.0,1
SNN,6000,0.89,0.0,1
SNN,6250,0.88,0.0,1
SNN,6500,0.89,0.0,1
SNN,6750,0.88,0.0,1
SNN,7000,0.86,0.0,1
SNN,7250,0.88,0.0,1
SNN,7500,0.89,0.0,1
SNN,7750,0.9,0.0,1
SNN,8000,0.91,0.0,1
SNN,8250,0.93,0.0,1
SNN,8500,0.92,0.0,1
SNN,8750,0.92,0.0,1
SNN,9000,0.92,0.0,1
SNN,9250,0.9,0.0,1
SNN,9500,0.93,0.0,1
SNN,9750,0.95,0.0,1
SNN,10000,0.95,0.0,1
SNN,10250,0.72,0.0,1
SNN,10500,0.51,0.0,1
SNN,10750,0.28,0.0,1
SNN,11000,0.18,0.0,1
SNN,11250,0.25,0.0,1
SNN,11500,0.37,0.0,1
SNN,11750,0.53,0.0,1
SNN,12000,0.62,0.0,1
SNN,12250,0.7,0.0,1
SNN,12500,0.71,0.0,1
SNN,12750,0.76,0.0,1
SNN,13000,0.8,0.0,1
SNN,13250,0.9,0.0,1
SNN,13500,0.92,0.0,1
SNN,13750,0.92,0.0,1
SNN,14000,0.86,0.0,1
SNN,14250,0.83,0.0,1
SNN,14500,0.8,0.0,1
SNN,14750,0.81,0.0,1
SNN,15000,0.81,0.0,1
SNN,15250,0.82,0.0,1
SNN,15500,0.85,0.0,1
SNN,15750,0.92,0.0,1
SNN,16000,0.93,0.0,1
SNN,16250,0.93,0.0,1
SNN,16500,0.94,0.0,1
SNN,16750,0.94,0.0,1
SNN,17000,0.98,0.0,1
SNN,17250,0.99,0.0,1
SNN,17500,0.96,0.0,1
SNN,17750,0.95,0.0,1
SNN,18000,0.95,0.0,1
SNN,18250,0.95,0.0,1
SNN,18500,0.99,0.0,1
SNN,18750,0.98,0.0,1
SNN,19000,0.99,0.0,1
SNN,19250,0.99,0.0,1
SNN,19500,0.97,0.0,1
SNN,19750,0.97,0.0,1
SNN,20000,0.96,0.0,1
SNN,20250,0.95,0.0,1
SNN,20500,0.97,0.0,1
SNN,20750,0.97,0.0,1
SNN,21000,0.98,0.0,1
SNN,21250,0.99,0.0,1
SNN,21500,0.99,0.0,1
SNN,21750,0.99,0.0,1
SNN,22000,0.99,0.0,1
SNN,22250,0.99,0.0,1
SNN,22500,0.99,0.0,1
SNN,22750,1.0,0.0,1
SNN,23000,1.0,0.0,1
SNN,23250,1.0,0.0,1
SNN,23500,1.0,0.0,1
SNN,23750,1.0,0.0,1
SNN,24000,1.0,0.0,1
SNN,24250,1.0,0.0,1
SNN,24500,1.0,0.0,1
SNN,24750,1.0,0.0,1
SNN,25000,1.0,0.0,1
SNN,25250,1.0,0.0,1
SNN,25500,1.0,0.0,1
SNN,25750,1.0,0.0,1
SNN,26000,1.0,0.0,1
SNN,26250,1.0,0.0,1
SNN,26500,0.99,0.0,1
SNN,26750,0.99,0.0,1
SNN,27000,0.99,0.0,1
SNN,27250,1.0,0.0,1
SNN,27500,1.0,0.0,1
SNN,27750,0.99,0.0,1
SNN,28000,0.99,0.0,1
SNN,28250,0.99,0.0,1
TDNN,250,0.5,0.0,1
TDNN,500,0.5471698113207547,0.0,1
TDNN,750,0.569620253164557,0.0,1
TDNN,1000,0.67,0.0,1
TDNN,1250,0.71,0.0,1
TDNN,1500,0.78,0.0,1
TDNN,1750,0.86,0.0,1
TDNN,2000,0.89,0.0,1
TDNN,2250,0.92,0.0,1
TDNN,2500,0.91,0.0,1
TDNN,2750,0.86,0.0,1
TDNN,3000,0.85,0.0,1
TDNN,3250,0.85,0.0,1
TDNN,3500,0.86,0.0,1
TDNN,3750,0.91,0.0,1
TDNN,4000,0.94,0.0,1
TDNN,4250,0.96,0.0,1
TDNN,4500,0.96,0.0,1
TDNN,4750,0.98,0.0,1
TDNN,5000,0.97,0.0,1
TDNN,5250,0.95,0.0,1
TDNN,5500,0.93,0.0,1
TDNN,5750,0.91,0.0,1
TDNN,6000,0.92,0.0,1
TDNN,6250,0.92,0.0,1
TDNN,6500,0.96,0.0,1
TDNN,6750,0.98,0.0,1
TDNN,7000,0.96,0.0,1
TDNN,7250,0.98,0.0,1
TDNN,7500,0.98,0.0,1
TDNN,7750,0.96,0.0,1
TDNN,8000,0.98,0.0,1
TDNN,8250,0.98,0.0,1
TDNN,8500,0.98,0.0,1
TDNN,8750,0.98,0.0,1
TDNN,9000,0.95,0.0,1
TDNN,9250,0.92,0.0,1
TDNN,9500,0.93,0.0,1
TDNN,9750,0.94,0.0,1
TDNN,10000,0.96,0.0,1
TDNN,10250,0.86,0.0,1
TDNN,10500,0.73,0.0,1
TDNN,10750,0.67,0.0,1
TDNN,11000,0.62,0.0,1
TDNN,11250,0.66,0.0,1
TDNN,11500,0.73,0.0,1
TDNN,11750,0.75,0.0,1
TDNN,12000,0.8,0.0,1
TDNN,12250,0.83,0.0,1
TDNN,12500,0.89,0.0,1
TDNN,12750,0.88,0.0,1
TDNN,13000,0.87,0.0,1
TDNN,13250,0.86,0.0,1
TDNN,13500,0.87,0.0,1
TDNN,13750,0.88,0.0,1
TDNN,14000,0.92,0.0,1
TDNN,14250,0.95,0.0,1
TDNN,14500,0.99,0.0,1
TDNN,14750,0.94,0.0,1
TDNN,15000,0.93,0.0,1
TDNN,15250,0.93,0.0,1
TDNN,15500,0.91,0.0,1
TDNN,15750,0.93,0.0,1
TDNN,16000,0.93,0.0,1
TDNN,16250,0.94,0.0,1
TDNN,16500,0.95,0.0,1
TDNN,16750,0.97,0.0,1
TDNN,17000,0.97,0.0,1
TDNN,17250,0.98,0.0,1
TDNN,17500,0.99,0.0,1
TDNN,17750,0.98,0.0,1
TDNN,18000,0.98,0.0,1
TDNN,18250,0.98,0.0,1
TDNN,18500,0.98,0.0,1
TDNN,18750,1.0,0.0,1
TDNN,19000,1.0,0.0,1
TDNN,19250,1.0,0.0,1
TDNN,19500,1.0,0.0,1
TDNN,19750,0.98,0.0,1
TDNN,20000,0.98,0.0,1
TDNN,20250,0.98,0.0,1
TDNN,20500,0.98,0.0,1
TDNN,20750,1.0,0.0,1
TDNN,21000,1.0,0.0,1
TDNN,21250,1.0,0.0,1
TDNN,21500,1.0,0.0,1
TDNN,21750,1.0,0.0,1
TDNN,22000,1.0,0.0,1
TDNN,22250,1.0,0.0,1
TDNN,22500,1.0,0.0,1
TDNN,22750,1.0,0.0,1
TDNN,23000,0.94,0.0,1
TDNN,23250,0.92,0.0,1
TDNN,23500,0.89,0.0,1
TDNN,23750,0.9,0.0,1
TDNN,24000,0.91,0.0,1
TDNN,24250,0.94,0.0,1
TDNN,24500,0.95,0.0,1
TDNN,24750,0.96,0.0,1
TDNN,25000,0.97,0.0,1
TDNN,25250,0.98,0.0,1
TDNN,25500,0.98,0.0,1
TDNN,25750,0.99,0.0,1
TDNN,26000,0.99,0.0,1
TDNN,26250,0.98,0.0,1
TDNN,26500,0.95,0.0,1
TDNN,26750,0.94,0.0,1
TDNN,27000,0.96,0.0,1
TDNN,27250,0.96,0.0,1
TDNN,27500,0.95,0.0,1
TDNN,27750,0.96,0.0,1
TDNN,28000,0.96,0.0,1
TDNN,28250,0.99,0.0,1
