poems,title,author,goal_based,contextual,contextual_single,goal_line,contextual_line,feedback_character
1000,复合记忆试验0000,synthetic-stress,0,15,14,0,3,0
1000,复合记忆试验0001,synthetic-stress,0,15,14,0,3,0
1000,复合记忆试验0002,synthetic-stress,0,15,15,0,3,0
1000,复合记忆试验0003,synthetic-stress,0,15,14,0,3,0
1000,复合记忆试验0004,synthetic-stress,0,14,15,0,3,0
1000,复合记忆试验0005,synthetic-stress,0,15,15,0,3,0
1000,复合记忆试验0006,synthetic-stress,0,14,15,0,3,0
1000,复合记忆试验0007,synthetic-stress,0,15,15,0,3,0
1000,复合记忆试验0008,synthetic-stress,0,14,15,0,3,0
1000,复合记忆试验0009,synthetic-stress,0,15,15,0,3,0
1000,复合记忆试验0010,synthetic-stress,0,14,15,0,3,0
1000,复合记忆试验0011,synthetic-stress,0,15,15,0,3,0
1000,复合记忆试验0012,synthetic-stress,0,15,14,0,3,0
1000,复合记忆试验0013,synthetic-stress,0,15,15,0,3,0
1000,复合记忆试验0014,synthetic-stress,0,14,14,0,3,0
1000,复合记忆试验0015,synthetic-stress,0,15,13,0,3,0
1000,复合记忆试验0016,synthetic-stress,0,15,15,0,3,0
1000,复合记忆试验0017,synthetic-stress,0,15,15,0,3,0
1000,复合记忆试验0018,synthetic-stress,0,15,14,0,3,0
1000,复合记忆试验0019,synthetic-stress,0,15,15,0,3,0
1000,复合记忆试验0020,synthetic-stress,0,15,15,0,3,0
1000,复合记忆试验0021,synthetic-stress,0,15,14,0,3,0
1000,复合记忆试验0022,synthetic-stress,0,14,13,0,3,0
1000,复合记忆试验0023,synthetic-stress,0,15,15,0,3,0
1000,复合记忆试验0024,synthetic-stress,0,13,14,0,3,0
1000,复合记忆试验0025,synthetic-stress,0,15,15,0,3,0
1000,复合记忆试验0026,synthetic-stress,0,15,14,0,3,0
1000,复合记忆试验0027,synthetic-stress,0,14,15,0,3,0
1000,复合记忆试验0028,synthetic-stress,0,15,15,0,3,0
1000,复合记忆试验0029,synthetic-stress,0,15,14,0,3,0
1000,复合记忆试验0030,synthetic-stress,0,15,14,0,3,0
1000,复合记忆试验0031,synthetic-stress,0,15,15,0,3,0
1000,复合记忆试验0032,synthetic-stress,0,15,15,0,3,0
1000,复合记忆试验0033,synthetic-stress,0,15,14,0,3,0
1000,复合记忆试验0034,synthetic-stress,0,15,15,0,3,0
1000,复合记忆试验0035,synthetic-stress,0,14,14,0,3,0
1000,复合记忆试验0036,synthetic-stress,0,15,14,0,3,0
1000,复合记忆试验0037,synthetic-stress,0,15,15,0,3,0
1000,复合记忆试验0038,synthetic-stress,0,15,15,0,3,0
1000,复合记忆试验0039,synthetic-stress,0,15,15,0,3,0
1000,复合记忆试验0040,synthetic-stress,0,15,15,0,3,0
1000,复合记忆试验0041,synthetic-stress,0,15,13,0,3,0
1000,复合记忆试验0042,synthetic-stress,0,12,15,0,3,0
1000,复合记忆试验0043,synthetic-stress,0,15,14,0,3,0
1000,复合记忆试验0044,synthetic-stress,0,15,15,0,3,0
1000,复合记忆试验0045,synthetic-stress,0,14,12,0,3,0
1000,复合记忆试验0046,synthetic-stress,0,14,15,0,3,0
1000,复合记忆试验0047,synthetic-stress,0,15,14,0,3,0
1000,复合记忆试验0048,synthetic-stress,0,15,15,0,3,0
1000,复合记忆试验0049,synthetic-stress,0,14,15,0,3,0
1000,复合记忆试验0050,synthetic-stress,0,13,13,0,3,0
1000,复合记忆试验0051,synthetic-stress,0,15,14,0,3,0
1000,复合记忆试验0052,synthetic-stress,0,15,15,0,3,0
1000,复合记忆试验0053,synthetic-stress,0,15,15,0,3,0
1000,复合记忆试验0054,synthetic-stress,0,15,13,0,3,0
1000,复合记忆试验0055,synthetic-stress,0,15,14,0,3,0
1000,复合记忆试验0056,synthetic-stress,0,15,14,0,3,0
1000,复合记忆试验0057,synthetic-stress,0,15,15,0,3,0
1000,复合记忆试验0058,synthetic-stress,0,15,15,0,3,0
1000,复合记忆试验0059,synthetic-stress,0,15,15,0,3,0
1000,复合记忆试验0060,synthetic-stress,0,14,14,0,3,0
1000,复合记忆试验0061,synthetic-stress,0,15,15,0,3,0
1000,复合记忆试验0062,synthetic-stress,0,14,15,0,3,0
1000,复合记忆试验0063,synthetic-stress,0,14,15,0,3,0
1000,复合记忆试验0064,synthetic-stress,0,15,15,0,3,0
1000,复合记忆试验0065,synthetic-stress,0,15,15,0,3,0
1000,复合记忆试验0066,synthetic-stress,0,14,15,0,3,0
1000,复合记忆试验0067,synthetic-stress,0,15,15,0,3,0
1000,复合记忆试验0068,synthetic-stress,0,15,14,0,3,0
1000,复合记忆试验0069,synthetic-stress,0,14,15,0,3,0
1000,复合记忆试验0070,synthetic-stress,0,15,14,0,3,0
1000,复合记忆试验0071,synthetic-stress,0,15,14,0,3,0
1000,复合记忆试验0072,synthetic-stress,0,15,15,0,3,0
1000,复合记忆试验0073,synthetic-stress,0,15,15,0,3,0
1000,复合记忆试验0074,synthetic-stress,0,12,15,0,3,0
1000,复合记忆试验0075,synthetic-stress,0,15,15,0,3,0
1000,复合记忆试验0076,synthetic-stress,0,15,15,0,3,0
1000,复合记忆试验0077,synthetic-stress,0,15,15,0,3,0
1000,复合记忆试验0078,synthetic-stress,0,14,15,0,3,0
1000,复合记忆试验0079,synthetic-stress,0,15,15,0,3,0
1000,复合记忆试验0080,synthetic-stress,0,15,15,0,3,0
1000,复合记忆试验0081,synthetic-stress,0,15,14,0,3,0
1000,复合记忆试验0082,synthetic-stress,0,15,15,0,3,0
1000,复合记忆试验0083,synthetic-stress,0,15,15,0,3,0
1000,复合记忆试验0084,synthetic-stress,0,15,14,0,3,0
1000,复合记忆试验0085,synthetic-stress,0,15,15,0,3,0
1000,复合记忆试验0086,synthetic-stress,0,14,15,0,3,0
1000,复合记忆试验0087,synthetic-stress,0,15,13,0,3,0
1000,复合记忆试验0088,synthetic-stress,0,14,15,0,3,0
1000,复合记忆试验0089,synthetic-stress,0,15,14,0,3,0
1000,复合记忆试验0090,synthetic-stress,0,15,15,0,3,0
1000,复合记忆试验0091,synthetic-stress,0,14,15,0,3,0
1000,复合记忆试验0092,synthetic-stress,0,15,15,0,3,0
1000,复合记忆试验0093,synthetic-stress,0,14,15,0,3,0
1000,复合记忆试验0094,synthetic-stress,0,15,15,0,3,0
1000,复合记忆试验0095,synthetic-stress,0,14,14,0,3,0
1000,复合记忆试验0096,synthetic-stress,0,15,14,0,3,0
1000,复合记忆试验0097,synthetic-stress,0,14,15,0,3,0
1000,复合记忆试验0098,synthetic-stress,0,15,15,0,3,0
1000,复合记忆试验0099,synthetic-stress,0,14,15,0,3,0
1000,复合记忆试验0100,synthetic-stress,0,15,11,0,3,0
1000,复合记忆试验0101,synthetic-stress,0,15,15,0,3,0
1000,复合记忆试验0102,synthetic-stress,0,15,15,0,3,0
1000,复合记忆试验0103,synthetic-stress,0,15,15,0,3,0
1000,复合记忆试验0104,synthetic-stress,0,15,14,0,3,0
1000,复合记忆试验0105,synthetic-stress,0,15,15,0,3,0
1000,复合记忆试验0106,synthetic-stress,0,15,15,0,3,0
1000,复合记忆试验0107,synthetic-stress,0,15,15,0,3,0
1000,复合记忆试验0108,synthetic-stress,0,14,14,0,3,0
1000,复合记忆试验0109,synthetic-stress,0,15,15,0,3,0
1000,复合记忆试验0110,synthetic-stress,0,14,15,0,3,0
1000,复合记忆试验0111,synthetic-stress,0,14,13,0,3,0
1000,复合记忆试验0112,synthetic-stress,0,14,15,0,3,0
1000,复合记忆试验0113,synthetic-stress,0,14,14,0,3,0
1000,复合记忆试验0114,synthetic-stress,0,15,14,0,3,0
1000,复合记忆试验0115,synthetic-stress,0,14,13,0,3,0
1000,复合记忆试验0116,synthetic-stress,0,15,15,0,3,0
1000,复合记忆试验0117,synthetic-stress,0,15,15,0,3,0
1000,复合记忆试验0118,synthetic-stress,0,15,15,0,3,0
1000,复合记忆试验0119,synthetic-stress,0,15,15,0,3,0
1000,复合记忆试验0120,synthetic-stress,0,15,14,0,3,0
1000,复合记忆试验0121,synthetic-stress,0,15,15,0,3,0
1000,复合记忆试验0122,synthetic-stress,0,14,15,0,3,0
1000,复合记忆试验0123,synthetic-stress,0,15,15,0,3,0
1000,复合记忆试验0124,synthetic-stress,0,15,14,0,3,0
1000,复合记忆试验0125,synthetic-stress,0,15,15,0,3,0
1000,复合记忆试验0126,synthetic-stress,0,15,14,0,3,0
1000,复合记忆试验0127,synthetic-stress,0,15,15,0,3,0
1000,复合记忆试验0128,synthetic-stress,0,14,15,0,3,0
1000,复合记忆试验0129,synthetic-stress,0,15,15,0,3,0
1000,复合记忆试验0130,synthetic-stress,0,15,15,0,3,0
1000,复合记忆试验0131,synthetic-stress,0,13,15,0,3,0
1000,复合记忆试验0132,synthetic-stress,0,15,15,0,3,0
1000,复合记忆试验0133,synthetic-stress,0,15,15,0,3,0
1000,复合记忆试验0134,synthetic-stress,0,15,15,0,3,0
1000,复合记忆试验0135,synthetic-stress,0,14,15,0,3,0
1000,复合记忆试验0136,synthetic-stress,0,15,15,0,3,0
1000,复合记忆试验0137,synthetic-stress,0,15,15,0,3,0
1000,复合记忆试验0138,synthetic-stress,0,15,15,0,3,0
1000,复合记忆试验0139,synthetic-stress,0,15,15,0,3,0
1000,复合记忆试验0140,synthetic-stress,0,15,13,0,3,0
1000,复合记忆试验0141,synthetic-stress,0,15,14,0,3,0
1000,复合记忆试验0142,synthetic-stress,0,15,15,0,3,0
1000,复合记忆试验0143,synthetic-stress,0,14,14,0,3,0
1000,复合记忆试验0144,synthetic-stress,0,15,14,0,3,0
1000,复合记忆试验0145,synthetic-stress,0,15,15,0,3,0
1000,复合记忆试验0146,synthetic-stress,0,14,14,0,3,0
1000,复合记忆试验0147,synthetic-stress,0,15,14,0,3,0
1000,复合记忆试验0148,synthetic-stress,0,15,15,0,3,0
1000,复合记忆试验0149,synthetic-stress,0,15,15,0,3,0
1000,复合记忆试验0150,synthetic-stress,0,15,15,0,3,0
1000,复合记忆试验0151,synthetic-stress,0,15,14,0,3,0
1000,复合记忆试验0152,synthetic-stress,0,15,14,0,3,0
1000,复合记忆试验0153,synthetic-stress,0,15,15,0,3,0
1000,复合记忆试验0154,synthetic-stress,0,15,14,0,3,0
1000,复合记忆试验0155,synthetic-stress,0,15,15,0,3,0
1000,复合记忆试验0156,synthetic-stress,0,15,15,0,3,0
1000,复合记忆试验0157,synthetic-stress,0,15,15,0,3,0
1000,复合记忆试验0158,synthetic-stress,0,15,14,0,3,0
1000,复合记忆试验0159,synthetic-stress,0,15,14,0,3,0
1000,复合记忆试验0160,synthetic-stress,0,14,15,0,3,0
1000,复合记忆试验0161,synthetic-stress,0,15,15,0,3,0
1000,复合记忆试验0162,synthetic-stress,0,15,14,0,3,0
1000,复合记忆试验0163,synthetic-stress,0,15,15,0,3,0
1000,复合记忆试验0164,synthetic-stress,0,14,15,0,3,0
1000,复合记忆试验0165,synthetic-stress,0,15,14,0,3,0
1000,复合记忆试验0166,synthetic-stress,0,14,15,0,3,0
1000,复合记忆试验0167,synthetic-stress,0,15,14,0,3,0
1000,复合记忆试验0168,synthetic-stress,0,15,15,0,3,0
1000,复合记忆试验0169,synthetic-stress,0,14,14,0,3,0
1000,复合记忆试验0170,synthetic-stress,0,14,14,0,3,0
1000,复合记忆试验0171,synthetic-stress,0,14,14,0,3,0
1000,复合记忆试验0172,synthetic-stress,0,15,14,0,3,0
1000,复合记忆试验0173,synthetic-stress,0,15,15,0,3,0
1000,复合记忆试验0174,synthetic-stress,0,14,14,0,3,0
1000,复合记忆试验0175,synthetic-stress,0,15,15,0,3,0
1000,复合记忆试验0176,synthetic-stress,0,15,15,0,3,0
1000,复合记忆试验0177,synthetic-stress,0,15,14,0,3,0
1000,复合记忆试验0178,synthetic-stress,0,15,14,0,3,0
1000,复合记忆试验0179,synthetic-stress,0,15,13,0,3,0
1000,复合记忆试验0180,synthetic-stress,0,15,15,0,3,0
1000,复合记忆试验0181,synthetic-stress,0,15,15,0,3,0
1000,复合记忆试验0182,synthetic-stress,0,15,14,0,3,0
1000,复合记忆试验0183,synthetic-stress,0,15,15,0,3,0
1000,复合记忆试验0184,synthetic-stress,0,14,14,0,3,0
1000,复合记忆试验0185,synthetic-stress,0,15,15,0,3,0
1000,复合记忆试验0186,synthetic-stress,0,15,15,0,3,0
1000,复合记忆试验0187,synthetic-stress,0,15,14,0,3,0
1000,复合记忆试验0188,synthetic-stress,0,13,13,0,3,0
1000,复合记忆试验0189,synthetic-stress,0,15,15,0,3,0
1000,复合记忆试验0190,synthetic-stress,0,15,15,0,3,0
1000,复合记忆试验0191,synthetic-stress,0,15,15,0,3,0
1000,复合记忆试验0192,synthetic-stress,0,14,15,0,3,0
1000,复合记忆试验0193,synthetic-stress,0,14,15,0,3,0
1000,复合记忆试验0194,synthetic-stress,0,15,13,0,3,0
1000,复合记忆试验0195,synthetic-stress,0,14,15,0,3,0
1000,复合记忆试验0196,synthetic-stress,0,15,15,0,3,0
1000,复合记忆试验0197,synthetic-stress,0,15,15,0,3,0
1000,复合记忆试验0198,synthetic-stress,0,13,15,0,3,0
1000,复合记忆试验0199,synthetic-stress,0,15,15,0,3,0
1000,复合记忆试验0200,synthetic-stress,0,15,14,0,3,0
1000,复合记忆试验0201,synthetic-stress,0,15,15,0,3,0
1000,复合记忆试验0202,synthetic-stress,0,15,15,0,3,0
1000,复合记忆试验0203,synthetic-stress,0,15,14,0,3,0
1000,复合记忆试验0204,synthetic-stress,0,14,15,0,3,0
1000,复合记忆试验0205,synthetic-stress,0,15,14,0,3,0
1000,复合记忆试验0206,synthetic-stress,0,13,15,0,3,0
1000,复合记忆试验0207,synthetic-stress,0,14,15,0,3,0
1000,复合记忆试验0208,synthetic-stress,0,12,15,0,3,0
1000,复合记忆试验0209,synthetic-stress,0,15,15,0,3,0
1000,复合记忆试验0210,synthetic-stress,0,15,15,0,3,0
1000,复合记忆试验0211,synthetic-stress,0,15,15,0,3,0
1000,复合记忆试验0212,synthetic-stress,0,14,14,0,3,0
1000,复合记忆试验0213,synthetic-stress,0,14,14,0,3,0
1000,复合记忆试验0214,synthetic-stress,0,14,13,0,3,0
1000,复合记忆试验0215,synthetic-stress,0,15,14,0,3,0
1000,复合记忆试验0216,synthetic-stress,0,14,15,0,3,0
1000,复合记忆试验0217,synthetic-stress,0,13,15,0,3,0
1000,复合记忆试验0218,synthetic-stress,0,14,15,0,3,0
1000,复合记忆试验0219,synthetic-stress,0,15,15,0,3,0
1000,复合记忆试验0220,synthetic-stress,0,14,15,0,3,0
1000,复合记忆试验0221,synthetic-stress,0,14,15,0,3,0
1000,复合记忆试验0222,synthetic-stress,0,15,15,0,3,0
1000,复合记忆试验0223,synthetic-stress,0,15,15,0,3,0
1000,复合记忆试验0224,synthetic-stress,0,15,14,0,3,0
1000,复合记忆试验0225,synthetic-stress,0,14,15,0,3,0
1000,复合记忆试验0226,synthetic-stress,0,15,15,0,3,0
1000,复合记忆试验0227,synthetic-stress,0,15,14,0,3,0
1000,复合记忆试验0228,synthetic-stress,0,15,15,0,3,0
1000,复合记忆试验0229,synthetic-stress,0,13,15,0,3,0
1000,复合记忆试验0230,synthetic-stress,0,15,14,0,3,0
1000,复合记忆试验0231,synthetic-stress,0,15,15,0,3,0
1000,复合记忆试验0232,synthetic-stress,0,15,15,0,3,0
1000,复合记忆试验0233,synthetic-stress,0,15,15,0,3,0
1000,复合记忆试验0234,synthetic-stress,0,15,15,0,3,0
1000,复合记忆试验0235,synthetic-stress,0,14,14,0,3,0
1000,复合记忆试验0236,synthetic-stress,0,14,15,0,3,0
1000,复合记忆试验0237,synthetic-stress,0,15,15,0,3,0
1000,复合记忆试验0238,synthetic-stress,0,14,15,0,3,0
1000,复合记忆试验0239,synthetic-stress,0,13,15,0,3,0
1000,复合记忆试验0240,synthetic-stress,0,14,15,0,3,0
1000,复合记忆试验0241,synthetic-stress,0,15,13,0,3,0
1000,复合记忆试验0242,synthetic-stress,0,15,15,0,3,0
1000,复合记忆试验0243,synthetic-stress,0,15,15,0,3,0
1000,复合记忆试验0244,synthetic-stress,0,15,13,0,3,0
1000,复合记忆试验0245,synthetic-stress,0,15,15,0,3,0
1000,复合记忆试验0246,synthetic-stress,0,15,15,0,3,0
1000,复合记忆试验0247,synthetic-stress,0,15,14,0,3,0
1000,复合记忆试验0248,synthetic-stress,0,15,15,0,3,0
1000,复合记忆试验0249,synthetic-stress,0,14,14,0,3,0
1000,复合记忆试验0250,synthetic-stress,0,15,15,0,3,0
1000,复合记忆试验0251,synthetic-stress,0,14,14,0,3,0
1000,复合记忆试验0252,synthetic-stress,0,15,15,0,3,0
1000,复合记忆试验0253,synthetic-stress,0,12,15,0,3,0
1000,复合记忆试验0254,synthetic-stress,0,15,15,0,3,0
1000,复合记忆试验0255,synthetic-stress,0,15,15,0,3,0
1000,复合记忆试验0256,synthetic-stress,0,15,14,0,3,0
1000,复合记忆试验0257,synthetic-stress,0,12,15,0,3,0
1000,复合记忆试验0258,synthetic-stress,0,15,15,0,3,0
1000,复合记忆试验0259,synthetic-stress,0,14,14,0,3,0
1000,复合记忆试验0260,synthetic-stress,0,15,15,0,3,0
1000,复合记忆试验0261,synthetic-stress,0,15,14,0,3,0
1000,复合记忆试验0262,synthetic-stress,0,15,15,0,3,0
1000,复合记忆试验0263,synthetic-stress,0,15,15,0,3,0
1000,复合记忆试验0264,synthetic-stress,0,15,15,0,3,0
1000,复合记忆试验0265,synthetic-stress,0,15,14,0,3,0
1000,复合记忆试验0266,synthetic-stress,0,14,15,0,3,0
1000,复合记忆试验0267,synthetic-stress,0,15,15,0,3,0
1000,复合记忆试验0268,synthetic-stress,0,15,14,0,3,0
1000,复合记忆试验0269,synthetic-stress,0,14,15,0,3,0
1000,复合记忆试验0270,synthetic-stress,0,15,15,0,3,0
1000,复合记忆试验0271,synthetic-stress,0,15,13,0,3,0
1000,复合记忆试验0272,synthetic-stress,0,14,15,0,3,0
1000,复合记忆试验0273,synthetic-stress,0,14,15,0,3,0
1000,复合记忆试验0274,synthetic-stress,0,15,15,0,3,0
1000,复合记忆试验0275,synthetic-stress,0,15,15,0,3,0
1000,复合记忆试验0276,synthetic-stress,0,15,15,0,3,0
1000,复合记忆试验0277,synthetic-stress,0,14,15,0,3,0
1000,复合记忆试验0278,synthetic-stress,0,15,15,0,3,0
1000,复合记忆试验0279,synthetic-stress,0,15,15,0,3,0
1000,复合记忆试验0280,synthetic-stress,0,15,15,0,3,0
1000,复合记忆试验0281,synthetic-stress,0,13,14,0,3,0
1000,复合记忆试验0282,synthetic-stress,0,15,14,0,3,0
1000,复合记忆试验0283,synthetic-stress,0,15,15,0,3,0
1000,复合记忆试验0284,synthetic-stress,0,15,15,0,3,0
1000,复合记忆试验0285,synthetic-stress,0,14,15,0,3,0
1000,复合记忆试验0286,synthetic-stress,0,14,14,0,3,0
1000,复合记忆试验0287,synthetic-stress,0,14,14,0,3,0
1000,复合记忆试验0288,synthetic-stress,0,15,14,0,3,0
1000,复合记忆试验0289,synthetic-stress,0,14,14,0,3,0
1000,复合记忆试验0290,synthetic-stress,0,15,15,0,3,0
1000,复合记忆试验0291,synthetic-stress,0,15,15,0,3,0
1000,复合记忆试验0292,synthetic-stress,0,15,13,0,3,0
1000,复合记忆试验0293,synthetic-stress,0,14,15,0,3,0
1000,复合记忆试验0294,synthetic-stress,0,15,15,0,3,0
1000,复合记忆试验0295,synthetic-stress,0,15,15,0,3,0
1000,复合记忆试验0296,synthetic-stress,0,15,15,0,3,0
1000,复合记忆试验0297,synthetic-stress,0,14,15,0,3,0
1000,复合记忆试验0298,synthetic-stress,0,14,15,0,3,0
1000,复合记忆试验0299,synthetic-stress,0,15,14,0,3,0
1000,复合记忆试验0300,synthetic-stress,0,15,15,0,3,0
1000,复合记忆试验0301,synthetic-stress,0,15,14,0,3,0
1000,复合记忆试验0302,synthetic-stress,0,15,15,0,3,0
1000,复合记忆试验0303,synthetic-stress,0,15,15,0,3,0
1000,复合记忆试验0304,synthetic-stress,0,15,15,0,3,0
1000,复合记忆试验0305,synthetic-stress,0,15,15,0,3,0
1000,复合记忆试验0306,synthetic-stress,0,15,14,0,3,0
1000,复合记忆试验0307,synthetic-stress,0,14,13,0,3,0
1000,复合记忆试验0308,synthetic-stress,0,14,14,0,3,0
1000,复合记忆试验0309,synthetic-stress,0,15,15,0,3,0
1000,复合记忆试验0310,synthetic-stress,0,15,15,0,3,0
1000,复合记忆试验0311,synthetic-stress,0,15,15,0,3,0
1000,复合记忆试验0312,synthetic-stress,0,15,15,0,3,0
1000,复合记忆试验0313,synthetic-stress,0,15,14,0,3,0
1000,复合记忆试验0314,synthetic-stress,0,15,15,0,3,0
1000,复合记忆试验0315,synthetic-stress,0,15,14,0,3,0
1000,复合记忆试验0316,synthetic-stress,0,15,15,0,3,0
1000,复合记忆试验0317,synthetic-stress,0,15,15,0,3,0
1000,复合记忆试验0318,synthetic-stress,0,14,14,0,3,0
1000,复合记忆试验0319,synthetic-stress,0,14,15,0,3,0
1000,复合记忆试验0320,synthetic-stress,0,14,14,0,3,0
1000,复合记忆试验0321,synthetic-stress,0,15,15,0,3,0
1000,复合记忆试验0322,synthetic-stress,0,14,15,0,3,0
1000,复合记忆试验0323,synthetic-stress,0,15,15,0,3,0
1000,复合记忆试验0324,synthetic-stress,0,15,15,0,3,0
1000,复合记忆试验0325,synthetic-stress,0,14,15,0,3,0
1000,复合记忆试验0326,synthetic-stress,0,15,15,0,3,0
1000,复合记忆试验0327,synthetic-stress,0,14,14,0,3,0
1000,复合记忆试验0328,synthetic-stress,0,15,15,0,3,0
1000,复合记忆试验0329,synthetic-stress,0,15,15,0,3,0
1000,复合记忆试验0330,synthetic-stress,0,14,15,0,3,0
1000,复合记忆试验0331,synthetic-stress,0,15,14,0,3,0
1000,复合记忆试验0332,synthetic-stress,0,14,11,0,3,0
1000,复合记忆试验0333,synthetic-stress,0,15,15,0,3,0
1000,复合记忆试验0334,synthetic-stress,0,15,15,0,3,0
1000,复合记忆试验0335,synthetic-stress,0,14,15,0,3,0
1000,复合记忆试验0336,synthetic-stress,0,15,15,0,3,0
1000,复合记忆试验0337,synthetic-stress,0,15,14,0,3,0
1000,复合记忆试验0338,synthetic-stress,0,15,15,0,3,0
1000,复合记忆试验0339,synthetic-stress,0,15,15,0,3,0
1000,复合记忆试验0340,synthetic-stress,0,14,15,0,3,0
1000,复合记忆试验0341,synthetic-stress,0,14,15,0,3,0
1000,复合记忆试验0342,synthetic-stress,0,15,14,0,3,0
1000,复合记忆试验0343,synthetic-stress,0,14,15,0,3,0
1000,复合记忆试验0344,synthetic-stress,0,15,15,0,3,0
1000,复合记忆试验0345,synthetic-stress,0,15,14,0,3,0
1000,复合记忆试验0346,synthetic-stress,0,15,14,0,3,0
1000,复合记忆试验0347,synthetic-stress,0,15,14,0,3,0
1000,复合记忆试验0348,synthetic-stress,0,15,15,0,3,0
1000,复合记忆试验0349,synthetic-stress,0,15,15,0,3,0
1000,复合记忆试验0350,synthetic-stress,0,14,14,0,3,0
1000,复合记忆试验0351,synthetic-stress,0,15,15,0,3,0
1000,复合记忆试验0352,synthetic-stress,0,15,15,0,3,0
1000,复合记忆试验0353,synthetic-stress,0,15,15,0,3,0
1000,复合记忆试验0354,synthetic-stress,0,14,15,0,3,0
1000,复合记忆试验0355,synthetic-stress,0,14,15,0,3,0
1000,复合记忆试验0356,synthetic-stress,0,15,15,0,3,0
1000,复合记忆试验0357,synthetic-stress,0,14,14,0,3,0
1000,复合记忆试验0358,synthetic-stress,0,15,14,0,3,0
1000,复合记忆试验0359,synthetic-stress,0,15,15,0,3,0
1000,复合记忆试验0360,synthetic-stress,0,13,15,0,3,0
1000,复合记忆试验0361,synthetic-stress,0,15,15,0,3,0
1000,复合记忆试验0362,synthetic-stress,0,15,14,0,3,0
1000,复合记忆试验0363,synthetic-stress,0,14,13,0,3,0
1000,复合记忆试验0364,synthetic-stress,0,14,15,0,3,0
1000,复合记忆试验0365,synthetic-stress,0,14,13,0,3,0
1000,复合记忆试验0366,synthetic-stress,0,15,14,0,3,0
1000,复合记忆试验0367,synthetic-stress,0,15,14,0,3,0
1000,复合记忆试验0368,synthetic-stress,0,15,15,0,3,0
1000,复合记忆试验0369,synthetic-stress,0,15,15,0,3,0
1000,复合记忆试验0370,synthetic-stress,0,13,14,0,3,0
1000,复合记忆试验0371,synthetic-stress,0,15,15,0,3,0
1000,复合记忆试验0372,synthetic-stress,0,15,14,0,3,0
1000,复合记忆试验0373,synthetic-stress,0,14,14,0,3,0
1000,复合记忆试验0374,synthetic-stress,0,15,15,0,3,0
1000,复合记忆试验0375,synthetic-stress,0,15,15,0,3,0
1000,复合记忆试验0376,synthetic-stress,0,15,15,0,3,0
1000,复合记忆试验0377,synthetic-stress,0,14,15,0,3,0
1000,复合记忆试验0378,synthetic-stress,0,15,15,0,3,0
1000,复合记忆试验0379,synthetic-stress,0,14,14,0,3,0
1000,复合记忆试验0380,synthetic-stress,0,15,14,0,3,0
1000,复合记忆试验0381,synthetic-stress,0,15,13,0,3,0
1000,复合记忆试验0382,synthetic-stress,0,14,15,0,3,0
1000,复合记忆试验0383,synthetic-stress,0,14,14,0,3,0
1000,复合记忆试验0384,synthetic-stress,0,15,15,0,3,0
1000,复合记忆试验0385,synthetic-stress,0,14,15,0,3,0
1000,复合记忆试验0386,synthetic-stress,0,15,15,0,3,0
1000,复合记忆试验0387,synthetic-stress,0,13,14,0,3,0
1000,复合记忆试验0388,synthetic-stress,0,14,14,0,3,0
1000,复合记忆试验0389,synthetic-stress,0,14,15,0,3,0
1000,复合记忆试验0390,synthetic-stress,0,14,14,0,3,0
1000,复合记忆试验0391,synthetic-stress,0,15,15,0,3,0
1000,复合记忆试验0392,synthetic-stress,0,15,14,0,3,0
1000,复合记忆试验0393,synthetic-stress,0,14,15,0,3,0
1000,复合记忆试验0394,synthetic-stress,0,15,15,0,3,0
1000,复合记忆试验0395,synthetic-stress,0,15,15,0,3,0
1000,复合记忆试验0396,synthetic-stress,0,14,14,0,3,0
1000,复合记忆试验0397,synthetic-stress,0,15,14,0,3,0
1000,复合记忆试验0398,synthetic-stress,0,15,15,0,3,0
1000,复合记忆试验0399,synthetic-stress,0,15,14,0,3,0
1000,复合记忆试验0400,synthetic-stress,0,15,15,0,3,0
1000,复合记忆试验0401,synthetic-stress,0,15,15,0,3,0
1000,复合记忆试验0402,synthetic-stress,0,15,14,0,3,0
1000,复合记忆试验0403,synthetic-stress,0,15,15,0,3,0
1000,复合记忆试验0404,synthetic-stress,0,15,15,0,3,0
1000,复合记忆试验0405,synthetic-stress,0,13,15,0,3,0
1000,复合记忆试验0406,synthetic-stress,0,15,14,0,3,0
1000,复合记忆试验0407,synthetic-stress,0,14,15,0,3,0
1000,复合记忆试验0408,synthetic-stress,0,13,15,0,3,0
1000,复合记忆试验0409,synthetic-stress,0,15,15,0,3,0
1000,复合记忆试验0410,synthetic-stress,0,15,15,0,3,0
1000,复合记忆试验0411,synthetic-stress,0,15,14,0,3,0
1000,复合记忆试验0412,synthetic-stress,0,15,14,0,3,0
1000,复合记忆试验0413,synthetic-stress,0,15,14,0,3,0
1000,复合记忆试验0414,synthetic-stress,0,14,13,0,3,0
1000,复合记忆试验0415,synthetic-stress,0,14,15,0,3,0
1000,复合记忆试验0416,synthetic-stress,0,15,15,0,3,0
1000,复合记忆试验0417,synthetic-stress,0,15,14,0,3,0
1000,复合记忆试验0418,synthetic-stress,0,15,14,0,3,0
1000,复合记忆试验0419,synthetic-stress,0,14,14,0,3,0
1000,复合记忆试验0420,synthetic-stress,0,14,14,0,3,0
1000,复合记忆试验0421,synthetic-stress,0,14,15,0,3,0
1000,复合记忆试验0422,synthetic-stress,0,15,15,0,3,0
1000,复合记忆试验0423,synthetic-stress,0,14,15,0,3,0
1000,复合记忆试验0424,synthetic-stress,0,14,15,0,3,0
1000,复合记忆试验0425,synthetic-stress,0,15,15,0,3,0
1000,复合记忆试验0426,synthetic-stress,5,15,13,0,3,5
1000,复合记忆试验0427,synthetic-stress,0,15,15,0,3,0
1000,复合记忆试验0428,synthetic-stress,0,14,15,0,3,0
1000,复合记忆试验0429,synthetic-stress,0,13,15,0,3,0
1000,复合记忆试验0430,synthetic-stress,0,15,14,0,3,0
1000,复合记忆试验0431,synthetic-stress,0,14,15,0,3,0
1000,复合记忆试验0432,synthetic-stress,0,13,15,0,3,0
1000,复合记忆试验0433,synthetic-stress,0,15,15,0,3,0
1000,复合记忆试验0434,synthetic-stress,0,14,15,0,3,0
1000,复合记忆试验0435,synthetic-stress,0,14,15,0,3,0
1000,复合记忆试验0436,synthetic-stress,0,15,15,0,3,0
1000,复合记忆试验0437,synthetic-stress,0,14,15,0,3,0
1000,复合记忆试验0438,synthetic-stress,0,15,14,0,3,0
1000,复合记忆试验0439,synthetic-stress,0,14,15,0,3,0
1000,复合记忆试验0440,synthetic-stress,0,15,14,0,3,0
1000,复合记忆试验0441,synthetic-stress,0,15,11,0,3,0
1000,复合记忆试验0442,synthetic-stress,0,14,15,0,3,0
1000,复合记忆试验0443,synthetic-stress,0,14,15,0,3,0
1000,复合记忆试验0444,synthetic-stress,0,15,15,0,3,0
1000,复合记忆试验0445,synthetic-stress,0,15,15,0,3,0
1000,复合记忆试验0446,synthetic-stress,0,15,15,0,3,0
1000,复合记忆试验0447,synthetic-stress,0,15,15,0,3,0
1000,复合记忆试验0448,synthetic-stress,0,15,15,0,3,0
1000,复合记忆试验0449,synthetic-stress,0,15,13,0,3,0
1000,复合记忆试验0450,synthetic-stress,0,15,15,0,3,0
1000,复合记忆试验0451,synthetic-stress,0,15,13,0,3,0
1000,复合记忆试验0452,synthetic-stress,0,15,15,0,3,0
1000,复合记忆试验0453,synthetic-stress,0,14,15,0,3,0
1000,复合记忆试验0454,synthetic-stress,0,14,15,0,3,0
1000,复合记忆试验0455,synthetic-stress,0,14,14,0,3,0
1000,复合记忆试验0456,synthetic-stress,0,15,13,0,3,0
1000,复合记忆试验0457,synthetic-stress,0,15,15,0,3,0
1000,复合记忆试验0458,synthetic-stress,0,14,13,0,3,0
1000,复合记忆试验0459,synthetic-stress,0,15,15,0,3,0
1000,复合记忆试验0460,synthetic-stress,0,15,14,0,3,0
1000,复合记忆试验0461,synthetic-stress,0,14,13,0,3,0
1000,复合记忆试验0462,synthetic-stress,0,14,15,0,3,0
1000,复合记忆试验0463,synthetic-stress,0,15,15,0,3,0
1000,复合记忆试验0464,synthetic-stress,5,15,15,0,3,5
1000,复合记忆试验0465,synthetic-stress,0,15,14,0,3,0
1000,复合记忆试验0466,synthetic-stress,0,15,14,0,3,0
1000,复合记忆试验0467,synthetic-stress,0,15,15,0,3,0
1000,复合记忆试验0468,synthetic-stress,0,15,13,0,3,0
1000,复合记忆试验0469,synthetic-stress,0,15,14,0,3,0
1000,复合记忆试验0470,synthetic-stress,0,15,15,0,3,0
1000,复合记忆试验0471,synthetic-stress,0,15,15,0,3,0
1000,复合记忆试验0472,synthetic-stress,0,15,14,0,3,0
1000,复合记忆试验0473,synthetic-stress,0,14,15,0,3,0
1000,复合记忆试验0474,synthetic-stress,0,14,15,0,3,0
1000,复合记忆试验0475,synthetic-stress,0,14,15,0,3,0
1000,复合记忆试验0476,synthetic-stress,0,15,15,0,3,0
1000,复合记忆试验0477,synthetic-stress,0,15,15,0,3,0
1000,复合记忆试验0478,synthetic-stress,0,14,15,0,3,0
1000,复合记忆试验0479,synthetic-stress,0,15,15,0,3,0
1000,复合记忆试验0480,synthetic-stress,0,15,14,0,3,0
1000,复合记忆试验0481,synthetic-stress,0,15,15,0,3,0
1000,复合记忆试验0482,synthetic-stress,0,14,14,0,3,0
1000,复合记忆试验0483,synthetic-stress,0,15,15,0,3,0
1000,复合记忆试验0484,synthetic-stress,0,15,15,0,3,0
1000,复合记忆试验0485,synthetic-stress,0,15,15,0,3,0
1000,复合记忆试验0486,synthetic-stress,0,15,15,0,3,0
1000,复合记忆试验0487,synthetic-stress,0,15,15,0,3,0
1000,复合记忆试验0488,synthetic-stress,0,15,15,0,3,0
1000,复合记忆试验0489,synthetic-stress,0,15,14,0,3,0
1000,复合记忆试验0490,synthetic-stress,0,14,15,0,3,0
1000,复合记忆试验0491,synthetic-stress,0,15,14,0,3,0
1000,复合记忆试验0492,synthetic-stress,0,15,13,0,3,0
1000,复合记忆试验0493,synthetic-stress,0,15,15,0,3,0
1000,复合记忆试验0494,synthetic-stress,0,15,14,0,3,0
1000,复合记忆试验0495,synthetic-stress,0,15,15,0,3,0
1000,复合记忆试验0496,synthetic-stress,0,15,13,0,3,0
1000,复合记忆试验0497,synthetic-stress,0,15,15,0,3,0
1000,复合记忆试验0498,synthetic-stress,0,15,14,0,3,0
1000,复合记忆试验0499,synthetic-stress,0,14,15,0,3,0
1000,复合记忆试验0500,synthetic-stress,0,15,14,0,3,0
1000,复合记忆试验0501,synthetic-stress,0,15,13,0,3,0
1000,复合记忆试验0502,synthetic-stress,0,15,15,0,3,0
1000,复合记忆试验0503,synthetic-stress,0,15,15,0,3,0
1000,复合记忆试验0504,synthetic-stress,0,14,14,0,3,0
1000,复合记忆试验0505,synthetic-stress,0,15,15,0,3,0
1000,复合记忆试验0506,synthetic-stress,0,15,15,0,3,0
1000,复合记忆试验0507,synthetic-stress,0,15,14,0,3,0
1000,复合记忆试验0508,synthetic-stress,0,15,15,0,3,0
1000,复合记忆试验0509,synthetic-stress,0,14,15,0,3,0
1000,复合记忆试验0510,synthetic-stress,0,15,15,0,3,0
1000,复合记忆试验0511,synthetic-stress,0,12,13,0,3,0
1000,复合记忆试验0512,synthetic-stress,0,15,15,0,3,0
1000,复合记忆试验0513,synthetic-stress,0,15,13,0,3,0
1000,复合记忆试验0514,synthetic-stress,0,15,15,0,3,0
1000,复合记忆试验0515,synthetic-stress,0,15,15,0,3,0
1000,复合记忆试验0516,synthetic-stress,0,14,14,0,3,0
1000,复合记忆试验0517,synthetic-stress,0,15,15,0,3,0
1000,复合记忆试验0518,synthetic-stress,0,15,13,0,3,0
1000,复合记忆试验0519,synthetic-stress,0,15,15,0,3,0
1000,复合记忆试验0520,synthetic-stress,0,14,15,0,3,0
1000,复合记忆试验0521,synthetic-stress,0,15,15,0,3,0
1000,复合记忆试验0522,synthetic-stress,0,15,14,0,3,0
1000,复合记忆试验0523,synthetic-stress,0,15,14,0,3,0
1000,复合记忆试验0524,synthetic-stress,0,15,15,0,3,0
1000,复合记忆试验0525,synthetic-stress,0,15,15,0,3,0
1000,复合记忆试验0526,synthetic-stress,0,14,14,0,3,0
1000,复合记忆试验0527,synthetic-stress,0,15,15,0,3,0
1000,复合记忆试验0528,synthetic-stress,0,15,15,0,3,0
1000,复合记忆试验0529,synthetic-stress,0,15,15,0,3,0
1000,复合记忆试验0530,synthetic-stress,0,13,15,0,3,0
1000,复合记忆试验0531,synthetic-stress,0,15,15,0,3,0
1000,复合记忆试验0532,synthetic-stress,0,15,14,0,3,0
1000,复合记忆试验0533,synthetic-stress,0,15,15,0,3,0
1000,复合记忆试验0534,synthetic-stress,0,15,14,0,3,0
1000,复合记忆试验0535,synthetic-stress,2,15,15,0,3,2
1000,复合记忆试验0536,synthetic-stress,0,15,14,0,3,0
1000,复合记忆试验0537,synthetic-stress,0,14,14,0,3,0
1000,复合记忆试验0538,synthetic-stress,0,15,15,0,3,0
1000,复合记忆试验0539,synthetic-stress,0,14,15,0,3,0
1000,复合记忆试验0540,synthetic-stress,0,15,15,0,3,0
1000,复合记忆试验0541,synthetic-stress,0,15,15,0,3,0
1000,复合记忆试验0542,synthetic-stress,0,14,15,0,3,0
1000,复合记忆试验0543,synthetic-stress,0,14,15,0,3,0
1000,复合记忆试验0544,synthetic-stress,0,14,13,0,3,0
1000,复合记忆试验0545,synthetic-stress,0,15,15,0,3,0
1000,复合记忆试验0546,synthetic-stress,0,15,15,0,3,0
1000,复合记忆试验0547,synthetic-stress,0,15,15,0,3,0
1000,复合记忆试验0548,synthetic-stress,0,15,15,0,3,0
1000,复合记忆试验0549,synthetic-stress,0,15,15,0,3,0
1000,复合记忆试验0550,synthetic-stress,0,14,15,0,3,0
1000,复合记忆试验0551,synthetic-stress,0,13,15,0,3,0
1000,复合记忆试验0552,synthetic-stress,0,15,15,0,3,0
1000,复合记忆试验0553,synthetic-stress,0,15,14,0,3,0
1000,复合记忆试验0554,synthetic-stress,0,15,15,0,3,0
1000,复合记忆试验0555,synthetic-stress,0,15,15,0,3,0
1000,复合记忆试验0556,synthetic-stress,0,15,14,0,3,0
1000,复合记忆试验0557,synthetic-stress,0,15,15,0,3,0
1000,复合记忆试验0558,synthetic-stress,0,13,15,0,3,0
1000,复合记忆试验0559,synthetic-stress,0,15,15,0,3,0
1000,复合记忆试验0560,synthetic-stress,0,14,15,0,3,0
1000,复合记忆试验0561,synthetic-stress,0,14,14,0,3,0
1000,复合记忆试验0562,synthetic-stress,0,15,15,0,3,0
1000,复合记忆试验0563,synthetic-stress,0,15,15,0,3,0
1000,复合记忆试验0564,synthetic-stress,0,14,15,0,3,0
1000,复合记忆试验0565,synthetic-stress,0,14,14,0,3,0
1000,复合记忆试验0566,synthetic-stress,0,14,14,0,3,0
1000,复合记忆试验0567,synthetic-stress,0,15,15,0,3,0
1000,复合记忆试验0568,synthetic-stress,0,15,14,0,3,0
1000,复合记忆试验0569,synthetic-stress,0,14,14,0,3,0
1000,复合记忆试验0570,synthetic-stress,0,15,15,0,3,0
1000,复合记忆试验0571,synthetic-stress,0,14,15,0,3,0
1000,复合记忆试验0572,synthetic-stress,0,15,15,0,3,0
1000,复合记忆试验0573,synthetic-stress,0,14,14,0,3,0
1000,复合记忆试验0574,synthetic-stress,0,15,15,0,3,0
1000,复合记忆试验0575,synthetic-stress,0,15,15,0,3,0
1000,复合记忆试验0576,synthetic-stress,0,15,14,0,3,0
1000,复合记忆试验0577,synthetic-stress,0,15,15,0,3,0
1000,复合记忆试验0578,synthetic-stress,0,13,12,0,3,0
1000,复合记忆试验0579,synthetic-stress,0,15,14,0,3,0
1000,复合记忆试验0580,synthetic-stress,0,15,15,0,3,0
1000,复合记忆试验0581,synthetic-stress,0,15,13,0,3,0
1000,复合记忆试验0582,synthetic-stress,0,14,14,0,3,0
1000,复合记忆试验0583,synthetic-stress,0,15,15,0,3,0
1000,复合记忆试验0584,synthetic-stress,0,15,14,0,3,0
1000,复合记忆试验0585,synthetic-stress,0,15,15,0,3,0
1000,复合记忆试验0586,synthetic-stress,0,15,15,0,3,0
1000,复合记忆试验0587,synthetic-stress,0,14,15,0,3,0
1000,复合记忆试验0588,synthetic-stress,0,15,15,0,3,0
1000,复合记忆试验0589,synthetic-stress,0,15,15,0,3,0
1000,复合记忆试验0590,synthetic-stress,0,14,15,0,3,0
1000,复合记忆试验0591,synthetic-stress,0,15,15,0,3,0
1000,复合记忆试验0592,synthetic-stress,0,15,15,0,3,0
1000,复合记忆试验0593,synthetic-stress,0,14,14,0,3,0
1000,复合记忆试验0594,synthetic-stress,0,15,15,0,3,0
1000,复合记忆试验0595,synthetic-stress,0,15,14,0,3,0
1000,复合记忆试验0596,synthetic-stress,0,13,15,0,3,0
1000,复合记忆试验0597,synthetic-stress,2,15,13,0,3,2
1000,复合记忆试验0598,synthetic-stress,0,15,14,0,3,0
1000,复合记忆试验0599,synthetic-stress,0,15,15,0,3,0
1000,复合记忆试验0600,synthetic-stress,0,14,15,0,3,0
1000,复合记忆试验0601,synthetic-stress,0,15,14,0,3,0
1000,复合记忆试验0602,synthetic-stress,0,15,15,0,3,0
1000,复合记忆试验0603,synthetic-stress,0,15,14,0,3,0
1000,复合记忆试验0604,synthetic-stress,0,14,14,0,3,0
1000,复合记忆试验0605,synthetic-stress,0,15,14,0,3,0
1000,复合记忆试验0606,synthetic-stress,0,14,14,0,3,0
1000,复合记忆试验0607,synthetic-stress,0,15,15,0,3,0
1000,复合记忆试验0608,synthetic-stress,0,15,14,0,3,0
1000,复合记忆试验0609,synthetic-stress,0,15,15,0,3,0
1000,复合记忆试验0610,synthetic-stress,0,15,14,0,3,0
1000,复合记忆试验0611,synthetic-stress,0,15,15,0,3,0
1000,复合记忆试验0612,synthetic-stress,0,15,15,0,3,0
1000,复合记忆试验0613,synthetic-stress,0,14,15,0,3,0
1000,复合记忆试验0614,synthetic-stress,0,15,15,0,3,0
1000,复合记忆试验0615,synthetic-stress,0,15,15,0,3,0
1000,复合记忆试验0616,synthetic-stress,0,15,15,0,3,0
1000,复合记忆试验0617,synthetic-stress,0,15,15,0,3,0
1000,复合记忆试验0618,synthetic-stress,0,15,15,0,3,0
1000,复合记忆试验0619,synthetic-stress,0,15,13,0,3,0
1000,复合记忆试验0620,synthetic-stress,0,15,15,0,3,0
1000,复合记忆试验0621,synthetic-stress,0,15,15,0,3,0
1000,复合记忆试验0622,synthetic-stress,0,13,14,0,3,0
1000,复合记忆试验0623,synthetic-stress,0,15,14,0,3,0
1000,复合记忆试验0624,synthetic-stress,0,14,14,0,3,0
1000,复合记忆试验0625,synthetic-stress,0,15,14,0,3,0
1000,复合记忆试验0626,synthetic-stress,0,15,15,0,3,0
1000,复合记忆试验0627,synthetic-stress,0,15,14,0,3,0
1000,复合记忆试验0628,synthetic-stress,0,15,13,0,3,0
1000,复合记忆试验0629,synthetic-stress,0,14,14,0,3,0
1000,复合记忆试验0630,synthetic-stress,0,14,15,0,3,0
1000,复合记忆试验0631,synthetic-stress,0,14,15,0,3,0
1000,复合记忆试验0632,synthetic-stress,0,14,15,0,3,0
1000,复合记忆试验0633,synthetic-stress,0,13,14,0,3,0
1000,复合记忆试验0634,synthetic-stress,0,14,13,0,3,0
1000,复合记忆试验0635,synthetic-stress,0,15,14,0,3,0
1000,复合记忆试验0636,synthetic-stress,0,13,15,0,3,0
1000,复合记忆试验0637,synthetic-stress,0,15,15,0,3,0
1000,复合记忆试验0638,synthetic-stress,0,14,14,0,3,0
1000,复合记忆试验0639,synthetic-stress,5,15,15,0,3,5
1000,复合记忆试验0640,synthetic-stress,0,15,15,0,3,0
1000,复合记忆试验0641,synthetic-stress,0,15,15,0,3,0
1000,复合记忆试验0642,synthetic-stress,0,15,15,0,3,0
1000,复合记忆试验0643,synthetic-stress,0,14,14,0,3,0
1000,复合记忆试验0644,synthetic-stress,0,14,15,0,3,0
1000,复合记忆试验0645,synthetic-stress,0,14,14,0,3,0
1000,复合记忆试验0646,synthetic-stress,0,15,15,0,3,0
1000,复合记忆试验0647,synthetic-stress,0,15,15,0,3,0
1000,复合记忆试验0648,synthetic-stress,0,15,15,0,3,0
1000,复合记忆试验0649,synthetic-stress,0,15,15,0,3,0
1000,复合记忆试验0650,synthetic-stress,0,14,15,0,3,0
1000,复合记忆试验0651,synthetic-stress,0,14,14,0,3,0
1000,复合记忆试验0652,synthetic-stress,0,15,15,0,3,0
1000,复合记忆试验0653,synthetic-stress,0,14,15,0,3,0
1000,复合记忆试验0654,synthetic-stress,0,15,15,0,3,0
1000,复合记忆试验0655,synthetic-stress,0,14,15,0,3,0
1000,复合记忆试验0656,synthetic-stress,0,14,14,0,3,0
1000,复合记忆试验0657,synthetic-stress,0,14,14,0,3,0
1000,复合记忆试验0658,synthetic-stress,0,13,14,0,3,0
1000,复合记忆试验0659,synthetic-stress,0,15,15,0,3,0
1000,复合记忆试验0660,synthetic-stress,0,15,15,0,3,0
1000,复合记忆试验0661,synthetic-stress,0,14,15,0,3,0
1000,复合记忆试验0662,synthetic-stress,0,15,14,0,3,0
1000,复合记忆试验0663,synthetic-stress,0,13,15,0,3,0
1000,复合记忆试验0664,synthetic-stress,0,14,14,0,3,0
1000,复合记忆试验0665,synthetic-stress,0,15,15,0,3,0
1000,复合记忆试验0666,synthetic-stress,0,14,13,0,3,0
1000,复合记忆试验0667,synthetic-stress,0,14,15,0,3,0
1000,复合记忆试验0668,synthetic-stress,0,15,14,0,3,0
1000,复合记忆试验0669,synthetic-stress,0,15,15,0,3,0
1000,复合记忆试验0670,synthetic-stress,0,15,15,0,3,0
1000,复合记忆试验0671,synthetic-stress,0,15,15,0,3,0
1000,复合记忆试验0672,synthetic-stress,0,15,15,0,3,0
1000,复合记忆试验0673,synthetic-stress,0,14,15,0,3,0
1000,复合记忆试验0674,synthetic-stress,0,14,15,0,3,0
1000,复合记忆试验0675,synthetic-stress,0,14,15,0,3,0
1000,复合记忆试验0676,synthetic-stress,0,14,15,0,3,0
1000,复合记忆试验0677,synthetic-stress,0,14,14,0,3,0
1000,复合记忆试验0678,synthetic-stress,0,15,14,0,3,0
1000,复合记忆试验0679,synthetic-stress,0,15,15,0,3,0
1000,复合记忆试验0680,synthetic-stress,0,14,15,0,3,0
1000,复合记忆试验0681,synthetic-stress,0,15,14,0,3,0
1000,复合记忆试验0682,synthetic-stress,0,14,15,0,3,0
1000,复合记忆试验0683,synthetic-stress,0,14,15,0,3,0
1000,复合记忆试验0684,synthetic-stress,0,15,15,0,3,0
1000,复合记忆试验0685,synthetic-stress,0,15,14,0,3,0
1000,复合记忆试验0686,synthetic-stress,0,14,15,0,3,0
1000,复合记忆试验0687,synthetic-stress,0,15,14,0,3,0
1000,复合记忆试验0688,synthetic-stress,0,14,15,0,3,0
1000,复合记忆试验0689,synthetic-stress,0,15,14,0,3,0
1000,复合记忆试验0690,synthetic-stress,0,15,14,0,3,0
1000,复合记忆试验0691,synthetic-stress,0,13,14,0,3,0
1000,复合记忆试验0692,synthetic-stress,0,15,14,0,3,0
1000,复合记忆试验0693,synthetic-stress,0,15,15,0,3,0
1000,复合记忆试验0694,synthetic-stress,0,14,10,0,3,0
1000,复合记忆试验0695,synthetic-stress,0,15,15,0,3,0
1000,复合记忆试验0696,synthetic-stress,0,12,15,0,3,0
1000,复合记忆试验0697,synthetic-stress,0,14,15,0,3,0
1000,复合记忆试验0698,synthetic-stress,0,15,15,0,3,0
1000,复合记忆试验0699,synthetic-stress,0,14,15,0,3,0
1000,复合记忆试验0700,synthetic-stress,0,13,13,0,3,0
1000,复合记忆试验0701,synthetic-stress,0,14,14,0,3,0
1000,复合记忆试验0702,synthetic-stress,0,15,15,0,3,0
1000,复合记忆试验0703,synthetic-stress,0,15,15,0,3,0
1000,复合记忆试验0704,synthetic-stress,0,15,15,0,3,0
1000,复合记忆试验0705,synthetic-stress,0,15,15,0,3,0
1000,复合记忆试验0706,synthetic-stress,0,13,15,0,3,0
1000,复合记忆试验0707,synthetic-stress,0,15,14,0,3,0
1000,复合记忆试验0708,synthetic-stress,0,15,15,0,3,0
1000,复合记忆试验0709,synthetic-stress,0,15,13,0,3,0
1000,复合记忆试验0710,synthetic-stress,0,13,13,0,3,0
1000,复合记忆试验0711,synthetic-stress,0,15,15,0,3,0
1000,复合记忆试验0712,synthetic-stress,0,14,15,0,3,0
1000,复合记忆试验0713,synthetic-stress,0,15,14,0,3,0
1000,复合记忆试验0714,synthetic-stress,0,14,15,0,3,0
1000,复合记忆试验0715,synthetic-stress,0,15,14,0,3,0
1000,复合记忆试验0716,synthetic-stress,0,14,15,0,3,0
1000,复合记忆试验0717,synthetic-stress,0,15,15,0,3,0
1000,复合记忆试验0718,synthetic-stress,0,15,15,0,3,0
1000,复合记忆试验0719,synthetic-stress,0,14,15,0,3,0
1000,复合记忆试验0720,synthetic-stress,0,14,14,0,3,0
1000,复合记忆试验0721,synthetic-stress,0,15,14,0,3,0
1000,复合记忆试验0722,synthetic-stress,0,15,15,0,3,0
1000,复合记忆试验0723,synthetic-stress,0,15,15,0,3,0
1000,复合记忆试验0724,synthetic-stress,0,15,13,0,3,0
1000,复合记忆试验0725,synthetic-stress,0,15,15,0,3,0
1000,复合记忆试验0726,synthetic-stress,0,14,15,0,3,0
1000,复合记忆试验0727,synthetic-stress,0,15,15,0,3,0
1000,复合记忆试验0728,synthetic-stress,0,15,14,0,3,0
1000,复合记忆试验0729,synthetic-stress,0,15,15,0,3,0
1000,复合记忆试验0730,synthetic-stress,0,15,15,0,3,0
1000,复合记忆试验0731,synthetic-stress,0,15,15,0,3,0
1000,复合记忆试验0732,synthetic-stress,0,15,15,0,3,0
1000,复合记忆试验0733,synthetic-stress,0,15,13,0,3,0
1000,复合记忆试验0734,synthetic-stress,0,14,15,0,3,0
1000,复合记忆试验0735,synthetic-stress,0,14,14,0,3,0
1000,复合记忆试验0736,synthetic-stress,0,15,14,0,3,0
1000,复合记忆试验0737,synthetic-stress,0,14,15,0,3,0
1000,复合记忆试验0738,synthetic-stress,0,13,15,0,3,0
1000,复合记忆试验0739,synthetic-stress,0,14,15,0,3,0
1000,复合记忆试验0740,synthetic-stress,0,15,15,0,3,0
1000,复合记忆试验0741,synthetic-stress,0,14,15,0,3,0
1000,复合记忆试验0742,synthetic-stress,0,14,14,0,3,0
1000,复合记忆试验0743,synthetic-stress,0,15,12,0,3,0
1000,复合记忆试验0744,synthetic-stress,0,15,15,0,3,0
1000,复合记忆试验0745,synthetic-stress,0,15,15,0,3,0
1000,复合记忆试验0746,synthetic-stress,0,15,15,0,3,0
1000,复合记忆试验0747,synthetic-stress,0,15,15,0,3,0
1000,复合记忆试验0748,synthetic-stress,0,14,15,0,3,0
1000,复合记忆试验0749,synthetic-stress,0,14,15,0,3,0
1000,复合记忆试验0750,synthetic-stress,0,14,14,0,3,0
1000,复合记忆试验0751,synthetic-stress,0,14,15,0,3,0
1000,复合记忆试验0752,synthetic-stress,0,15,14,0,3,0
1000,复合记忆试验0753,synthetic-stress,0,15,14,0,3,0
1000,复合记忆试验0754,synthetic-stress,0,15,15,0,3,0
1000,复合记忆试验0755,synthetic-stress,0,14,13,0,3,0
1000,复合记忆试验0756,synthetic-stress,0,15,14,0,3,0
1000,复合记忆试验0757,synthetic-stress,0,15,15,0,3,0
1000,复合记忆试验0758,synthetic-stress,0,15,15,0,3,0
1000,复合记忆试验0759,synthetic-stress,0,15,14,0,3,0
1000,复合记忆试验0760,synthetic-stress,0,15,15,0,3,0
1000,复合记忆试验0761,synthetic-stress,0,15,15,0,3,0
1000,复合记忆试验0762,synthetic-stress,0,15,14,0,3,0
1000,复合记忆试验0763,synthetic-stress,0,15,14,0,3,0
1000,复合记忆试验0764,synthetic-stress,0,13,15,0,3,0
1000,复合记忆试验0765,synthetic-stress,0,15,15,0,3,0
1000,复合记忆试验0766,synthetic-stress,0,14,15,0,3,0
1000,复合记忆试验0767,synthetic-stress,0,15,13,0,3,0
1000,复合记忆试验0768,synthetic-stress,0,14,15,0,3,0
1000,复合记忆试验0769,synthetic-stress,0,15,15,0,3,0
1000,复合记忆试验0770,synthetic-stress,0,13,13,0,3,0
1000,复合记忆试验0771,synthetic-stress,0,14,15,0,3,0
1000,复合记忆试验0772,synthetic-stress,0,15,15,0,3,0
1000,复合记忆试验0773,synthetic-stress,0,15,14,0,3,0
1000,复合记忆试验0774,synthetic-stress,0,14,15,0,3,0
1000,复合记忆试验0775,synthetic-stress,0,15,15,0,3,0
1000,复合记忆试验0776,synthetic-stress,0,15,15,0,3,0
1000,复合记忆试验0777,synthetic-stress,0,14,15,0,3,0
1000,复合记忆试验0778,synthetic-stress,0,15,15,0,3,0
1000,复合记忆试验0779,synthetic-stress,0,15,14,0,3,0
1000,复合记忆试验0780,synthetic-stress,0,15,15,0,3,0
1000,复合记忆试验0781,synthetic-stress,0,15,15,0,3,0
1000,复合记忆试验0782,synthetic-stress,0,15,14,0,3,0
1000,复合记忆试验0783,synthetic-stress,0,14,15,0,3,0
1000,复合记忆试验0784,synthetic-stress,0,15,15,0,3,0
1000,复合记忆试验0785,synthetic-stress,0,14,15,0,3,0
1000,复合记忆试验0786,synthetic-stress,0,15,15,0,3,0
1000,复合记忆试验0787,synthetic-stress,0,15,15,0,3,0
1000,复合记忆试验0788,synthetic-stress,0,15,15,0,3,0
1000,复合记忆试验0789,synthetic-stress,0,15,15,0,3,0
1000,复合记忆试验0790,synthetic-stress,0,15,15,0,3,0
1000,复合记忆试验0791,synthetic-stress,0,15,15,0,3,0
1000,复合记忆试验0792,synthetic-stress,0,14,14,0,3,0
1000,复合记忆试验0793,synthetic-stress,0,15,15,0,3,0
1000,复合记忆试验0794,synthetic-stress,0,13,15,0,3,0
1000,复合记忆试验0795,synthetic-stress,0,15,15,0,3,0
1000,复合记忆试验0796,synthetic-stress,0,14,15,0,3,0
1000,复合记忆试验0797,synthetic-stress,0,15,15,0,3,0
1000,复合记忆试验0798,synthetic-stress,0,13,13,0,3,0
1000,复合记忆试验0799,synthetic-stress,0,15,15,0,3,0
1000,复合记忆试验0800,synthetic-stress,0,15,14,0,3,0
1000,复合记忆试验0801,synthetic-stress,0,15,15,0,3,0
1000,复合记忆试验0802,synthetic-stress,0,15,14,0,3,0
1000,复合记忆试验0803,synthetic-stress,0,15,15,0,3,0
1000,复合记忆试验0804,synthetic-stress,0,15,15,0,3,0
1000,复合记忆试验0805,synthetic-stress,0,15,15,0,3,0
1000,复合记忆试验0806,synthetic-stress,0,14,14,0,3,0
1000,复合记忆试验0807,synthetic-stress,0,15,15,0,3,0
1000,复合记忆试验0808,synthetic-stress,0,14,15,0,3,0
1000,复合记忆试验0809,synthetic-stress,0,15,15,0,3,0
1000,复合记忆试验0810,synthetic-stress,0,15,15,0,3,0
1000,复合记忆试验0811,synthetic-stress,0,15,15,0,3,0
1000,复合记忆试验0812,synthetic-stress,0,15,15,0,3,0
1000,复合记忆试验0813,synthetic-stress,0,13,14,0,3,0
1000,复合记忆试验0814,synthetic-stress,0,13,14,0,3,0
1000,复合记忆试验0815,synthetic-stress,0,14,15,0,3,0
1000,复合记忆试验0816,synthetic-stress,0,15,15,0,3,0
1000,复合记忆试验0817,synthetic-stress,0,14,15,0,3,0
1000,复合记忆试验0818,synthetic-stress,0,15,15,0,3,0
1000,复合记忆试验0819,synthetic-stress,0,15,14,0,3,0
1000,复合记忆试验0820,synthetic-stress,0,15,14,0,3,0
1000,复合记忆试验0821,synthetic-stress,0,14,14,0,3,0
1000,复合记忆试验0822,synthetic-stress,0,14,14,0,3,0
1000,复合记忆试验0823,synthetic-stress,0,14,15,0,3,0
1000,复合记忆试验0824,synthetic-stress,0,14,14,0,3,0
1000,复合记忆试验0825,synthetic-stress,0,15,15,0,3,0
1000,复合记忆试验0826,synthetic-stress,0,15,15,0,3,0
1000,复合记忆试验0827,synthetic-stress,0,15,14,0,3,0
1000,复合记忆试验0828,synthetic-stress,2,15,15,0,3,2
1000,复合记忆试验0829,synthetic-stress,0,15,15,0,3,0
1000,复合记忆试验0830,synthetic-stress,0,15,15,0,3,0
1000,复合记忆试验0831,synthetic-stress,0,13,13,0,3,0
1000,复合记忆试验0832,synthetic-stress,0,15,14,0,3,0
1000,复合记忆试验0833,synthetic-stress,0,15,15,0,3,0
1000,复合记忆试验0834,synthetic-stress,0,15,15,0,3,0
1000,复合记忆试验0835,synthetic-stress,0,14,14,0,3,0
1000,复合记忆试验0836,synthetic-stress,0,15,13,0,3,0
1000,复合记忆试验0837,synthetic-stress,0,15,15,0,3,0
1000,复合记忆试验0838,synthetic-stress,0,13,15,0,3,0
1000,复合记忆试验0839,synthetic-stress,0,15,14,0,3,0
1000,复合记忆试验0840,synthetic-stress,0,14,15,0,3,0
1000,复合记忆试验0841,synthetic-stress,0,14,15,0,3,0
1000,复合记忆试验0842,synthetic-stress,0,15,14,0,3,0
1000,复合记忆试验0843,synthetic-stress,0,15,15,0,3,0
1000,复合记忆试验0844,synthetic-stress,0,15,15,0,3,0
1000,复合记忆试验0845,synthetic-stress,0,15,14,0,3,0
1000,复合记忆试验0846,synthetic-stress,0,15,14,0,3,0
1000,复合记忆试验0847,synthetic-stress,0,15,15,0,3,0
1000,复合记忆试验0848,synthetic-stress,0,14,15,0,3,0
1000,复合记忆试验0849,synthetic-stress,0,15,15,0,3,0
1000,复合记忆试验0850,synthetic-stress,0,15,14,0,3,0
1000,复合记忆试验0851,synthetic-stress,0,15,15,0,3,0
1000,复合记忆试验0852,synthetic-stress,0,15,13,0,3,0
1000,复合记忆试验0853,synthetic-stress,0,15,15,0,3,0
1000,复合记忆试验0854,synthetic-stress,0,15,13,0,3,0
1000,复合记忆试验0855,synthetic-stress,0,14,15,0,3,0
1000,复合记忆试验0856,synthetic-stress,0,15,14,0,3,0
1000,复合记忆试验0857,synthetic-stress,0,15,15,0,3,0
1000,复合记忆试验0858,synthetic-stress,0,15,15,0,3,0
1000,复合记忆试验0859,synthetic-stress,0,15,15,0,3,0
1000,复合记忆试验0860,synthetic-stress,0,15,15,0,3,0
1000,复合记忆试验0861,synthetic-stress,0,15,15,0,3,0
1000,复合记忆试验0862,synthetic-stress,0,15,14,0,3,0
1000,复合记忆试验0863,synthetic-stress,0,15,15,0,3,0
1000,复合记忆试验0864,synthetic-stress,0,14,14,0,3,0
1000,复合记忆试验0865,synthetic-stress,0,14,14,0,3,0
1000,复合记忆试验0866,synthetic-stress,0,15,15,0,3,0
1000,复合记忆试验0867,synthetic-stress,0,14,15,0,3,0
1000,复合记忆试验0868,synthetic-stress,0,14,15,0,3,0
1000,复合记忆试验0869,synthetic-stress,0,15,15,0,3,0
1000,复合记忆试验0870,synthetic-stress,0,14,15,0,3,0
1000,复合记忆试验0871,synthetic-stress,0,15,12,0,3,0
1000,复合记忆试验0872,synthetic-stress,0,15,13,0,3,0
1000,复合记忆试验0873,synthetic-stress,0,15,14,0,3,0
1000,复合记忆试验0874,synthetic-stress,0,15,15,0,3,0
1000,复合记忆试验0875,synthetic-stress,0,15,13,0,3,0
1000,复合记忆试验0876,synthetic-stress,0,15,15,0,3,0
1000,复合记忆试验0877,synthetic-stress,0,15,13,0,3,0
1000,复合记忆试验0878,synthetic-stress,0,15,15,0,3,0
1000,复合记忆试验0879,synthetic-stress,0,15,15,0,3,0
1000,复合记忆试验0880,synthetic-stress,0,15,15,0,3,0
1000,复合记忆试验0881,synthetic-stress,0,15,15,0,3,0
1000,复合记忆试验0882,synthetic-stress,0,15,14,0,3,0
1000,复合记忆试验0883,synthetic-stress,0,15,15,0,3,0
1000,复合记忆试验0884,synthetic-stress,0,15,15,0,3,0
1000,复合记忆试验0885,synthetic-stress,0,15,15,0,3,0
1000,复合记忆试验0886,synthetic-stress,0,15,15,0,3,0
1000,复合记忆试验0887,synthetic-stress,0,15,15,0,3,0
1000,复合记忆试验0888,synthetic-stress,0,15,14,0,3,0
1000,复合记忆试验0889,synthetic-stress,0,14,14,0,3,0
1000,复合记忆试验0890,synthetic-stress,0,14,14,0,3,0
1000,复合记忆试验0891,synthetic-stress,0,15,15,0,3,0
1000,复合记忆试验0892,synthetic-stress,0,15,15,0,3,0
1000,复合记忆试验0893,synthetic-stress,0,14,14,0,3,0
1000,复合记忆试验0894,synthetic-stress,0,15,15,0,3,0
1000,复合记忆试验0895,synthetic-stress,0,15,15,0,3,0
1000,复合记忆试验0896,synthetic-stress,0,15,15,0,3,0
1000,复合记忆试验0897,synthetic-stress,0,14,15,0,3,0
1000,复合记忆试验0898,synthetic-stress,0,15,15,0,3,0
1000,复合记忆试验0899,synthetic-stress,0,15,10,0,3,0
1000,复合记忆试验0900,synthetic-stress,0,15,15,0,3,0
1000,复合记忆试验0901,synthetic-stress,0,15,14,0,3,0
1000,复合记忆试验0902,synthetic-stress,0,15,15,0,3,0
1000,复合记忆试验0903,synthetic-stress,0,13,15,0,3,0
1000,复合记忆试验0904,synthetic-stress,0,15,15,0,3,0
1000,复合记忆试验0905,synthetic-stress,0,15,15,0,3,0
1000,复合记忆试验0906,synthetic-stress,0,14,13,0,3,0
1000,复合记忆试验0907,synthetic-stress,0,15,15,0,3,0
1000,复合记忆试验0908,synthetic-stress,0,14,14,0,3,0
1000,复合记忆试验0909,synthetic-stress,0,14,11,0,3,0
1000,复合记忆试验0910,synthetic-stress,0,15,12,0,3,0
1000,复合记忆试验0911,synthetic-stress,0,14,13,0,3,0
1000,复合记忆试验0912,synthetic-stress,0,14,14,0,3,0
1000,复合记忆试验0913,synthetic-stress,0,15,15,0,3,0
1000,复合记忆试验0914,synthetic-stress,0,15,15,0,3,0
1000,复合记忆试验0915,synthetic-stress,0,15,14,0,3,0
1000,复合记忆试验0916,synthetic-stress,0,15,15,0,3,0
1000,复合记忆试验0917,synthetic-stress,0,15,15,0,3,0
1000,复合记忆试验0918,synthetic-stress,0,15,15,0,3,0
1000,复合记忆试验0919,synthetic-stress,0,15,13,0,3,0
1000,复合记忆试验0920,synthetic-stress,0,0,14,0,0,0
1000,复合记忆试验0921,synthetic-stress,0,0,14,0,0,0
1000,复合记忆试验0922,synthetic-stress,0,0,12,0,0,0
1000,复合记忆试验0923,synthetic-stress,0,0,13,0,0,0
1000,复合记忆试验0924,synthetic-stress,0,0,10,0,0,0
1000,复合记忆试验0925,synthetic-stress,0,0,14,0,0,0
1000,复合记忆试验0926,synthetic-stress,0,0,15,0,0,0
1000,复合记忆试验0927,synthetic-stress,0,0,13,0,0,0
1000,复合记忆试验0928,synthetic-stress,0,0,12,0,0,0
1000,复合记忆试验0929,synthetic-stress,0,0,14,0,0,0
1000,复合记忆试验0930,synthetic-stress,0,0,9,0,0,0
1000,复合记忆试验0931,synthetic-stress,0,0,14,0,0,0
1000,复合记忆试验0932,synthetic-stress,0,0,12,0,0,0
1000,复合记忆试验0933,synthetic-stress,0,0,12,0,0,0
1000,复合记忆试验0934,synthetic-stress,0,0,15,0,0,0
1000,复合记忆试验0935,synthetic-stress,0,0,12,0,0,0
1000,复合记忆试验0936,synthetic-stress,0,0,15,0,0,0
1000,复合记忆试验0937,synthetic-stress,0,0,15,0,0,0
1000,复合记忆试验0938,synthetic-stress,0,0,12,0,0,0
1000,复合记忆试验0939,synthetic-stress,0,0,12,0,0,0
1000,复合记忆试验0940,synthetic-stress,0,0,14,0,0,0
1000,复合记忆试验0941,synthetic-stress,0,0,12,0,0,0
1000,复合记忆试验0942,synthetic-stress,0,0,14,0,0,0
1000,复合记忆试验0943,synthetic-stress,0,0,12,0,0,0
1000,复合记忆试验0944,synthetic-stress,0,0,12,0,0,0
1000,复合记忆试验0945,synthetic-stress,0,0,14,0,0,0
1000,复合记忆试验0946,synthetic-stress,0,0,15,0,0,0
1000,复合记忆试验0947,synthetic-stress,0,0,9,0,0,0
1000,复合记忆试验0948,synthetic-stress,0,0,12,0,0,0
1000,复合记忆试验0949,synthetic-stress,0,0,15,0,0,0
1000,复合记忆试验0950,synthetic-stress,0,0,13,0,0,0
1000,复合记忆试验0951,synthetic-stress,0,0,13,0,0,0
1000,复合记忆试验0952,synthetic-stress,0,0,13,0,0,0
1000,复合记忆试验0953,synthetic-stress,0,0,12,0,0,0
1000,复合记忆试验0954,synthetic-stress,0,0,13,0,0,0
1000,复合记忆试验0955,synthetic-stress,0,0,13,0,0,0
1000,复合记忆试验0956,synthetic-stress,0,0,13,0,0,0
1000,复合记忆试验0957,synthetic-stress,0,0,13,0,0,0
1000,复合记忆试验0958,synthetic-stress,0,0,14,0,0,0
1000,复合记忆试验0959,synthetic-stress,0,0,14,0,0,0
1000,复合记忆试验0960,synthetic-stress,0,0,15,0,0,0
1000,复合记忆试验0961,synthetic-stress,0,0,13,0,0,0
1000,复合记忆试验0962,synthetic-stress,0,0,14,0,0,0
1000,复合记忆试验0963,synthetic-stress,0,0,7,0,0,0
1000,复合记忆试验0964,synthetic-stress,0,0,13,0,0,0
1000,复合记忆试验0965,synthetic-stress,0,0,15,0,0,0
1000,复合记忆试验0966,synthetic-stress,0,0,15,0,0,0
1000,复合记忆试验0967,synthetic-stress,0,0,11,0,0,0
1000,复合记忆试验0968,synthetic-stress,0,0,15,0,0,0
1000,复合记忆试验0969,synthetic-stress,0,0,2,0,0,0
1000,复合记忆试验0970,synthetic-stress,0,0,12,0,0,0
1000,复合记忆试验0971,synthetic-stress,0,0,11,0,0,0
1000,复合记忆试验0972,synthetic-stress,0,0,12,0,0,0
1000,复合记忆试验0973,synthetic-stress,0,0,15,0,0,0
1000,复合记忆试验0974,synthetic-stress,0,0,13,0,0,0
1000,复合记忆试验0975,synthetic-stress,0,0,13,0,0,0
1000,复合记忆试验0976,synthetic-stress,0,0,15,0,0,0
1000,复合记忆试验0977,synthetic-stress,0,0,13,0,0,0
1000,复合记忆试验0978,synthetic-stress,0,0,15,0,0,0
1000,复合记忆试验0979,synthetic-stress,0,0,15,0,0,0
1000,复合记忆试验0980,synthetic-stress,0,0,12,0,0,0
1000,复合记忆试验0981,synthetic-stress,0,0,14,0,0,0
1000,复合记忆试验0982,synthetic-stress,0,0,6,0,0,0
1000,复合记忆试验0983,synthetic-stress,0,0,12,0,0,0
1000,复合记忆试验0984,synthetic-stress,0,0,6,0,0,0
1000,复合记忆试验0985,synthetic-stress,0,0,13,0,0,0
1000,复合记忆试验0986,synthetic-stress,0,0,6,0,0,0
1000,复合记忆试验0987,synthetic-stress,0,0,11,0,0,0
1000,复合记忆试验0988,synthetic-stress,0,0,12,0,0,0
1000,复合记忆试验0989,synthetic-stress,0,0,15,0,0,0
1000,复合记忆试验0990,synthetic-stress,0,0,14,0,0,0
1000,复合记忆试验0991,synthetic-stress,0,0,6,0,0,0
1000,复合记忆试验0992,synthetic-stress,0,0,15,0,0,0
1000,复合记忆试验0993,synthetic-stress,0,0,11,0,0,0
1000,复合记忆试验0994,synthetic-stress,0,0,14,0,0,0
1000,复合记忆试验0995,synthetic-stress,0,0,15,0,0,0
1000,复合记忆试验0996,synthetic-stress,0,0,11,0,0,0
1000,复合记忆试验0997,synthetic-stress,0,0,9,0,0,0
1000,复合记忆试验0998,synthetic-stress,0,0,12,0,0,0
1000,复合记忆试验0999,synthetic-stress,0,0,11,0,0,0
