input_index,input_timestamp,target_timestamp,target,prediction,absolute_percentage_error,rolling_mape
501,2014-07-11 10:00:00,2014-07-11 12:30:00,17124.0,16424.116424116422,4.087150057717692,4.087150057717692
502,2014-07-11 10:30:00,2014-07-11 13:00:00,17124.0,16576.57657657658,3.1968198050888863,3.6419849314032895
503,2014-07-11 11:00:00,2014-07-11 13:30:00,17489.0,17255.717255717256,1.3338826935945098,2.8726175188003626
504,2014-07-11 11:30:00,2014-07-11 14:00:00,18371.0,14656.964656964657,20.21683818537555,7.20867268544416
505,2014-07-11 12:00:00,2014-07-11 14:30:00,18381.0,17858.627858627857,2.8419136139064425,6.3353208711366165
506,2014-07-11 12:30:00,2014-07-11 15:00:00,17898.0,13935.253935253935,22.14071999522888,8.969554058485327
507,2014-07-11 13:00:00,2014-07-11 15:30:00,16350.0,12487.872487872488,23.621574997721787,11.06269990694768
508,2014-07-11 13:30:00,2014-07-11 16:00:00,14688.0,11569.64656964657,21.230619760031527,12.333689888583159
509,2014-07-11 14:00:00,2014-07-11 16:30:00,14227.0,16346.153846153846,14.895296592070329,12.61831285563729
510,2014-07-11 14:30:00,2014-07-11 17:00:00,16924.0,16514.206514206515,2.421374886513148,11.598619058724875
511,2014-07-11 15:00:00,2014-07-11 17:30:00,19952.0,17178.49717849718,13.900876210419115,11.807915163424353
512,2014-07-11 15:30:00,2014-07-11 18:00:00,22665.0,17311.157311157313,23.62163110012216,12.792391491482503
513,2014-07-11 16:00:00,2014-07-11 18:30:00,23465.0,17089.397089397087,27.170692139795065,13.898414618275776
514,2014-07-11 16:30:00,2014-07-11 19:00:00,25111.0,12349.272349272349,50.82126418990741,16.535761016249463
515,2014-07-11 17:00:00,2014-07-11 19:30:00,23984.0,14400.5544005544,39.95766177220481,18.09722106664649
516,2014-07-11 17:30:00,2014-07-11 20:00:00,21701.0,9504.009504009504,56.20473939445416,20.478940962134466
517,2014-07-11 18:00:00,2014-07-11 20:30:00,20592.0,14237.006237006237,30.86146932300779,21.08967792453878
518,2014-07-11 18:30:00,2014-07-11 21:00:00,22630.0,3492.7234927234927,84.56595893626384,24.61613798074573
519,2014-07-11 19:00:00,2014-07-11 21:30:00,22854.0,12291.06029106029,46.21921636886194,25.753142106436055
520,2014-07-11 19:30:00,2014-07-11 22:00:00,23892.0,10374.220374220375,56.57868586045382,27.29441929413694
521,2014-07-11 20:00:00,2014-07-11 22:30:00,24959.0,17359.667359667357,30.447264074412608,27.444554759864353
522,2014-07-11 20:30:00,2014-07-11 23:00:00,26039.0,9688.149688149688,62.793695271901036,29.05133387404784
523,2014-07-11 21:00:00,2014-07-11 23:30:00,26873.0,12359.667359667359,54.00711733089957,30.13636793738922
524,2014-07-11 21:30:00,2014-07-12 00:00:00,25871.0,9397.089397089396,63.67713116195974,31.533899738412995
525,2014-07-11 22:00:00,2014-07-12 00:30:00,24874.0,13347.193347193348,46.3407841634102,32.12617511541288
526,2014-07-11 22:30:00,2014-07-12 01:00:00,23243.0,11923.076923076924,48.702504310644386,32.7637262383064
527,2014-07-11 23:00:00,2014-07-12 01:30:00,21674.0,12981.28898128898,40.106630150000086,33.035685642443205
528,2014-07-11 23:30:00,2014-07-12 02:00:00,19221.0,16091.47609147609,16.281795476426357,32.437332422228316
529,2014-07-12 00:00:00,2014-07-12 02:30:00,16140.0,16055.093555093556,0.5260622360994079,31.336943795120423
530,2014-07-12 00:30:00,2014-07-12 03:00:00,13371.0,11975.051975051974,10.440116856989198,30.640382897182715
531,2014-07-12 01:00:00,2014-07-12 03:30:00,12041.0,12340.03234003234,2.4834510425408154,29.732094772839428
532,2014-07-12 01:30:00,2014-07-12 04:00:00,10301.0,14537.422037422037,41.12631819650555,30.088164254828992
533,2014-07-12 02:00:00,2014-07-12 04:30:00,6472.0,11683.991683991684,80.53139190345618,31.616746910848
534,2014-07-12 02:30:00,2014-07-12 05:00:00,4507.0,15925.155925155925,253.3427096773003,38.13809875692012
535,2014-07-12 03:00:00,2014-07-12 05:30:00,3682.0,14807.692307692307,302.164375548406,45.68170666524829
536,2014-07-12 03:30:00,2014-07-12 06:00:00,3422.0,14814.968814968815,332.9330454403511,53.66091052011226
537,2014-07-12 04:00:00,2014-07-12 06:30:00,4554.0,14767.844767844768,224.28293297858514,58.27231653250342
538,2014-07-12 04:30:00,2014-07-12 07:00:00,5347.0,15277.695277695278,185.72461712540263,61.62632444284287
539,2014-07-12 05:00:00,2014-07-12 07:30:00,6853.0,13929.31392931393,103.25863022492237,62.693819462896194
540,2014-07-12 05:30:00,2014-07-12 08:00:00,7107.0,14419.034419034419,102.88496438770817,63.69859808601649
541,2014-07-12 06:00:00,2014-07-12 08:30:00,9463.0,13790.71379071379,45.733000007542955,63.26041276702933
542,2014-07-12 06:30:00,2014-07-12 09:00:00,11022.0,13341.995841995842,21.048773743384523,62.255373742656836
543,2014-07-12 07:00:00,2014-07-12 09:30:00,13393.0,13832.293832293833,3.2800256275205966,60.88385401904902
544,2014-07-12 07:30:00,2014-07-12 10:00:00,13567.0,13638.253638253638,0.5251981886462608,59.512066386539864
545,2014-07-12 08:00:00,2014-07-12 10:30:00,15452.0,14864.864864864865,3.799735536727511,58.27401458987736
546,2014-07-12 08:30:00,2014-07-12 11:00:00,15525.0,12583.160083160083,18.949049383831998,57.41912404191986
547,2014-07-12 09:00:00,2014-07-12 11:30:00,17165.0,14277.074277074278,16.824501735658153,56.55540867370153
548,2014-07-12 09:30:00,2014-07-12 12:00:00,17263.0,12474.012474012474,27.741340010354666,55.95511557654847
549,2014-07-12 10:00:00,2014-07-12 12:30:00,18418.0,14224.532224532226,22.7683123871635,55.277833878805914
550,2014-07-12 10:30:00,2014-07-12 13:00:00,18578.0,13846.153846153846,25.4701590798049,54.681680382825895
551,2014-07-12 11:00:00,2014-07-12 13:30:00,18762.0,16138.253638253638,13.984363936394638,53.883693785837046
552,2014-07-12 11:30:00,2014-07-12 14:00:00,18076.0,15661.815661815663,13.355744291792085,53.1043101417208
553,2014-07-12 12:00:00,2014-07-12 14:30:00,18604.0,16458.76645876646,11.531033870315746,52.31990870263768
554,2014-07-12 12:30:00,2014-07-12 15:00:00,18580.0,14261.954261954263,23.240289225219254,51.78139723083364
555,2014-07-12 13:00:00,2014-07-12 15:30:00,19306.0,13331.600831600832,30.945815644872933,51.402568474725264
556,2014-07-12 13:30:00,2014-07-12 16:00:00,18140.0,15322.245322245322,15.533377495891278,50.762047207246084
557,2014-07-12 14:00:00,2014-07-12 16:30:00,17455.0,12723.492723492722,27.10688786311818,50.34704441173506
558,2014-07-12 14:30:00,2014-07-12 17:00:00,18980.0,14315.414315414315,24.57632078285398,49.902721590547465
559,2014-07-12 15:00:00,2014-07-12 17:30:00,21152.0,17592.515592515592,16.828122198772732,49.3421351601784
560,2014-07-12 15:30:00,2014-07-12 18:00:00,22483.0,17073.804573804573,24.059046507118385,48.92075034929407
561,2014-07-12 16:00:00,2014-07-12 18:30:00,22534.0,14594.594594594595,35.233005260519235,48.69636108554366
562,2014-07-12 16:30:00,2014-07-12 19:00:00,22801.0,13413.028413028413,41.17350812232616,48.57502474742725
563,2014-07-12 17:00:00,2014-07-12 19:30:00,22117.0,12906.444906444905,41.64468550687297,48.46501936265655
564,2014-07-12 17:30:00,2014-07-12 20:00:00,19864.0,17553.707553707554,11.630549971266841,47.88948077841608
565,2014-07-12 18:00:00,2014-07-12 20:30:00,19494.0,13044.253044253044,33.085805661982945,47.66173193047096
566,2014-07-12 18:30:00,2014-07-12 21:00:00,20607.0,15525.987525987526,24.656730596459813,47.31317130419806
567,2014-07-12 19:00:00,2014-07-12 21:30:00,20627.0,13749.133749133749,33.343996949950316,47.10467616458242
568,2014-07-12 19:30:00,2014-07-12 22:00:00,21706.0,15022.869022869021,30.789325426752875,46.86474453608493
569,2014-07-12 20:00:00,2014-07-12 22:30:00,24243.0,13434.973434973435,44.582050757029094,46.831662017547885
570,2014-07-12 20:30:00,2014-07-12 23:00:00,25204.0,14261.954261954263,43.41392532155902,46.78283720760519
571,2014-07-12 21:00:00,2014-07-12 23:30:00,25752.0,15962.115962115964,38.016014437263266,46.65936083055812
572,2014-07-12 21:30:00,2014-07-13 00:00:00,25792.0,15184.275184275186,41.1279653215137,46.5825358929325
573,2014-07-12 22:00:00,2014-07-13 00:30:00,25033.0,13174.933174933174,47.36973924446461,46.59331950048774
574,2014-07-12 22:30:00,2014-07-13 01:00:00,23935.0,14381.496881496882,39.91436439733912,46.50306335044519
575,2014-07-12 23:00:00,2014-07-13 01:30:00,21440.0,14311.094311094312,33.250492951985485,46.32636241179906
576,2014-07-12 23:30:00,2014-07-13 02:00:00,19468.0,12615.384615384615,35.19938044285692,46.17995475431297
577,2014-07-13 00:00:00,2014-07-13 02:30:00,16622.0,12907.632907632908,22.346090075605176,45.87042404419989
578,2014-07-13 00:30:00,2014-07-13 03:00:00,14485.0,15291.859907244523,5.570313477697777,45.35375596001396
579,2014-07-13 01:00:00,2014-07-13 03:30:00,12974.0,15351.351351351352,18.323966019356803,45.01160672025881
580,2014-07-13 01:30:00,2014-07-13 04:00:00,11191.0,24989.60498960499,123.30091135381103,45.990223028178214
581,2014-07-13 02:00:00,2014-07-13 04:30:00,6911.0,17671.51767151767,155.70131198839056,47.344680916575896
582,2014-07-13 02:30:00,2014-07-13 05:00:00,4410.0,12307.692307692309,179.08599337170767,48.95128228797994
583,2014-07-13 03:00:00,2014-07-13 05:30:00,3467.0,16891.891891891893,387.2192642599335,53.026800143063724
584,2014-07-13 03:30:00,2014-07-13 06:00:00,3429.0,2536.3825363825363,26.03142209441422,52.705426594865514
585,2014-07-13 04:00:00,2014-07-13 06:30:00,3599.0,18137.214137214138,403.9514903365973,56.83773322712118
586,2014-07-13 04:30:00,2014-07-13 07:00:00,3575.0,14885.654885654885,316.3819548434933,59.85568929242784
587,2014-07-13 05:00:00,2014-07-13 07:30:00,4557.0,17359.667359667357,280.94508140591086,62.39694667304258
588,2014-07-13 05:30:00,2014-07-13 08:00:00,5243.0,14521.829521829522,176.97557737611143,63.69897656739563
589,2014-07-13 06:00:00,2014-07-13 08:30:00,6588.0,15187.110187110187,130.52686987113216,64.4498517730556
590,2014-07-13 06:30:00,2014-07-13 09:00:00,8009.0,9365.904365904367,16.942244548687317,63.921989470562615
591,2014-07-13 07:00:00,2014-07-13 09:30:00,10743.0,11548.85654885655,7.501224507647298,63.30198106437674
592,2014-07-13 07:30:00,2014-07-13 10:00:00,13524.0,14864.864864864865,9.914706187998116,62.72168459832914
593,2014-07-13 08:00:00,2014-07-13 10:30:00,16179.0,12293.832293832294,24.013645504466936,62.305469124201586
594,2014-07-13 08:30:00,2014-07-13 11:00:00,14905.0,12910.60291060291,13.38072518884328,61.78499312488927
595,2014-07-13 09:00:00,2014-07-13 11:30:00,16916.0,15072.765072765073,10.896399427967175,61.24932371755325
596,2014-07-13 09:30:00,2014-07-13 12:00:00,17082.0,14331.25433125433,16.10318269959999,60.7790514152829
597,2014-07-13 10:00:00,2014-07-13 12:30:00,18606.0,17546.777546777546,5.692907950244296,60.211153029045384
598,2014-07-13 10:30:00,2014-07-13 13:00:00,18935.0,16465.696465696466,13.040948161096031,59.72982440794386
599,2014-07-13 11:00:00,2014-07-13 13:30:00,20175.0,16195.426195426197,19.72527288512418,59.325738028925485
600,2014-07-13 11:30:00,2014-07-13 14:00:00,22219.0,17858.627858627857,19.62452019160243,58.928725850552254
601,2014-07-13 12:00:00,2014-07-13 14:30:00,22868.0,17616.07761607762,22.966251460216817,58.57266174767765
602,2014-07-13 12:30:00,2014-07-13 15:00:00,20375.0,14688.149688149688,27.91092177595245,58.2720564538372
603,2014-07-13 13:00:00,2014-07-13 15:30:00,18489.0,17031.185031185032,7.884769153631717,57.782859489757534
604,2014-07-13 13:30:00,2014-07-13 16:00:00,16187.0,14677.754677754678,9.323811220394898,57.31690710255213
605,2014-07-13 14:00:00,2014-07-13 16:30:00,14015.0,12133.056133056132,13.428068975696524,56.89891816801064
606,2014-07-13 14:30:00,2014-07-13 17:00:00,14261.0,14102.031025107948,1.11471127474968,56.37265206524403
607,2014-07-13 15:00:00,2014-07-13 17:30:00,20081.0,14015.67247721094,30.204310157806187,56.12808812218386
608,2014-07-13 15:30:00,2014-07-13 18:00:00,21503.0,12448.024948024948,42.11028717841721,55.998293669000844
609,2014-07-13 16:00:00,2014-07-13 18:30:00,19850.0,15255.717255717256,23.145001230643544,55.69688731635536
610,2014-07-13 16:30:00,2014-07-13 19:00:00,18383.0,14611.226611226612,20.517725011006846,55.3770767499431
611,2014-07-13 17:00:00,2014-07-13 19:30:00,17640.0,15351.351351351352,12.9741986884844,54.99506883947951
612,2014-07-13 17:30:00,2014-07-13 20:00:00,16225.0,18108.10810810811,11.606213301128568,54.60766834360137
613,2014-07-13 18:00:00,2014-07-13 20:30:00,15566.0,14989.60498960499,3.702910255653412,54.157183758752275
614,2014-07-13 18:30:00,2014-07-13 21:00:00,17088.0,12343.332343332342,27.766079451472716,53.925682843776144
615,2014-07-13 19:00:00,2014-07-13 21:30:00,16968.0,16725.571725571725,1.428738062401435,53.46918767176418
616,2014-07-13 19:30:00,2014-07-13 22:00:00,15271.0,2536.3825363825363,83.39085497752252,53.727133079572454
617,2014-07-13 20:00:00,2014-07-13 22:30:00,14141.0,18137.214137214138,28.25977043500557,53.50946331337957
618,2014-07-13 20:30:00,2014-07-13 23:00:00,12851.0,14885.654885654885,15.832658047271693,53.1901683534973
619,2014-07-13 21:00:00,2014-07-13 23:30:00,13877.0,17359.667359667357,25.096687754322673,52.95408868459667
620,2014-07-13 21:30:00,2014-07-14 00:00:00,12484.0,13600.8316008316,8.946103819541811,52.58735547738788
621,2014-07-13 22:00:00,2014-07-14 00:30:00,9037.0,15187.110187110187,68.05477688514094,52.71518540637758
622,2014-07-13 22:30:00,2014-07-14 01:00:00,7393.0,9293.139293139293,25.70187059568907,52.49376479317521
623,2014-07-13 23:00:00,2014-07-14 01:30:00,5176.0,11548.85654885655,123.12319452968603,53.067987799163106
624,2014-07-13 23:30:00,2014-07-14 02:00:00,3479.0,14539.154539154539,317.91188672476403,55.203825693724404
625,2014-07-14 00:00:00,2014-07-14 02:30:00,2755.0,4365.904365904366,58.47202780052147,55.22997131057878
626,2014-07-14 00:30:00,2014-07-14 03:00:00,2027.0,16652.806652806652,721.5494155306686,60.518220867881084
627,2014-07-14 01:00:00,2014-07-14 03:30:00,1769.0,25862.785862785862,1362.0003314180815,70.76611150213462
628,2014-07-14 01:30:00,2014-07-14 04:00:00,2091.0,15051.975051975052,619.8457700609781,75.0557963346256
629,2014-07-14 02:00:00,2014-07-14 04:30:00,2553.0,9721.41372141372,280.783929550087,76.650588064978
630,2014-07-14 02:30:00,2014-07-14 05:00:00,2853.0,22328.48232848233,682.6316974581958,81.3119812141566
631,2014-07-14 03:00:00,2014-07-14 05:30:00,4835.0,16243.936243936245,235.96558932649938,82.49254310814395
632,2014-07-14 03:30:00,2014-07-14 06:00:00,6603.0,12079.002079002079,82.93203209150506,82.49587257013911
633,2014-07-14 04:00:00,2014-07-14 06:30:00,11230.0,17629.93762993763,56.98964942063785,82.3040964562331
634,2014-07-14 04:30:00,2014-07-14 07:00:00,13395.0,17754.677754677756,32.54705303977421,81.93277523670729
635,2014-07-14 05:00:00,2014-07-14 07:30:00,15650.0,17616.077616077615,12.562796268866549,81.4189235406492
636,2014-07-14 05:30:00,2014-07-14 08:00:00,17601.0,16683.991683991684,5.209978501268768,80.85856365065376
637,2014-07-14 06:00:00,2014-07-14 08:30:00,18818.0,16715.176715176713,11.174531219169346,80.34992107816116
638,2014-07-14 06:30:00,2014-07-14 09:00:00,18515.0,14397.089397089396,22.240943034893892,79.928841527123
639,2014-07-14 07:00:00,2014-07-14 09:30:00,16972.0,10949.410949410949,35.485441023975085,79.60910483285575
640,2014-07-14 07:30:00,2014-07-14 10:00:00,15316.0,14345.114345114343,6.339028825317684,79.08574714708762
641,2014-07-14 08:00:00,2014-07-14 10:30:00,16003.0,14178.794178794178,11.399149042090993,78.60570035201671
642,2014-07-14 08:30:00,2014-07-14 11:00:00,14818.0,13929.313929313928,5.997341548698014,78.09437388157082
643,2014-07-14 09:00:00,2014-07-14 11:30:00,15610.0,17318.087318087317,10.942263408631113,77.62477870343837
644,2014-07-14 09:30:00,2014-07-14 12:00:00,16536.0,15218.295218295218,7.968703324291138,77.14105595774984
645,2014-07-14 10:00:00,2014-07-14 12:30:00,16153.0,18045.73804573805,11.71756358408995,76.68985945862116
646,2014-07-14 10:30:00,2014-07-14 13:00:00,15548.0,17214.137214137212,10.716087047447981,76.23798430511998
647,2014-07-14 11:00:00,2014-07-14 13:30:00,16500.0,16257.796257796257,1.467901467901472,75.72934428581917
648,2014-07-14 11:30:00,2014-07-14 14:00:00,16726.0,19376.299376299376,15.84538668121114,75.32472295065288
649,2014-07-14 12:00:00,2014-07-14 14:30:00,16838.0,18004.158004158002,6.925751301567893,74.86566944965233
650,2014-07-14 12:30:00,2014-07-14 15:00:00,16550.0,18212.05821205821,10.042647806998255,74.43351597203463
651,2014-07-14 13:00:00,2014-07-14 15:30:00,16621.0,16257.796257796257,2.1852099284263455,73.95505036909682
652,2014-07-14 13:30:00,2014-07-14 16:00:00,15657.0,16659.73665973666,6.40439841436201,73.51063818518409
653,2014-07-14 14:00:00,2014-07-14 16:30:00,15334.0,14494.802494802494,5.472789260450671,73.06594636214662
654,2014-07-14 14:30:00,2014-07-14 17:00:00,17584.0,10701.1907011907,39.14245506602195,72.84566395113282
655,2014-07-14 15:00:00,2014-07-14 17:30:00,20903.0,15019.635019635018,28.14603157616123,72.557279226133
656,2014-07-14 15:30:00,2014-07-14 18:00:00,21968.0,12650.72765072765,42.41292948503437,72.36404621497212
657,2014-07-14 16:00:00,2014-07-14 18:30:00,26945.0,4365.904365904366,83.79697767339259,72.43686743445251
658,2014-07-14 16:30:00,2014-07-14 19:00:00,24416.0,16652.806652806652,31.795516657901985,72.17964369536043
659,2014-07-14 17:00:00,2014-07-14 19:30:00,22401.0,25862.785862785862,15.45371127532638,71.82287682479416
660,2014-07-14 17:30:00,2014-07-14 20:00:00,23549.0,15051.975051975052,36.08231749978746,71.59949832901287
661,2014-07-14 18:00:00,2014-07-14 20:30:00,21498.0,9721.41372141372,54.77991570651353,71.49502887173027
662,2014-07-14 18:30:00,2014-07-14 21:00:00,23114.0,22328.48232848233,3.3984497340039423,71.07467961779369
663,2014-07-14 19:00:00,2014-07-14 21:30:00,23341.0,16243.936243936245,30.405996984121312,70.82517849734171
664,2014-07-14 19:30:00,2014-07-14 22:00:00,22141.0,17796.257796257796,19.6230622092146,70.51297047119459
665,2014-07-14 20:00:00,2014-07-14 22:30:00,19110.0,24656.964656964657,29.026502652876278,70.26153733290175
666,2014-07-14 20:30:00,2014-07-14 23:00:00,16682.0,19646.569646569646,17.77106849640118,69.94532968930838
667,2014-07-14 21:00:00,2014-07-14 23:30:00,12631.0,18399.168399168397,45.66675955322933,69.79994902981089
668,2014-07-14 21:30:00,2014-07-15 00:00:00,10089.0,16683.991683991684,65.36814039044191,69.77356921648132
669,2014-07-14 22:00:00,2014-07-15 00:30:00,8553.0,16715.176715176713,95.43057073748056,69.92538579352865
670,2014-07-14 22:30:00,2014-07-15 01:00:00,6416.0,14397.089397089396,124.3935379845604,70.24578668877001
671,2014-07-14 23:00:00,2014-07-15 01:30:00,4694.0,7796.257796257796,66.08985505449076,70.2214829950023
672,2014-07-14 23:30:00,2014-07-15 02:00:00,3933.0,14774.774774774776,275.6617028928242,71.41590287812916
673,2014-07-15 00:00:00,2014-07-15 02:30:00,2833.0,18486.486486486487,552.5409984640482,74.19697279481078
674,2014-07-15 00:30:00,2014-07-15 03:00:00,2089.0,12374.220374220375,492.35138220298586,76.60015905577731
675,2014-07-15 01:00:00,2014-07-15 03:30:00,1896.0,14753.984753984754,678.1637528472971,80.03766530601456
676,2014-07-15 01:30:00,2014-07-15 04:00:00,2055.0,13672.903672903672,565.3481106035849,82.79511101793258
677,2014-07-15 02:00:00,2014-07-15 04:30:00,2031.0,14698.544698544698,623.7097340494681,85.85112583731978
678,2014-07-15 02:30:00,2014-07-15 05:00:00,2449.0,3492.7234927234927,42.61835413325817,85.60824509740932
679,2014-07-15 03:00:00,2014-07-15 05:30:00,4360.0,17035.937035937033,290.73250082424386,86.75419066012907
680,2014-07-15 03:30:00,2014-07-15 06:00:00,7036.0,13081.081081081082,85.91644515464868,86.74953651843195
681,2014-07-15 04:00:00,2014-07-15 06:30:00,11730.0,16202.356202356203,38.12750385640411,86.48090650372463
682,2014-07-15 04:30:00,2014-07-15 07:00:00,14387.0,14521.829521829522,0.9371621730000869,86.01088593047888
683,2014-07-15 05:00:00,2014-07-15 07:30:00,17505.0,15527.835527835527,11.294855596483709,85.60260161171388
684,2014-07-15 05:30:00,2014-07-15 08:00:00,19091.0,9293.139293139293,51.321883122207886,85.41629335905351
685,2014-07-15 06:00:00,2014-07-15 08:30:00,21057.0,14172.854172854173,32.692908900345856,85.13130209170916
686,2014-07-15 06:30:00,2014-07-15 09:00:00,20050.0,14054.054054054053,29.904967311451106,84.83438631332066
687,2014-07-15 07:00:00,2014-07-15 09:30:00,18637.0,14351.05435105435,22.996971878229594,84.50370495270522
688,2014-07-15 07:30:00,2014-07-15 10:00:00,17555.0,17837.837837837837,1.6111525937786189,84.0627871210088
689,2014-07-15 08:00:00,2014-07-15 10:30:00,17595.0,14553.014553014553,17.288919846464605,83.7094862359583
690,2014-07-15 08:30:00,2014-07-15 11:00:00,16312.0,14331.25433125433,12.142874379264779,83.33281985776517
691,2014-07-15 09:00:00,2014-07-15 11:30:00,18232.0,15405.405405405405,15.503480663638632,82.97769242742943
692,2014-07-15 09:30:00,2014-07-15 12:00:00,18446.0,16299.3762993763,11.63733980604847,82.60612809085974
693,2014-07-15 10:00:00,2014-07-15 12:30:00,18204.0,15338.41533841534,15.741510995301367,82.2596792976185
694,2014-07-15 10:30:00,2014-07-15 13:00:00,17607.0,17920.99792099792,1.783369801771574,81.84485296001104
695,2014-07-15 11:00:00,2014-07-15 13:30:00,18945.0,18835.758835758836,0.5766226668839503,81.42809280466167
696,2014-07-15 11:30:00,2014-07-15 14:00:00,22208.0,15833.679833679833,28.702810547190957,81.15908626253172
697,2014-07-15 12:00:00,2014-07-15 14:30:00,21574.0,17858.627858627857,17.221526566108018,80.83453012194074
698,2014-07-15 12:30:00,2014-07-15 15:00:00,17299.0,13935.253935253935,19.444742844939388,80.52448069124881
699,2014-07-15 13:00:00,2014-07-15 15:30:00,15515.0,12312.889812889813,20.638802366162984,80.22354763433883
700,2014-07-15 13:30:00,2014-07-15 16:00:00,13246.0,14536.382536382536,9.741677007266619,79.87113828120347
701,2014-07-15 14:00:00,2014-07-15 16:30:00,12328.0,12829.75282975283,4.070026198514193,79.49401832059307
702,2014-07-15 14:30:00,2014-07-15 17:00:00,15342.0,15887.733887733888,3.5571235023718417,79.11809309872069
703,2014-07-15 15:00:00,2014-07-15 17:30:00,18730.0,15645.975645975646,16.465693294310483,78.80946058736892
704,2014-07-15 15:30:00,2014-07-15 18:00:00,23412.0,18499.338499338497,20.98351913831156,78.52600009006963
705,2014-07-15 16:00:00,2014-07-15 18:30:00,26340.0,14689.63468963469,44.23069593912419,78.35870592347965
706,2014-07-15 16:30:00,2014-07-15 19:00:00,27167.0,11355.509355509355,58.20109192951244,78.26085342836329
707,2014-07-15 17:00:00,2014-07-15 19:30:00,26279.0,13585.333585333585,48.30346061367029,78.11613172394449
708,2014-07-15 17:30:00,2014-07-15 20:00:00,23392.0,16432.432432432433,29.75191333604466,77.88361144323343
709,2014-07-15 18:00:00,2014-07-15 20:30:00,21571.0,10816.750816750817,49.85512578577341,77.74950385635563
710,2014-07-15 18:30:00,2014-07-15 21:00:00,23477.0,13165.280665280665,43.922644863991714,77.58842357543962
711,2014-07-15 19:00:00,2014-07-15 21:30:00,22612.0,14853.314853314854,34.31224635894722,77.38332320948467
712,2014-07-15 19:30:00,2014-07-15 22:00:00,21389.0,11683.991683991684,45.3738291458615,77.23233502993928
713,2014-07-15 20:00:00,2014-07-15 22:30:00,19575.0,12583.160083160083,35.718211580280546,77.03743304191272
714,2014-07-15 20:30:00,2014-07-15 23:00:00,18165.0,12361.746361746362,31.94744639831345,76.82673216974636
715,2014-07-15 21:00:00,2014-07-15 23:30:00,14923.0,13222.453222453221,11.395475290134549,76.52240074239934
716,2014-07-15 21:30:00,2014-07-16 00:00:00,11815.0,13206.860706860707,11.78045456505042,76.2226695100968
717,2014-07-15 22:00:00,2014-07-16 00:30:00,9024.0,12681.912681912681,40.53537989708202,76.05821195427646
718,2014-07-15 22:30:00,2014-07-16 01:00:00,7363.0,12598.752598752597,71.1089582880972,76.03550895580773
719,2014-07-15 23:00:00,2014-07-16 01:30:00,5812.0,14949.914949914948,157.22496472668527,76.40623706435055
720,2014-07-15 23:30:00,2014-07-16 02:00:00,4559.0,13619.77361977362,198.7447602494762,76.96232126064659
721,2014-07-16 00:00:00,2014-07-16 02:30:00,3673.0,16303.156303156302,343.8648598735721,78.1700250552752
722,2014-07-16 00:30:00,2014-07-16 03:00:00,2830.0,15800.4158004158,458.3185795199929,79.8824059312424
723,2014-07-16 01:00:00,2014-07-16 03:30:00,2374.0,15738.045738045737,562.9336873650268,82.04855517534008
724,2014-07-16 01:30:00,2014-07-16 04:00:00,2556.0,17491.33749133749,584.3246279865997,84.29085907181891
725,2014-07-16 02:00:00,2014-07-16 04:30:00,2456.0,15183.645183645183,518.2265954252925,86.21946234450103
726,2014-07-16 02:30:00,2014-07-16 05:00:00,2486.0,16041.580041580042,545.2767514714418,88.25068928754058
727,2014-07-16 03:00:00,2014-07-16 05:30:00,4451.0,14733.194733194732,231.0086437473541,88.87957895476444
728,2014-07-16 03:30:00,2014-07-16 06:00:00,6723.0,4677.754677754678,30.42161716860512,88.6231843855269
729,2014-07-16 04:00:00,2014-07-16 06:30:00,12501.0,19293.139293139295,54.33276772369646,88.47344457477654
730,2014-07-16 04:30:00,2014-07-16 07:00:00,14763.0,14604.989604989605,1.0703135880945258,88.09343096179099
731,2014-07-16 05:00:00,2014-07-16 07:30:00,18127.0,16202.356202356203,10.617552808759294,87.7580375498731
732,2014-07-16 05:30:00,2014-07-16 08:00:00,20393.0,14503.118503118505,28.881878570497204,87.50426100254819
733,2014-07-16 06:00:00,2014-07-16 08:30:00,20753.0,15541.695541695542,25.111089761983603,87.23647915173032
734,2014-07-16 06:30:00,2014-07-16 09:00:00,20124.0,6850.31185031185,65.959491898669,87.14555185577707
735,2014-07-16 07:00:00,2014-07-16 09:30:00,19253.0,13305.613305613306,30.89070116026954,86.90616951239193
736,2014-07-16 07:30:00,2014-07-16 10:00:00,17981.0,12983.367983367983,27.79396038391645,86.65569404998313
737,2014-07-16 08:00:00,2014-07-16 10:30:00,17720.0,12293.832293832294,30.621713917424977,86.41926375406516
738,2014-07-16 08:30:00,2014-07-16 11:00:00,16525.0,11787.941787941789,28.666010360412777,86.1766030255204
739,2014-07-16 09:00:00,2014-07-16 11:30:00,18153.0,15145.530145530145,16.567343438934913,85.88535089335896
740,2014-07-16 09:30:00,2014-07-16 12:00:00,18558.0,14331.25433125433,22.775868459670605,85.62239471655192
741,2014-07-16 10:00:00,2014-07-16 12:30:00,17652.0,13679.83367983368,22.502641741254926,85.36048702785774
742,2014-07-16 10:30:00,2014-07-16 13:00:00,17292.0,16465.696465696466,4.778530732729202,85.027503737382
743,2014-07-16 11:00:00,2014-07-16 13:30:00,17551.0,16195.426195426197,7.723627169812566,84.70938078854427
744,2014-07-16 11:30:00,2014-07-16 14:00:00,17951.0,19320.85932085932,7.631103118819673,84.39348620793065
745,2014-07-16 12:00:00,2014-07-16 14:30:00,17909.0,18794.178794178795,4.942647798195294,84.06919707156439
746,2014-07-16 12:30:00,2014-07-16 15:00:00,17442.0,17993.762993762994,3.163415856914308,83.74031178207395
747,2014-07-16 13:00:00,2014-07-16 15:30:00,16533.0,15668.745668745667,5.2274501376297895,83.42244594545674
748,2014-07-16 13:30:00,2014-07-16 16:00:00,14776.0,16740.124740124742,13.292668788066742,83.13966458595115
749,2014-07-16 14:00:00,2014-07-16 16:30:00,13462.0,12841.302841302842,4.610735096547004,82.82428735908607
750,2014-07-16 14:30:00,2014-07-16 17:00:00,16363.0,13017.523017523019,20.445376657562676,82.57477171627998
751,2014-07-16 15:00:00,2014-07-16 17:30:00,19310.0,13161.973161973163,31.838564671293824,82.37263543323222
752,2014-07-16 15:30:00,2014-07-16 18:00:00,22346.0,14943.227250919559,33.12795466338692,82.17722003335189
753,2014-07-16 16:00:00,2014-07-16 18:30:00,24408.0,15064.449064449063,38.280690493079874,82.00371596402276
754,2014-07-16 16:30:00,2014-07-16 19:00:00,26225.0,13665.973665973666,47.889518909537976,81.86940810160351
755,2014-07-16 17:00:00,2014-07-16 19:30:00,25423.0,15663.795663795663,38.38730415845627,81.69889004692452
756,2014-07-16 17:30:00,2014-07-16 20:00:00,23811.0,17491.33749133749,26.540936998288647,81.48342929282828
757,2014-07-16 18:00:00,2014-07-16 20:30:00,22028.0,15183.645183645183,31.071158599758565,81.28727259752449
758,2014-07-16 18:30:00,2014-07-16 21:00:00,24290.0,16041.580041580042,33.95808957768612,81.10382615171117
759,2014-07-16 19:00:00,2014-07-16 21:30:00,24835.0,16981.28898128898,31.623559567992828,80.91278265138793
760,2014-07-16 19:30:00,2014-07-16 22:00:00,24269.0,2536.3825363825363,89.54887907873196,80.94599840687772
761,2014-07-16 20:00:00,2014-07-16 22:30:00,23526.0,19293.139293139295,17.99226688285601,80.70479637038721
762,2014-07-16 20:30:00,2014-07-16 23:00:00,21968.0,14644.490644490643,33.33716931677602,80.52400390071695
763,2014-07-16 21:00:00,2014-07-16 23:30:00,20137.0,15201.663201663201,24.50879872044892,80.3110183296893
764,2014-07-16 21:30:00,2014-07-17 00:00:00,16928.0,15488.565488565488,8.503275705544143,80.03901930459786
765,2014-07-16 22:00:00,2014-07-17 00:30:00,12753.0,16124.740124740125,26.438799692151846,79.83675432492824
766,2014-07-16 22:30:00,2014-07-17 01:00:00,10087.0,6850.31185031185,32.08771834726033,79.65724667087686
767,2014-07-16 23:00:00,2014-07-17 01:30:00,7881.0,13305.613305613306,68.83153540938086,79.61670093581508
768,2014-07-16 23:30:00,2014-07-17 02:00:00,6006.0,12536.382536382536,108.7309779617472,79.72533629785214
769,2014-07-17 00:00:00,2014-07-17 02:30:00,4382.0,15313.335313335312,249.4599569451235,80.35632001773047
770,2014-07-17 00:30:00,2014-07-17 03:00:00,3676.0,16517.67151767152,349.338180567778,81.3525491308788
771,2014-07-17 01:00:00,2014-07-17 03:30:00,3214.0,19584.199584199585,509.34037287490935,82.9318399934029
772,2014-07-17 01:30:00,2014-07-17 04:00:00,3205.0,14745.322245322246,360.0724569523322,83.95073932045777
773,2014-07-17 02:00:00,2014-07-17 04:30:00,2849.0,13000.693000693,356.3247806491049,84.94844643155172
774,2014-07-17 02:30:00,2014-07-17 05:00:00,2887.0,14220.374220374222,392.5657852571604,86.07113744916343
775,2014-07-17 03:00:00,2014-07-17 05:30:00,5039.0,15101.871101871104,199.69976387916458,86.48433245436344
776,2014-07-17 03:30:00,2014-07-17 06:00:00,7132.0,16997.920997921,138.33316037466346,86.67219052653844
777,2014-07-17 04:00:00,2014-07-17 06:30:00,12095.0,15313.335313335312,26.60880788206128,86.45535521013238
778,2014-07-17 04:30:00,2014-07-17 07:00:00,14558.0,18561.33056133056,27.49917956677126,86.24328263587569
779,2014-07-17 05:00:00,2014-07-17 07:30:00,17298.0,15623.700623700623,9.679150053759843,85.96885922160287
780,2014-07-17 05:30:00,2014-07-17 08:00:00,19124.0,14536.382536382536,23.98879660958724,85.74750185513138
781,2014-07-17 06:00:00,2014-07-17 08:30:00,20407.0,13250.17325017325,35.070450089806194,85.56715647518361
782,2014-07-17 06:30:00,2014-07-17 09:00:00,19379.0,15862.785862785862,18.14445604630857,85.3280688850103
783,2014-07-17 07:00:00,2014-07-17 09:30:00,18867.0,14480.24948024948,23.250917049613186,85.108714991599
784,2014-07-17 07:30:00,2014-07-17 10:00:00,17662.0,17900.2079002079,1.3487028660848195,84.81378537143874
785,2014-07-17 08:00:00,2014-07-17 10:30:00,17447.0,18918.91891891892,8.436515841800425,84.5457949520365
786,2014-07-17 08:30:00,2014-07-17 11:00:00,16579.0,16731.80873180873,0.92170053567001,84.25340301351773
787,2014-07-17 09:00:00,2014-07-17 11:30:00,18340.0,15183.645183645183,17.210222553734006,84.0198030816021
788,2014-07-17 09:30:00,2014-07-17 12:00:00,18760.0,16950.79695079695,9.643939494685766,83.76155355525866
789,2014-07-17 10:00:00,2014-07-17 12:30:00,18457.0,18045.73804573805,2.2282166888549084,83.47943128236452
790,2014-07-17 10:30:00,2014-07-17 13:00:00,17608.0,17214.137214137212,2.2368399924056557,83.19928441584742
791,2014-07-17 11:00:00,2014-07-17 13:30:00,18913.0,14109.49410949411,25.39790562314752,83.00065424817491
792,2014-07-17 11:30:00,2014-07-17 14:00:00,19122.0,16569.646569646568,13.347732613499804,82.76211684531644
793,2014-07-17 12:00:00,2014-07-17 14:30:00,19547.0,18004.158004158002,7.89298611470813,82.50659080186726
794,2014-07-17 12:30:00,2014-07-17 15:00:00,17267.0,18212.05821205821,5.473204448127707,82.24457248093617
795,2014-07-17 13:00:00,2014-07-17 15:30:00,15916.0,16673.596673596672,4.759969047478463,81.98191280828038
796,2014-07-17 13:30:00,2014-07-17 16:00:00,13836.0,16659.73665973666,20.408619974968634,81.77389492708676
797,2014-07-17 14:00:00,2014-07-17 16:30:00,11985.0,13869.25386925387,15.721767786849137,81.55149719260785
798,2014-07-17 14:30:00,2014-07-17 17:00:00,14313.0,10374.220374220375,27.518896288546255,81.37017973990966
799,2014-07-17 15:00:00,2014-07-17 17:30:00,17988.0,13619.77361977362,24.284113743753505,81.17925644226365
800,2014-07-17 15:30:00,2014-07-17 18:00:00,21181.0,14145.530145530147,33.21594756843328,81.01937874601755
801,2014-07-17 16:00:00,2014-07-17 18:30:00,23539.0,15592.515592515594,33.75880201998558,80.8623668632068
802,2014-07-17 16:30:00,2014-07-17 19:00:00,24714.0,16517.67151767152,33.16471830674306,80.70442762957613
803,2014-07-17 17:00:00,2014-07-17 19:30:00,25079.0,19584.199584199585,21.90996617010413,80.51038650264718
804,2014-07-17 17:30:00,2014-07-17 20:00:00,23032.0,14745.322245322246,35.97897601023686,80.36390159971162
805,2014-07-17 18:00:00,2014-07-17 20:30:00,21168.0,13000.693000693,38.583271916605256,80.22691592861946
806,2014-07-17 18:30:00,2014-07-17 21:00:00,25514.0,14220.374220374222,44.26442650946844,80.1093914533935
807,2014-07-17 19:00:00,2014-07-17 21:30:00,26286.0,15101.871101871104,42.54785398359923,79.98704116847559
808,2014-07-17 19:30:00,2014-07-17 22:00:00,25650.0,16997.920997921,33.73130215235478,79.83686019764403
809,2014-07-17 20:00:00,2014-07-17 22:30:00,24850.0,14382.074382074383,42.12444916670268,79.71481356000344
810,2014-07-17 20:30:00,2014-07-17 23:00:00,23869.0,18561.33056133056,22.236664454604046,79.52940017579247
811,2014-07-17 21:00:00,2014-07-17 23:30:00,22913.0,15623.700623700623,31.81294189455496,79.37597104948624
812,2014-07-17 21:30:00,2014-07-18 00:00:00,20850.0,14536.382536382536,30.28113891423244,79.21861581828351
813,2014-07-17 22:00:00,2014-07-18 00:30:00,16734.0,9812.889812889813,41.35956846605825,79.09766039543295
814,2014-07-17 22:30:00,2014-07-18 01:00:00,14106.0,15862.785862785862,12.45417455540807,78.88541999466854
815,2014-07-17 23:00:00,2014-07-18 01:30:00,11587.0,13305.613305613306,14.832254298897952,78.68207661150737
816,2014-07-17 23:30:00,2014-07-18 02:00:00,8951.0,17577.96257796258,96.37987462811506,78.73808230143335
817,2014-07-18 00:00:00,2014-07-18 02:30:00,7199.0,19646.569646569646,172.90692660882965,79.03514490177214
818,2014-07-18 00:30:00,2014-07-18 03:00:00,6051.0,12374.220374220375,104.4987667198872,79.11521918421903
819,2014-07-18 01:00:00,2014-07-18 03:30:00,4693.0,14753.984753984754,214.38279893425857,79.5392554843759
820,2014-07-18 01:30:00,2014-07-18 04:00:00,4507.0,15194.535194535196,237.13191024040813,80.0317325304885
821,2014-07-18 02:00:00,2014-07-18 04:30:00,3791.0,14698.544698544698,287.7220970336243,80.67874301180667
822,2014-07-18 02:30:00,2014-07-18 05:00:00,3586.0,3492.7234927234927,2.6011295949946276,80.43626595150602
823,2014-07-18 03:00:00,2014-07-18 05:30:00,4918.0,16063.756063756062,226.6318841756011,80.88888396458371
824,2014-07-18 03:30:00,2014-07-18 06:00:00,7039.0,14727.650727650727,109.22930427121362,80.97635439762887
825,2014-07-18 04:00:00,2014-07-18 06:30:00,11262.0,17193.347193347192,52.666908127749885,80.88924840910616
826,2014-07-18 04:30:00,2014-07-18 07:00:00,13725.0,15488.565488565488,12.849293177162023,80.68053688998977
827,2014-07-18 05:00:00,2014-07-18 07:30:00,15899.0,15937.629937629938,0.24297086376462393,80.4345504495426
828,2014-07-18 05:30:00,2014-07-18 08:00:00,17329.0,10686.070686070685,38.334175739680965,80.3061956485979
829,2014-07-18 06:00:00,2014-07-18 08:30:00,19757.0,14906.444906444905,24.55107098018472,80.13672718456016
830,2014-07-18 06:30:00,2014-07-18 09:00:00,19341.0,13905.553905553907,28.103231965493478,79.97904992632057
831,2014-07-18 07:00:00,2014-07-18 09:30:00,17660.0,14160.974160974161,19.813283346692177,79.79728023876882
832,2014-07-18 07:30:00,2014-07-18 10:00:00,16532.0,17445.137445137443,5.523454180603939,79.57356389522013
833,2014-07-18 08:00:00,2014-07-18 10:30:00,16354.0,15561.33056133056,4.846945326338754,79.34915963525353
834,2014-07-18 08:30:00,2014-07-18 11:00:00,16054.0,13298.683298683298,17.162804916635743,79.16297294447922
835,2014-07-18 09:00:00,2014-07-18 11:30:00,17326.0,14145.530145530147,18.356630811900338,78.98146147542676
836,2014-07-18 09:30:00,2014-07-18 12:00:00,17463.0,17501.4175014175,0.2199937090849317,78.74705234516978
837,2014-07-18 10:00:00,2014-07-18 12:30:00,17091.0,16656.964656964657,2.5395549882121733,78.52091733817583
838,2014-07-18 10:30:00,2014-07-18 13:00:00,16668.0,17821.205821205822,6.918681432720313,78.30907640354431
839,2014-07-18 11:00:00,2014-07-18 13:30:00,17096.0,12378.97237897238,27.591410979337976,78.15946677102453
840,2014-07-18 11:30:00,2014-07-18 14:00:00,17811.0,17993.762993762994,1.026124270186927,77.93260399896324
841,2014-07-18 12:00:00,2014-07-18 14:30:00,17980.0,18586.278586278586,3.3719609915382973,77.71395108691802
842,2014-07-18 12:30:00,2014-07-18 15:00:00,17080.0,12903.672903672903,24.451563795826093,77.55821311238265
843,2014-07-18 13:00:00,2014-07-18 15:30:00,15185.0,12312.889812889813,18.914127014225798,77.38723910043467
844,2014-07-18 13:30:00,2014-07-18 16:00:00,13538.0,12390.852390852391,8.473538256371759,77.1869085747252
845,2014-07-18 14:00:00,2014-07-18 16:30:00,12704.0,12673.596673596674,0.23932089423272979,76.96387208869477
846,2014-07-18 14:30:00,2014-07-18 17:00:00,15019.0,16345.576345576344,8.832654275093844,76.76696105455142
847,2014-07-18 15:00:00,2014-07-18 17:30:00,18778.0,13915.453915453916,25.89490938622901,76.62035571833147
848,2014-07-18 15:30:00,2014-07-18 18:00:00,21583.0,17588.35758835759,18.50828157180378,76.4533669995196
849,2014-07-18 16:00:00,2014-07-18 18:30:00,23834.0,19646.569646569646,17.56914640190633,76.2846443043975
850,2014-07-18 16:30:00,2014-07-18 19:00:00,25123.0,12834.372834372834,48.913852508168475,76.20644204212257
851,2014-07-18 17:00:00,2014-07-18 19:30:00,24762.0,14869.022869022869,39.95225398181541,76.10315375705046
852,2014-07-18 17:30:00,2014-07-18 20:00:00,22761.0,15194.535194535196,33.24311236529504,75.9813922758239
853,2014-07-18 18:00:00,2014-07-18 20:30:00,22227.0,13083.853083853084,41.13531702949978,75.88267818164167
854,2014-07-18 18:30:00,2014-07-18 21:00:00,23985.0,3492.7234927234927,85.4378841245633,75.90967028882505
855,2014-07-18 19:00:00,2014-07-18 21:30:00,23788.0,16000.0,32.73919623339499,75.78806331965484
856,2014-07-18 19:30:00,2014-07-18 22:00:00,23855.0,14727.650727650727,38.26178693082906,75.68265243092218
857,2014-07-18 20:00:00,2014-07-18 22:30:00,26040.0,17193.347193347192,33.97332107009527,75.56581956996749
858,2014-07-18 20:30:00,2014-07-18 23:00:00,25863.0,15916.839916839916,38.45710119924249,75.46216393206043
859,2014-07-18 21:00:00,2014-07-18 23:30:00,25851.0,12998.9604989605,49.71583111306913,75.3904471275507
860,2014-07-18 21:30:00,2014-07-19 00:00:00,26100.0,13414.760914760915,48.602448602448604,75.31603602053653
861,2014-07-18 22:00:00,2014-07-19 00:30:00,24625.0,16097.416097416097,34.629782345518386,75.20333171672762
862,2014-07-18 22:30:00,2014-07-19 01:00:00,22657.0,12301.752301752302,45.70440790152138,75.1218429769066
863,2014-07-18 23:00:00,2014-07-19 01:30:00,20289.0,14693.347193347194,27.57973683598406,74.99087298753767
864,2014-07-18 23:30:00,2014-07-19 02:00:00,18524.0,17773.577773577774,4.051080902732813,74.79598344884315
865,2014-07-19 00:00:00,2014-07-19 02:30:00,15943.0,15500.115500115502,2.7779244802389633,74.59867369824424
866,2014-07-19 00:30:00,2014-07-19 03:00:00,13179.0,12796.257796257798,2.9041824398072844,74.40278711010643
867,2014-07-19 01:00:00,2014-07-19 03:30:00,12423.0,12991.872991872991,4.579191756202136,74.21253208189417
868,2014-07-19 01:30:00,2014-07-19 04:00:00,10478.0,17830.90783090783,70.17472638774412,74.20155978381223
869,2014-07-19 02:00:00,2014-07-19 04:30:00,6556.0,13487.525987525987,105.72797418435002,74.28699722121206
870,2014-07-19 02:30:00,2014-07-19 05:00:00,4561.0,13537.273537273537,196.804944908431,74.6181268095559
871,2014-07-19 03:00:00,2014-07-19 05:30:00,3513.0,13717.255717255717,290.471270061364,75.19994121185188
872,2014-07-19 03:30:00,2014-07-19 06:00:00,3607.0,13965.696465696466,287.18315679779505,75.76978856557753
873,2014-07-19 04:00:00,2014-07-19 06:30:00,4781.0,14689.094689094689,207.23896024042435,76.12225283280232
874,2014-07-19 04:30:00,2014-07-19 07:00:00,5423.0,11969.85446985447,120.72385155549455,76.24150844436032
875,2014-07-19 05:00:00,2014-07-19 07:30:00,6669.0,12260.91476091476,83.84937413277494,76.26179608619609
876,2014-07-19 05:30:00,2014-07-19 08:00:00,7064.0,14035.574035574034,98.6915916700741,76.32144979785534
877,2014-07-19 06:00:00,2014-07-19 08:30:00,9363.0,12406.444906444905,32.50501875942439,76.20522584284623
878,2014-07-19 06:30:00,2014-07-19 09:00:00,10874.0,14203.742203742202,30.621134851408886,76.08463300953555
879,2014-07-19 07:00:00,2014-07-19 09:30:00,13255.0,16329.61632961633,23.195898375076048,75.94508489704359
880,2014-07-19 07:30:00,2014-07-19 10:00:00,13164.0,16403.326403326402,24.607462802540276,75.80998589153174
881,2014-07-19 08:00:00,2014-07-19 10:30:00,15159.0,10036.382536382536,33.79258172450336,75.69970399083087
882,2014-07-19 08:30:00,2014-07-19 11:00:00,16030.0,14807.692307692309,7.625125965737314,75.5214982891945
883,2014-07-19 09:00:00,2014-07-19 11:30:00,18256.0,13828.82882882883,24.250499403873633,75.38763145137382
884,2014-07-19 09:30:00,2014-07-19 12:00:00,17751.0,12016.632016632017,32.30447852722654,75.27543574063385
885,2014-07-19 10:00:00,2014-07-19 12:30:00,17675.0,12661.122661122661,28.36705707992837,75.15359579606059
886,2014-07-19 10:30:00,2014-07-19 13:00:00,18557.0,13846.153846153846,25.385817502000076,75.02466372794126
887,2014-07-19 11:00:00,2014-07-19 13:30:00,18389.0,12584.892584892585,31.56293118226883,74.912359509477
888,2014-07-19 11:30:00,2014-07-19 14:00:00,17538.0,13596.673596673598,22.47306650317255,74.77720669245043
889,2014-07-19 12:00:00,2014-07-19 14:30:00,17506.0,16058.212058212059,8.270238442750722,74.60623762239979
890,2014-07-19 12:30:00,2014-07-19 15:00:00,17580.0,12094.594594594595,31.202533591612085,74.4949460736029
891,2014-07-19 13:00:00,2014-07-19 15:30:00,18027.0,12664.092664092663,29.74930568540155,74.38050709562796
892,2014-07-19 13:30:00,2014-07-19 16:00:00,16959.0,13603.603603603604,19.78534345419185,74.24123371899164
893,2014-07-19 14:00:00,2014-07-19 16:30:00,17066.0,15234.927234927236,10.729361098516138,74.07962590061894
894,2014-07-19 14:30:00,2014-07-19 17:00:00,18155.0,16898.821898821898,6.919185354878008,73.90916792969065
895,2014-07-19 15:00:00,2014-07-19 17:30:00,20610.0,15610.335610335609,24.258439542282343,73.78346988314026
896,2014-07-19 15:30:00,2014-07-19 18:00:00,20793.0,11191.961191961193,46.174379878030145,73.71374995888492
897,2014-07-19 16:00:00,2014-07-19 18:30:00,21584.0,16067.221067221066,25.559576226737093,73.592454810945
898,2014-07-19 16:30:00,2014-07-19 19:00:00,23493.0,13116.613116613116,44.16799422545815,73.51852400545384
899,2014-07-19 17:00:00,2014-07-19 19:30:00,22555.0,14324.324324324325,36.49157914287597,73.425724644896
900,2014-07-19 17:30:00,2014-07-19 20:00:00,20183.0,13970.89397089397,30.77890318142015,73.31910759123731
901,2014-07-19 18:00:00,2014-07-19 20:30:00,20441.0,13011.583011583012,36.34566307136142,73.39975387377142
902,2014-07-19 18:30:00,2014-07-19 21:00:00,21555.0,15005.197505197506,30.38646483322892,73.46772798634177
903,2014-07-19 19:00:00,2014-07-19 21:30:00,22406.0,12728.112728112728,43.19328426264068,73.57237649026438
904,2014-07-19 19:30:00,2014-07-19 22:00:00,22512.0,13518.71101871102,39.94886718767316,73.62170656277013
905,2014-07-19 20:00:00,2014-07-19 22:30:00,24667.0,13670.59367059367,44.579423235117076,73.72605033682315
906,2014-07-19 20:30:00,2014-07-19 23:00:00,25424.0,13320.733320733321,47.60567447792118,73.78971272302988
907,2014-07-19 21:00:00,2014-07-19 23:30:00,25852.0,13581.55358155358,47.464205548686444,73.8493192994073
908,2014-07-19 21:30:00,2014-07-20 00:00:00,25137.0,12652.806652806652,49.66461131874666,73.92040427830409
909,2014-07-19 22:00:00,2014-07-20 00:30:00,24099.0,14340.49434049434,40.49340495251114,73.98439954920518
910,2014-07-19 22:30:00,2014-07-20 01:00:00,23058.0,15157.815157815157,34.26222934419656,74.0640016853494
911,2014-07-19 23:00:00,2014-07-20 01:30:00,20786.0,12972.972972972973,37.58792950556638,74.12321931858726
912,2014-07-19 23:30:00,2014-07-20 02:00:00,19217.0,14695.574695574696,23.528257815607553,74.12298588537597
913,2014-07-20 00:00:00,2014-07-20 02:30:00,16329.0,14636.174636174637,10.366987346594176,74.08097662339297
914,2014-07-20 00:30:00,2014-07-20 03:00:00,14293.0,13384.153384153384,6.358683382401289,73.96982017137421
915,2014-07-20 01:00:00,2014-07-20 03:30:00,13193.0,17125.037125037124,29.80396517120537,73.9444359298717
916,2014-07-20 01:30:00,2014-07-20 04:00:00,11166.0,11185.031185031185,0.17043869811198797,73.80435017813085
917,2014-07-20 02:00:00,2014-07-20 04:30:00,7518.0,15183.645183645183,101.9638891147271,73.98210622761015
918,2014-07-20 02:30:00,2014-07-20 05:00:00,4877.0,17422.03742203742,257.2285712945955,74.41376275850598
919,2014-07-20 03:00:00,2014-07-20 05:30:00,3639.0,14733.194733194732,304.86932490230095,75.06038802983957
920,2014-07-20 03:30:00,2014-07-20 06:00:00,3412.0,2536.3825363825363,25.662879941895184,74.98309851504318
921,2014-07-20 04:00:00,2014-07-20 06:30:00,3827.0,16306.306306306307,326.08587160455465,75.72219503386854
922,2014-07-20 04:30:00,2014-07-20 07:00:00,3922.0,14644.490644490643,273.3934381563142,76.24869439107957
923,2014-07-20 05:00:00,2014-07-20 07:30:00,5241.0,17457.67745767746,233.09821518178705,76.69642213570678
924,2014-07-20 05:30:00,2014-07-20 08:00:00,5601.0,16049.896049896051,186.55411622738887,77.00361459837036
925,2014-07-20 06:00:00,2014-07-20 08:30:00,7147.0,17010.395010395012,138.00748580376398,77.23278135247125
926,2014-07-20 06:30:00,2014-07-20 09:00:00,8425.0,8349.272349272349,0.8988445190225645,77.11327220299219
927,2014-07-20 07:00:00,2014-07-20 09:30:00,10951.0,16002.376002376002,46.127075174650734,77.12832331555381
928,2014-07-20 07:30:00,2014-07-20 10:00:00,11800.0,10644.490644490645,9.79245216533352,77.11209995727609
929,2014-07-20 08:00:00,2014-07-20 10:30:00,13936.0,12529.45252945253,10.092906648589766,77.13601706830731
930,2014-07-20 08:30:00,2014-07-20 11:00:00,14835.0,16282.744282744283,9.758977301950003,77.13431421941971
931,2014-07-20 09:00:00,2014-07-20 11:30:00,16412.0,15145.530145530145,7.716730773031044,77.14739741874594
932,2014-07-20 09:30:00,2014-07-20 12:00:00,16763.0,13174.933174933174,21.40468188908206,77.09809332797738
933,2014-07-20 10:00:00,2014-07-20 12:30:00,17613.0,13679.83367983368,22.331041390826773,76.9525924516958
934,2014-07-20 10:30:00,2014-07-20 13:00:00,17439.0,16742.896742896744,3.991646637440539,76.32921479409616
935,2014-07-20 11:00:00,2014-07-20 13:30:00,17921.0,15389.235389235388,14.127362372437991,75.60912226115623
936,2014-07-20 11:30:00,2014-07-20 14:00:00,18605.0,15068.607068607069,19.007755610819302,74.8243090365824
937,2014-07-20 12:00:00,2014-07-20 14:30:00,18113.0,19459.45945945946,7.433663443159388,74.28218586274384
938,2014-07-20 12:30:00,2014-07-20 15:00:00,17579.0,17588.35758835759,0.05323163068200939,73.81800739900704
939,2014-07-20 13:00:00,2014-07-20 15:30:00,16927.0,15668.745668745667,7.433416029150665,73.5784443635176
940,2014-07-20 13:30:00,2014-07-20 16:00:00,16526.0,14913.374913374913,9.758108959367581,73.34562722494675
941,2014-07-20 14:00:00,2014-07-20 16:30:00,16956.0,16917.13691713692,0.2291995922569074,73.23186772390855
942,2014-07-20 14:30:00,2014-07-20 17:00:00,17381.0,14021.71402171402,19.3273458275472,73.22756415411895
943,2014-07-20 15:00:00,2014-07-20 17:30:00,19232.0,17920.99792099792,6.816774537240427,73.23640602639325
944,2014-07-20 15:30:00,2014-07-20 18:00:00,19127.0,13891.19889119889,27.37387519632514,73.30352771891245
945,2014-07-20 16:00:00,2014-07-20 18:30:00,19404.0,14646.569646569646,24.51778166063881,73.35532283422222
946,2014-07-20 16:30:00,2014-07-20 19:00:00,18812.0,12117.612117612118,35.58573188596578,73.39691454047757
947,2014-07-20 17:00:00,2014-07-20 19:30:00,18253.0,17172.55717255717,5.919261641608657,73.36965144024244
948,2014-07-20 17:30:00,2014-07-20 20:00:00,16497.0,13097.713097713098,20.60548525360309,73.35181180335056
949,2014-07-20 18:00:00,2014-07-20 20:30:00,16681.0,14897.534897534899,10.691595842366173,73.32162001198856
950,2014-07-20 18:30:00,2014-07-20 21:00:00,17334.0,17422.03742203742,0.5078886698824362,73.25921433596376
951,2014-07-20 19:00:00,2014-07-20 21:30:00,17674.0,14733.194733194732,16.639160726520696,73.26585132793907
952,2014-07-20 19:30:00,2014-07-20 22:00:00,16469.0,17588.35758835759,6.796755044978993,73.24945385482204
953,2014-07-20 20:00:00,2014-07-20 22:30:00,15128.0,16306.306306306307,7.788910009957082,73.24009854517115
954,2014-07-20 20:30:00,2014-07-20 23:00:00,13973.0,14644.490644490643,4.805629746587296,73.19401189647456
955,2014-07-20 21:00:00,2014-07-20 23:30:00,12040.0,19376.299376299376,60.932719072253946,73.26897915504301
956,2014-07-20 21:30:00,2014-07-21 00:00:00,9494.0,16049.896049896051,69.05304455336056,73.40277832268669
957,2014-07-20 22:00:00,2014-07-21 00:30:00,6963.0,16098.406098406098,131.19928333198476,73.66300931135885
958,2014-07-20 22:30:00,2014-07-21 01:00:00,5611.0,8586.278586278586,53.02581690034906,73.73413305165259
959,2014-07-20 23:00:00,2014-07-21 01:30:00,4140.0,13970.893970893972,237.46120702642446,74.28571576372173
960,2014-07-20 23:30:00,2014-07-21 02:00:00,3370.0,12307.692307692309,265.2134215932436,74.88860170143704
961,2014-07-21 00:00:00,2014-07-21 02:30:00,2625.0,15168.399168399168,477.8437778437778,75.99512863289519
962,2014-07-21 00:30:00,2014-07-21 03:00:00,2093.0,14261.954261954263,581.4120526495109,77.34572499421314
963,2014-07-21 01:00:00,2014-07-21 03:30:00,1854.0,15509.35550935551,736.5348171173415,79.08295032323932
964,2014-07-21 01:30:00,2014-07-21 04:00:00,2482.0,14745.322245322246,494.0903402627819,80.28909979896811
965,2014-07-21 02:00:00,2014-07-21 04:30:00,2529.0,13000.693000693,414.0645710040728,81.24154671232333
966,2014-07-21 02:30:00,2014-07-21 05:00:00,2968.0,12066.528066528068,306.5541801390859,81.9462903361799
967,2014-07-21 03:00:00,2014-07-21 05:30:00,4540.0,15259.87525987526,236.12060043778104,82.45323184489948
968,2014-07-21 03:30:00,2014-07-21 06:00:00,6868.0,16548.856548856547,140.9559777061233,82.7286484755979
969,2014-07-21 04:00:00,2014-07-21 06:30:00,10765.0,13690.22869022869,27.173513146573992,82.68512713157175
970,2014-07-21 04:30:00,2014-07-21 07:00:00,13095.0,19168.399168399166,46.37952782282677,82.69254113782493
971,2014-07-21 05:00:00,2014-07-21 07:30:00,15651.0,15343.035343035343,1.9676995525184173,82.60242035061306
972,2014-07-21 05:30:00,2014-07-21 08:00:00,17427.0,14478.17047817048,16.921039317320943,82.54190303560259
973,2014-07-21 06:00:00,2014-07-21 08:30:00,18637.0,12875.952875952877,30.911880259951296,82.50075838814129
974,2014-07-21 06:30:00,2014-07-21 09:00:00,18614.0,17269.57726957727,7.222642798016179,82.41902908414299
975,2014-07-21 07:00:00,2014-07-21 09:30:00,17187.0,12318.087318087319,28.329043357844192,82.40672546015765
976,2014-07-21 07:30:00,2014-07-21 10:00:00,15281.0,16548.856548856547,8.296947509040947,82.3394693778231
977,2014-07-21 08:00:00,2014-07-21 10:30:00,15505.0,18918.91891891892,22.018180708925637,82.3386496044064
978,2014-07-21 08:30:00,2014-07-21 11:00:00,15168.0,17130.97713097713,12.941568637771171,82.35707774230659
979,2014-07-21 09:00:00,2014-07-21 11:30:00,15813.0,14478.17047817048,8.441342704290905,82.33237118401892
980,2014-07-21 09:30:00,2014-07-21 12:00:00,15979.0,13781.473781473782,13.752589139033846,82.05850037848198
981,2014-07-21 10:00:00,2014-07-21 12:30:00,16314.0,11014.931014931015,32.481727259218985,81.75045141665905
982,2014-07-21 10:30:00,2014-07-21 13:00:00,16002.0,16856.548856548856,5.3402628205777765,81.31608709028123
983,2014-07-21 11:00:00,2014-07-21 13:30:00,16845.0,14726.894726894727,12.574088887535016,80.37947415185023
984,2014-07-21 11:30:00,2014-07-21 14:00:00,17009.0,11569.64656964657,31.979266449252933,80.39434376273732
985,2014-07-21 12:00:00,2014-07-21 14:30:00,17302.0,13788.98128898129,20.304119240658366,79.43522533499748
986,2014-07-21 12:30:00,2014-07-21 15:00:00,16649.0,16775.656775656775,0.7607470458092059,78.64617231550326
987,2014-07-21 13:00:00,2014-07-21 15:30:00,16857.0,17505.197505197506,3.84527202466338,77.95342279205015
988,2014-07-21 13:30:00,2014-07-21 16:00:00,15733.0,15199.815199815199,3.3889582418153,77.51945624421441
989,2014-07-21 14:00:00,2014-07-21 16:30:00,15537.0,11528.066528066527,25.802493865826563,77.25764530420115
990,2014-07-21 14:30:00,2014-07-21 17:00:00,17362.0,11185.031185031185,35.577518805257554,77.30423348984257
991,2014-07-21 15:00:00,2014-07-21 17:30:00,19639.0,14639.95463995464,25.45468384360385,77.34911713818246
992,2014-07-21 15:30:00,2014-07-21 18:00:00,22891.0,12041.580041580042,47.396006982744126,77.44282039016933
993,2014-07-21 16:00:00,2014-07-21 18:30:00,22920.0,13485.793485793487,41.16145948606681,77.48568992512332
994,2014-07-21 16:30:00,2014-07-21 19:00:00,22941.0,14261.954261954263,37.83202884811359,77.5468181842715
995,2014-07-21 17:00:00,2014-07-21 19:30:00,21849.0,15509.35550935551,29.01571921206687,77.59211648373176
996,2014-07-21 17:30:00,2014-07-21 20:00:00,20483.0,14745.322245322246,28.011901355649826,77.62188828037188
997,2014-07-21 18:00:00,2014-07-21 20:30:00,18868.0,18087.318087318086,4.137597586823795,77.61800000446333
998,2014-07-21 18:30:00,2014-07-21 21:00:00,20235.0,14324.324324324325,29.210159010010745,77.65842303158561
999,2014-07-21 19:00:00,2014-07-21 21:30:00,20658.0,17388.77338877339,15.825474930906243,77.64867353670006
1000,2014-07-21 19:30:00,2014-07-21 22:00:00,20751.0,16548.856548856547,20.250317821519218,77.65023803077486
1001,2014-07-21 20:00:00,2014-07-21 22:30:00,18642.0,14665.874665874666,21.32885599251869,77.64614454210562
1002,2014-07-21 20:30:00,2014-07-21 23:00:00,16106.0,19168.399168399166,19.014026874451545,77.62390230485187
1003,2014-07-21 21:00:00,2014-07-21 23:30:00,13303.0,15481.635481635481,16.377023841505537,77.64513294157155
1004,2014-07-21 21:30:00,2014-07-22 00:00:00,10611.0,14478.17047817048,36.44492015993289,77.71293571392039
1005,2014-07-21 22:00:00,2014-07-22 00:30:00,8009.0,12875.952875952877,60.768546334784325,77.8312869073181
1006,2014-07-21 22:30:00,2014-07-22 01:00:00,6210.0,17269.57726957727,178.09303171622008,78.27373270842179
1007,2014-07-21 23:00:00,2014-07-22 01:30:00,4830.0,13877.338877338878,187.31550470680907,78.6665106947943
1008,2014-07-21 23:30:00,2014-07-22 02:00:00,3753.0,16808.73180873181,347.8745485939731,79.43092134833319
1009,2014-07-22 00:00:00,2014-07-22 02:30:00,2962.0,20041.58004158004,576.623228952736,80.81461691763842
1010,2014-07-22 00:30:00,2014-07-22 03:00:00,2379.0,9220.37422037422,287.57352754830686,81.48225642398167
1011,2014-07-22 01:00:00,2014-07-22 03:30:00,2114.0,14147.609147609148,569.2341129427223,82.87290620961727
1012,2014-07-22 01:30:00,2014-07-22 04:00:00,2232.0,15194.535194535196,580.7587452748743,84.29578753955163
1013,2014-07-22 02:00:00,2014-07-22 04:30:00,2090.0,13976.833976833977,568.7480371690898,85.70840035683521
1014,2014-07-22 02:30:00,2014-07-22 05:00:00,2532.0,8163.548163548163,222.41501435814232,86.19502269410188
1015,2014-07-22 03:00:00,2014-07-22 05:30:00,4492.0,15727.650727650727,250.12579536177043,86.81676533735032
1016,2014-07-22 03:30:00,2014-07-22 06:00:00,6830.0,16637.956637956635,143.60112207842803,86.96729100510258
1017,2014-07-22 04:00:00,2014-07-22 06:30:00,11269.0,18960.49896049896,68.25360689057557,87.0672755962415
1018,2014-07-22 04:30:00,2014-07-22 07:00:00,13635.0,16435.996435996436,20.542694800120543,87.07905068812363
1019,2014-07-22 05:00:00,2014-07-22 07:30:00,16356.0,16997.920997921,3.9246820611457514,87.02612067389067
1020,2014-07-22 05:30:00,2014-07-22 08:00:00,18449.0,11259.875259875258,38.96755780868742,87.10117430886353
1021,2014-07-22 06:00:00,2014-07-22 08:30:00,20054.0,14537.422037422037,27.508616548209652,86.99980890802122
1022,2014-07-22 06:30:00,2014-07-22 09:00:00,19462.0,14826.254826254826,23.81946960099257,86.99510290553448
1023,2014-07-22 07:00:00,2014-07-22 09:30:00,19016.0,15943.635943635942,16.156731470151758,86.72768674788564
1024,2014-07-22 07:30:00,2014-07-22 10:00:00,17349.0,16956.340956340955,2.2632949660444117,85.93856526848884
1025,2014-07-22 08:00:00,2014-07-22 10:30:00,17684.0,15561.33056133056,12.003333175013799,85.82239353192506
1026,2014-07-22 08:30:00,2014-07-22 11:00:00,17412.0,13298.683298683298,23.62345911622273,84.07757864088894
1027,2014-07-22 09:00:00,2014-07-22 11:30:00,17854.0,16614.196614196615,6.9441211258171,80.6899381151583
1028,2014-07-22 09:30:00,2014-07-22 12:00:00,18649.0,15079.695079695079,19.13939042471404,79.18817216606763
1029,2014-07-22 10:00:00,2014-07-22 12:30:00,19970.0,13790.71379071379,30.942845314402657,78.56356945547842
1030,2014-07-22 10:30:00,2014-07-22 13:00:00,19168.0,17629.93762993763,8.024115035801175,76.87705049942244
1031,2014-07-22 11:00:00,2014-07-22 13:30:00,19270.0,17596.673596673594,8.683582788408955,76.3088454830772
1032,2014-07-22 11:30:00,2014-07-22 14:00:00,19463.0,17993.762993762994,7.548872251127813,76.12038758347627
1033,2014-07-22 12:00:00,2014-07-22 14:30:00,18999.0,19653.499653499654,3.4449163298050083,75.9865257507492
1034,2014-07-22 12:30:00,2014-07-22 15:00:00,17998.0,13174.933174933176,26.79779322739651,75.97215260121824
1035,2014-07-22 13:00:00,2014-07-22 15:30:00,17209.0,12312.889812889813,28.450869818758715,76.01187278509298
1036,2014-07-22 13:30:00,2014-07-22 16:00:00,15581.0,12665.280665280665,18.71330039611922,76.0456310898301
1037,2014-07-22 14:00:00,2014-07-22 16:30:00,14846.0,12673.596673596674,14.632920156293453,76.0542770621729
1038,2014-07-22 14:30:00,2014-07-22 17:00:00,17832.0,13846.153846153846,22.352210373744697,76.05455523052004
1039,2014-07-22 15:00:00,2014-07-22 17:30:00,21545.0,13738.045738045737,36.23557327432937,76.05643056114592
1040,2014-07-22 15:30:00,2014-07-22 18:00:00,24769.0,12760.452760452761,48.48216415498098,76.16178839947008
1041,2014-07-22 16:00:00,2014-07-22 18:30:00,25573.0,14248.094248094249,44.28461952804032,76.24400207568495
1042,2014-07-22 16:30:00,2014-07-22 19:00:00,26243.0,13161.682392451623,49.84688338813541,76.35362593028354
1043,2014-07-22 17:00:00,2014-07-22 19:30:00,25057.0,14079.002079002079,43.81210009577332,76.4358005220014
1044,2014-07-22 17:30:00,2014-07-22 20:00:00,23381.0,15446.985446985447,33.93359801982187,76.50071275874024
1045,2014-07-22 18:00:00,2014-07-22 20:30:00,22148.0,14518.364518364519,34.448417381413584,76.55753989323354
1046,2014-07-22 18:30:00,2014-07-22 21:00:00,24590.0,11484.407484407484,53.29643153961983,76.66399075446397
1047,2014-07-22 19:00:00,2014-07-22 21:30:00,24168.0,12670.03267003267,47.57517101111937,76.77925892832201
1048,2014-07-22 19:30:00,2014-07-22 22:00:00,23364.0,12006.237006237006,48.61223674782997,76.86117605348856
1049,2014-07-22 20:00:00,2014-07-22 22:30:00,23272.0,12266.112266112266,47.29240174410336,76.9620926795949
1050,2014-07-22 20:30:00,2014-07-22 23:00:00,19939.0,13948.213948213948,30.0455692451279,77.01209998319023
1051,2014-07-22 21:00:00,2014-07-22 23:30:00,17316.0,14201.894201894202,17.983978968039953,77.05159690578925
1052,2014-07-22 21:30:00,2014-07-23 00:00:00,13369.0,13446.985446985447,0.5833304434546129,77.03704423586198
1053,2014-07-22 22:00:00,2014-07-23 00:30:00,10390.0,10734.580734580735,3.316465202894468,77.03165342571809
1054,2014-07-22 22:30:00,2014-07-23 01:00:00,7994.0,12301.752301752302,53.88731926134979,77.06851558620642
1055,2014-07-22 23:00:00,2014-07-23 01:30:00,5889.0,10325.710325710324,75.33894253201434,77.18649786359605
1056,2014-07-22 23:30:00,2014-07-23 02:00:00,4711.0,12945.252945252945,174.78779336134463,77.51743502328682
1057,2014-07-23 00:00:00,2014-07-23 02:30:00,3757.0,12723.492723492724,238.66097214513505,77.90459500946618
1058,2014-07-23 00:30:00,2014-07-23 03:00:00,3066.0,14017.671517671517,357.19737500559415,78.71809965533541
1059,2014-07-23 01:00:00,2014-07-23 03:30:00,2647.0,17125.037125037124,546.96022383971,80.04686593674637
1060,2014-07-23 01:30:00,2014-07-23 04:00:00,2645.0,11185.031185031185,322.87452495392,80.7638464553817
1061,2014-07-23 02:00:00,2014-07-23 04:30:00,2411.0,14469.85446985447,500.15987017231316,81.8772963415462
1062,2014-07-23 02:30:00,2014-07-23 05:00:00,2600.0,17359.66735966736,567.67951383336,83.2879990017946
1063,2014-07-23 03:00:00,2014-07-23 05:30:00,4483.0,17837.837837837837,297.89957255939856,83.95673294073278
1064,2014-07-23 03:30:00,2014-07-23 06:00:00,6956.0,14740.12474012474,111.90518602824527,84.18743825028035
1065,2014-07-23 04:00:00,2014-07-23 06:30:00,11788.0,15014.553014553016,27.37150504371408,84.18330075625745
1066,2014-07-23 04:30:00,2014-07-23 07:00:00,14098.0,16578.556578556578,17.595095606161,84.18286082403185
1067,2014-07-23 05:00:00,2014-07-23 07:30:00,17141.0,18960.49896049896,10.61489388308127,84.09523115985648
1068,2014-07-23 05:30:00,2014-07-23 08:00:00,19124.0,15377.685377685377,19.58959748125195,83.98078480258351
1069,2014-07-23 06:00:00,2014-07-23 08:30:00,20604.0,17068.607068607067,17.158769808740697,83.78510530026166
1070,2014-07-23 06:30:00,2014-07-23 09:00:00,20114.0,10864.270864270864,45.98652250039344,83.58908776155124
1071,2014-07-23 07:00:00,2014-07-23 09:30:00,19641.0,16002.376002376002,18.525655504424407,83.47017726267607
1072,2014-07-23 07:30:00,2014-07-23 10:00:00,18423.0,14918.918918918916,19.020143739244876,82.82857336479212
1073,2014-07-23 08:00:00,2014-07-23 10:30:00,18480.0,12889.81288981289,30.249930249930248,81.52284569425683
1074,2014-07-23 08:30:00,2014-07-23 11:00:00,18318.0,11787.941787941789,35.64831429227105,80.38108802448004
1075,2014-07-23 09:00:00,2014-07-23 11:30:00,19378.0,14521.82952182952,25.06022540081783,78.74832920586385
1076,2014-07-23 09:30:00,2014-07-23 12:00:00,19585.0,14331.25433125433,26.825354448535464,77.40202231547623
1077,2014-07-23 10:00:00,2014-07-23 12:30:00,19614.0,17671.51767151767,9.903550160509477,75.86750685575383
1078,2014-07-23 10:30:00,2014-07-23 13:00:00,19295.0,18170.47817047817,5.828047833748791,75.77553109000505
1079,2014-07-23 11:00:00,2014-07-23 13:30:00,19850.0,13109.59310959311,33.95670977534957,75.13359161238282
1080,2014-07-23 11:30:00,2014-07-23 14:00:00,20120.0,14142.411642411642,29.70968368582683,74.99307470871076
1081,2014-07-23 12:00:00,2014-07-23 14:30:00,19621.0,18946.63894663895,3.436935188629793,74.90634828704133
1082,2014-07-23 12:30:00,2014-07-23 15:00:00,18809.0,14511.43451143451,22.848452807514963,74.96112651362762
1083,2014-07-23 13:00:00,2014-07-23 15:30:00,17731.0,18516.978516978517,4.432792944439216,74.9439713569975
1084,2014-07-23 13:30:00,2014-07-23 16:00:00,15483.0,18586.278586278586,20.043134962724185,74.8657744865988
1085,2014-07-23 14:00:00,2014-07-23 16:30:00,15112.0,15114.345114345115,0.015518226211717707,74.78408100991346
1086,2014-07-23 14:30:00,2014-07-23 17:00:00,18183.0,12948.024948024948,28.790491403921532,74.78129482014464
1087,2014-07-23 15:00:00,2014-07-23 17:30:00,21187.0,11268.191268191267,46.815541283847324,74.84084124365867
1088,2014-07-23 15:30:00,2014-07-23 18:00:00,24034.0,11247.401247401247,53.202125125234055,74.96981867498732
1089,2014-07-23 16:00:00,2014-07-23 18:30:00,25411.0,12557.172557172558,50.58371352102413,75.05305565917371
1090,2014-07-23 16:30:00,2014-07-23 19:00:00,26528.0,13976.833976833977,47.31289966513127,75.14098072238839
1091,2014-07-23 17:00:00,2014-07-23 19:30:00,26022.0,20000.0,23.141956805779724,75.16007691274373
1092,2014-07-23 17:30:00,2014-07-23 20:00:00,23253.0,14698.5446985447,36.78860921797317,75.22295508627354
1093,2014-07-23 18:00:00,2014-07-23 20:30:00,25665.0,14469.85446985447,43.62028260333345,75.29265201529363
1094,2014-07-23 18:30:00,2014-07-23 21:00:00,26600.0,17359.66735966736,34.73809263282947,75.37503882237127
1095,2014-07-23 19:00:00,2014-07-23 21:30:00,24757.0,15762.034223572684,36.33302006069926,75.46442981585581
1096,2014-07-23 19:30:00,2014-07-23 22:00:00,24337.0,14740.12474012474,39.4332713969481,75.49125596798021
1097,2014-07-23 20:00:00,2014-07-23 22:30:00,24294.0,15649.21564921565,35.58403042226208,75.5371622276206
1098,2014-07-23 20:30:00,2014-07-23 23:00:00,22087.0,14022.869022869023,36.51075735559821,75.57982726389723
1099,2014-07-23 21:00:00,2014-07-23 23:30:00,19064.0,19376.299376299376,1.638162905473015,75.53232566524551
1100,2014-07-23 21:30:00,2014-07-24 00:00:00,15542.0,15377.685377685377,1.05722958637642,75.51061454669329
1101,2014-07-23 22:00:00,2014-07-24 00:30:00,12026.0,16655.116655116653,38.492571554271194,75.59667091008268
1102,2014-07-23 22:30:00,2014-07-24 01:00:00,8678.0,12021.829521829522,38.532259988816804,75.6841087512988
1103,2014-07-23 23:00:00,2014-07-24 01:30:00,7042.0,14726.264726264728,109.12048745050735,75.91574573668927
1104,2014-07-23 23:30:00,2014-07-24 02:00:00,5355.0,15392.93139293139,187.44969921440503,76.33191118687951
1105,2014-07-24 00:00:00,2014-07-24 02:30:00,4129.0,15051.975051975052,264.54286878118313,76.88269161898467
1106,2014-07-24 00:30:00,2014-07-24 03:00:00,3109.0,17978.170478170476,478.2621575481015,77.93284428303113
1107,2014-07-24 01:00:00,2014-07-24 03:30:00,2534.0,15855.855855855856,525.72438263046,79.1263965880731
1108,2014-07-24 01:30:00,2014-07-24 04:00:00,2788.0,15671.055671055672,462.08951474374726,80.20724059159237
1109,2014-07-24 02:00:00,2014-07-24 04:30:00,2507.0,18053.298053298055,620.1155984562447,81.63289177326855
1110,2014-07-24 02:30:00,2014-07-24 05:00:00,2671.0,16457.38045738046,516.1505225526191,82.8134614674901
1111,2014-07-24 03:00:00,2014-07-24 05:30:00,4445.0,20498.9604989605,361.16896510597303,83.63060326435767
1112,2014-07-24 03:30:00,2014-07-24 06:00:00,7163.0,15513.975513975514,116.58488781202729,83.8086309110231
1113,2014-07-24 04:00:00,2014-07-24 06:30:00,11942.0,15413.721413721414,29.071524147725793,83.79201419244171
1114,2014-07-24 04:30:00,2014-07-24 07:00:00,14544.0,19757.449757449758,35.84605168763585,83.80176070566502
1115,2014-07-24 05:00:00,2014-07-24 07:30:00,17435.0,17704.781704781704,1.5473570678617972,83.77714041010933
1116,2014-07-24 05:30:00,2014-07-24 08:00:00,19254.0,17513.513513513513,9.03960988099349,83.7702882983992
1117,2014-07-24 06:00:00,2014-07-24 08:30:00,20518.0,8662.508662508662,57.780930585297476,83.81340217511972
1118,2014-07-24 06:30:00,2014-07-24 09:00:00,20003.0,13471.933471933473,32.65043507507138,83.71725586708718
1119,2014-07-24 07:00:00,2014-07-24 09:30:00,19642.0,12814.968814968815,34.757311806492126,83.41108673478668
1120,2014-07-24 07:30:00,2014-07-24 10:00:00,17626.0,18004.158004158005,2.145455600578722,82.91958847316444
1121,2014-07-24 08:00:00,2014-07-24 10:30:00,18194.0,15495.495495495496,14.831837443687503,82.09700591708972
1122,2014-07-24 08:30:00,2014-07-24 11:00:00,16975.0,16382.536382536382,3.4902127685632873,80.95993500021115
1123,2014-07-24 09:00:00,2014-07-24 11:30:00,18125.0,14225.571725571725,21.514087031328415,79.60638599937691
1124,2014-07-24 09:30:00,2014-07-24 12:00:00,18555.0,17380.45738045738,6.3300599274730205,78.16139957922908
1125,2014-07-24 10:00:00,2014-07-24 12:30:00,18356.0,16814.968814968815,8.395245069901856,76.88682120334062
1126,2014-07-24 10:30:00,2014-07-24 13:00:00,17683.0,18619.54261954262,5.296288070704173,75.53687004483876
1127,2014-07-24 11:00:00,2014-07-24 13:30:00,18298.0,14805.959805959807,19.084272565527343,75.00705911688421
1128,2014-07-24 11:30:00,2014-07-24 14:00:00,18613.0,12874.692874692875,30.829566030769488,75.00807898903962
1129,2014-07-24 12:00:00,2014-07-24 14:30:00,18548.0,19076.923076923074,2.851644796867988,74.87937618172253
1130,2014-07-24 12:30:00,2014-07-24 15:00:00,17742.0,14503.118503118505,18.255447508068396,74.92233901652247
1131,2014-07-24 13:00:00,2014-07-24 15:30:00,16312.0,16174.636174636176,0.8421029019361433,74.89790039175541
1132,2014-07-24 13:30:00,2014-07-24 16:00:00,14782.0,15791.17579117579,6.8270585250696145,74.84276334164184
1133,2014-07-24 14:00:00,2014-07-24 16:30:00,13614.0,11168.399168399168,17.96386684002374,74.82489528433695
1134,2014-07-24 14:30:00,2014-07-24 17:00:00,16220.0,12838.99283899284,20.844680400783975,74.71210825559224
1135,2014-07-24 15:00:00,2014-07-24 17:30:00,18901.0,13170.47817047817,30.318617160583194,74.71067804559303
1136,2014-07-24 15:30:00,2014-07-24 18:00:00,21794.0,16085.536085536083,26.192823320473146,74.7066752029344
1137,2014-07-24 16:00:00,2014-07-24 18:30:00,23933.0,15051.975051975052,37.10786340210148,74.72289057664611
1138,2014-07-24 16:30:00,2014-07-24 19:00:00,25474.0,17978.170478170476,29.425412270666264,74.72478908142173
1139,2014-07-24 17:00:00,2014-07-24 19:30:00,24985.0,15855.855855855856,36.53849967638241,74.77471697201536
1140,2014-07-24 17:30:00,2014-07-24 20:00:00,22877.0,15850.311850311851,30.715076931801146,74.79456499319568
1141,2014-07-24 18:00:00,2014-07-24 20:30:00,22518.0,18831.13883113883,16.372951278360294,74.77924076703844
1142,2014-07-24 18:30:00,2014-07-24 21:00:00,25246.0,16457.38045738046,34.81192879117302,74.85432426218455
1143,2014-07-24 19:00:00,2014-07-24 21:30:00,25871.0,20498.9604989605,20.76471532232809,74.88692698256584
1144,2014-07-24 19:30:00,2014-07-24 22:00:00,25324.0,15513.975513975514,38.73805278006826,74.96469435671897
1145,2014-07-24 20:00:00,2014-07-24 22:30:00,25738.0,15781.935781935783,38.68235378842263,75.04904362169454
1146,2014-07-24 20:30:00,2014-07-24 23:00:00,24763.0,16453.816453816453,33.55483401115998,75.12502216708015
1147,2014-07-24 21:00:00,2014-07-24 23:30:00,23158.0,17704.781704781704,23.54788105716511,75.17082324437898
1148,2014-07-24 21:30:00,2014-07-25 00:00:00,20525.0,17505.197505197506,14.71280143630935,75.1743735759996
1149,2014-07-24 22:00:00,2014-07-25 00:30:00,17608.0,8662.508662508662,50.80356279811073,75.2898556452535
1150,2014-07-24 22:30:00,2014-07-25 01:00:00,14436.0,11860.706860706861,17.839381679780676,75.28334065780905
1151,2014-07-24 23:00:00,2014-07-25 01:30:00,11145.0,15325.215325215324,37.507539930150955,75.29751309595619
1152,2014-07-24 23:30:00,2014-07-25 02:00:00,8915.0,17297.297297297297,94.02464719346379,75.44975482728138
1153,2014-07-25 00:00:00,2014-07-25 02:30:00,7244.0,18690.22869022869,158.00978313402388,75.74907755888374
1154,2014-07-25 00:30:00,2014-07-25 03:00:00,5856.0,14601.524601524601,149.34297475281082,76.00271119849192
1155,2014-07-25 01:00:00,2014-07-25 03:30:00,4953.0,17189.18918918919,247.04601633735496,76.52435797893916
1156,2014-07-25 01:30:00,2014-07-25 04:00:00,4546.0,16621.62162162162,265.6317998596925,77.12208513609268
1157,2014-07-25 02:00:00,2014-07-25 04:30:00,3589.0,13881.793881793881,286.78723549161,77.76137532832232
1158,2014-07-25 02:30:00,2014-07-25 05:00:00,3516.0,10000.0,184.4141069397042,78.13751537172735
1159,2014-07-25 03:00:00,2014-07-25 05:30:00,5087.0,15774.428274428274,210.09294819005845,78.58368884328252
1160,2014-07-25 03:30:00,2014-07-25 06:00:00,7102.0,17137.907137907136,141.3109988440881,78.71309414269591
1161,2014-07-25 04:00:00,2014-07-25 06:30:00,10887.0,17120.58212058212,57.25711509674032,78.81125626323062
1162,2014-07-25 04:30:00,2014-07-25 07:00:00,12988.0,12788.17278817279,1.5385526010718409,78.73175972144136
1163,2014-07-25 05:00:00,2014-07-25 07:30:00,15831.0,15675.675675675675,0.9811403216747209,78.67294057544441
1164,2014-07-25 05:30:00,2014-07-25 08:00:00,17326.0,11907.484407484408,31.27389814449724,78.72986713154181
1165,2014-07-25 06:00:00,2014-07-25 08:30:00,19179.0,13965.696465696465,27.18235327339035,78.7317260154949
1166,2014-07-25 06:30:00,2014-07-25 09:00:00,18805.0,14542.619542619543,22.666208228558666,78.70817224019815
1167,2014-07-25 07:00:00,2014-07-25 09:30:00,17730.0,14781.704781704782,16.62885063900292,78.5776655282722
1168,2014-07-25 07:30:00,2014-07-25 10:00:00,16439.0,16715.176715176713,1.680009216964004,78.31003810641025
1169,2014-07-25 08:00:00,2014-07-25 10:30:00,16401.0,14151.07415107415,13.718223577378513,77.72068377299088
1170,2014-07-25 08:30:00,2014-07-25 11:00:00,16240.0,14604.989604989605,10.06779799883248,76.87250781656851
1171,2014-07-25 09:00:00,2014-07-25 11:30:00,17487.0,15717.255717255717,10.1203424414953,75.62445774048498
1172,2014-07-25 09:30:00,2014-07-25 12:00:00,17622.0,16525.096525096527,6.224625325748908,74.73983816141852
1173,2014-07-25 10:00:00,2014-07-25 12:30:00,17313.0,15904.365904365904,8.136279649015743,73.8693669089183
1174,2014-07-25 10:30:00,2014-07-25 13:00:00,16647.0,13246.213246213245,20.428826538035413,72.93902451212048
1175,2014-07-25 11:00:00,2014-07-25 13:30:00,16627.0,17380.45738045738,4.531529322531912,72.4511039257289
1176,2014-07-25 11:30:00,2014-07-25 14:00:00,17646.0,17993.762993762994,1.9707752111696337,72.11019796282018
1177,2014-07-25 12:00:00,2014-07-25 14:30:00,17694.0,19653.499653499654,11.07437353622501,72.07136187695558
1178,2014-07-25 12:30:00,2014-07-25 15:00:00,17661.0,12954.492954492955,26.6491537597364,72.06923681243799
1179,2014-07-25 13:00:00,2014-07-25 15:30:00,15842.0,10210.21021021021,35.54973986737652,72.13391328697203
1180,2014-07-25 13:30:00,2014-07-25 16:00:00,14950.0,9890.10989010989,33.84541879525157,72.1585548424362
1181,2014-07-25 14:00:00,2014-07-25 16:30:00,13473.0,12954.492954492955,3.8484899095008194,72.08049994198544
1182,2014-07-25 14:30:00,2014-07-25 17:00:00,16633.0,12619.542619542619,24.129485844149468,72.09546251648004
1183,2014-07-25 15:00:00,2014-07-25 17:30:00,19501.0,14185.724185724184,27.25642692311069,72.10547629116378
1184,2014-07-25 15:30:00,2014-07-25 18:00:00,22009.0,17588.35758835759,20.085612302432686,72.15231856475465
1185,2014-07-25 16:00:00,2014-07-25 18:30:00,23891.0,15800.4158004158,33.86456908285212,72.21588869785728
1186,2014-07-25 16:30:00,2014-07-25 19:00:00,25196.0,15893.970893970894,36.91867401980118,72.3058811315676
1187,2014-07-25 17:00:00,2014-07-25 19:30:00,24427.0,15430.815430815432,36.8288556481949,72.35492771430376
1188,2014-07-25 17:30:00,2014-07-25 20:00:00,22357.0,16621.62162162162,25.65361353660321,72.39495189940855
1189,2014-07-25 18:00:00,2014-07-25 20:30:00,22460.0,13929.313929313928,37.98168330670557,72.48433556595317
1190,2014-07-25 18:30:00,2014-07-25 21:00:00,24066.0,16507.276507276507,31.408308371659157,72.5572642369013
1191,2014-07-25 19:00:00,2014-07-25 21:30:00,23690.0,16724.416724416726,29.403053083931088,72.56727710555327
1192,2014-07-25 19:30:00,2014-07-25 22:00:00,24491.0,17137.907137907136,30.023653023938852,72.60896690657937
1193,2014-07-25 20:00:00,2014-07-25 22:30:00,25737.0,17120.58212058212,33.47871888494339,72.67293123850496
1194,2014-07-25 20:30:00,2014-07-25 23:00:00,26688.0,12326.172326172327,53.81380273466604,72.79378273422131
1195,2014-07-25 21:00:00,2014-07-25 23:30:00,26230.0,12283.437283437284,53.170273414268834,72.91480849513827
